TRANSACTION_ID,TRANSACTION_DATE,COMPANY_CODE,DEPARTMENT,COST_CENTRE,GL_ACCOUNT,DESCRIPTION,DEBIT_AMOUNT,CREDIT_AMOUNT,CURRENCY,SOURCE_SYSTEM,TARGET_SYSTEM,STATUS,ERROR_TYPE,PERIOD
TXN-00001,2024-05-05,CORP-US,Operations,CC006,5001-Revenue,Journal entry 1 - Payroll posting,5655.42,37103.37,GBP,MS-SQL-SERVER,ORACLE-GL,PENDING,,2024-05
TXN-00002,2024-04-29,CORP-UK,Sales,CC002,8001-Tax,Journal entry 2 - Payroll posting,1685.96,4775.39,NGN,MS-SQL-SERVER,ORACLE-GL,ERROR,CURRENCY_MISMATCH,2024-04
TXN-00003,2024-05-22,CORP-UK,Operations,CC006,6003-Utilities,Journal entry 3 - Revenue recognition,22515.53,22515.53,EUR,MS-SQL-SERVER,ORACLE-GL,VALID,,2024-05
TXN-00004,2024-06-21,CORP-UK,Finance,CC004,5001-Revenue,Journal entry 4 - Revenue recognition,10844.16,10844.16,EUR,MS-SQL-SERVER,ORACLE-GL,VALID,,2024-06
TXN-00005,2024-10-01,CORP-UK,IT,,5001-Revenue,Journal entry 5 - Payroll posting,40375.7,36513.62,EUR,MS-SQL-SERVER,ORACLE-GL,ERROR,MISSING_COST_CENTRE,2024-10
TXN-00006,2024-10-22,CORP-US,Procurement,CC001,5001-Revenue,Journal entry 6 - Expense claim,30964.14,43099.17,EUR,MS-SQL-SERVER,ORACLE-GL,PENDING,,2024-10
TXN-00007,2024-02-21,CORP-ZA,HR,CC004,8001-Tax,Journal entry 7 - Revenue recognition,42780.35,42780.35,USD,MS-SQL-SERVER,ORACLE-GL,VALID,,2024-02
TXN-00008,2024-12-09,CORP-NG,Procurement,CC006,8001-Tax,Journal entry 8 - Monthly accrual,17828.01,17828.01,USD,MS-SQL-SERVER,ORACLE-GL,VALID,,2024-12
TXN-00009,2024-11-23,CORP-US,Procurement,CC003,5001-Revenue,Journal entry 9 - Expense claim,8253.78,19034.83,GBP,MS-SQL-SERVER,ORACLE-GL,ERROR,,2024-11
TXN-00010,2024-02-03,CORP-US,Sales,CC006,6002-Travel,Journal entry 10 - Expense claim,20118.12,20118.12,NGN,MS-SQL-SERVER,ORACLE-GL,VALID,,2024-02
TXN-00011,2024-11-25,CORP-ZA,Operations,CC003,6001-Salaries,Journal entry 11 - Expense claim,44245.69,44245.69,EUR,MS-SQL-SERVER,ORACLE-GL,VALID,,2024-11
TXN-00012,2024-07-23,CORP-NG,Operations,CC002,7001-Depreciation,Journal entry 12 - Asset write-off,29270.84,44901.36,GBP,MS-SQL-SERVER,ORACLE-GL,PENDING,,2024-07
TXN-00013,2024-03-19,CORP-US,Procurement,CC004,7001-Depreciation,Journal entry 13 - Monthly accrual,43069.04,43069.04,NGN,MS-SQL-SERVER,ORACLE-GL,VALID,,2024-03
TXN-00014,2024-08-27,CORP-NG,Sales,CC001,8001-Tax,Journal entry 14 - Monthly accrual,29834.83,29834.83,EUR,MS-SQL-SERVER,ORACLE-GL,VALID,,2024-08
TXN-00015,2024-03-21,CORP-ZA,Finance,CC006,8001-Tax,Journal entry 15 - Revenue recognition,17074.76,14745.66,USD,MS-SQL-SERVER,ORACLE-GL,PENDING,,2024-03
TXN-00016,2024-11-23,CORP-US,Operations,CC003,6001-Salaries,Journal entry 16 - Payroll posting,43538.88,14992.4,GBP,MS-SQL-SERVER,ORACLE-GL,ERROR,,2024-11
TXN-00017,2024-07-04,CORP-NG,Operations,CC001,XXXX-UNKNOWN,Journal entry 17 - Expense claim,24481.42,5682.2,GBP,MS-SQL-SERVER,ORACLE-GL,ERROR,INVALID_ACCOUNT,2024-07
TXN-00018,2024-02-05,CORP-US,Operations,CC006,6003-Utilities,Journal entry 18 - Payroll posting,36622.19,36622.19,USD,MS-SQL-SERVER,ORACLE-GL,VALID,,2024-02
TXN-00019,2024-11-06,CORP-ZA,Operations,CC005,8001-Tax,Journal entry 19 - Expense claim,26430.92,26430.92,EUR,MS-SQL-SERVER,ORACLE-GL,VALID,,2024-11
TXN-00020,2024-11-28,CORP-NG,IT,CC005,6003-Utilities,Journal entry 20 - Monthly accrual,49757.95,49757.95,USD,MS-SQL-SERVER,ORACLE-GL,VALID,,2024-11
TXN-00021,2024-01-11,CORP-US,Sales,CC002,5001-Revenue,Journal entry 21 - Monthly accrual,3294.89,3294.89,GBP,MS-SQL-SERVER,ORACLE-GL,VALID,,2024-01
TXN-00022,2024-01-17,CORP-NG,Finance,CC005,6001-Salaries,Journal entry 22 - Revenue recognition,3463.28,3463.28,NGN,MS-SQL-SERVER,ORACLE-GL,VALID,,2024-01
TXN-00023,2024-10-19,CORP-ZA,Operations,CC004,6003-Utilities,Journal entry 23 - Expense claim,27007.77,27007.77,GBP,MS-SQL-SERVER,ORACLE-GL,VALID,,2024-10
TXN-00024,2024-06-30,CORP-ZA,IT,CC004,8001-Tax,Journal entry 24 - Monthly accrual,32983.24,32983.24,GBP,MS-SQL-SERVER,ORACLE-GL,VALID,,2024-06
TXN-00025,2024-06-22,CORP-UK,Operations,CC002,6001-Salaries,Journal entry 25 - Payroll posting,20190.8,20190.8,NGN,MS-SQL-SERVER,ORACLE-GL,VALID,,2024-06
TXN-00026,2024-05-22,CORP-ZA,Operations,CC001,6003-Utilities,Journal entry 26 - Payroll posting,21151.89,21151.89,GBP,MS-SQL-SERVER,ORACLE-GL,VALID,,2024-05
TXN-00027,2024-10-03,CORP-UK,Finance,CC002,6001-Salaries,Journal entry 27 - Asset write-off,32642.03,32642.03,NGN,MS-SQL-SERVER,ORACLE-GL,VALID,,2024-10
TXN-00028,2024-07-24,CORP-UK,Operations,CC004,5001-Revenue,Journal entry 28 - Asset write-off,10765.99,10765.99,EUR,MS-SQL-SERVER,ORACLE-GL,VALID,,2024-07
TXN-00029,2024-12-22,CORP-ZA,Operations,CC002,6002-Travel,Journal entry 29 - Expense claim,14333.94,14333.94,GBP,MS-SQL-SERVER,ORACLE-GL,VALID,,2024-12
TXN-00030,2024-10-26,CORP-ZA,Sales,CC005,6001-Salaries,Journal entry 30 - Monthly accrual,37423.98,2952.55,GBP,MS-SQL-SERVER,ORACLE-GL,ERROR,,2024-10
TXN-00031,2024-02-04,CORP-US,IT,CC001,7001-Depreciation,Journal entry 31 - Expense claim,3519.21,3519.21,GBP,MS-SQL-SERVER,ORACLE-GL,VALID,,2024-02
TXN-00032,2024-09-24,CORP-NG,HR,CC002,8001-Tax,Journal entry 32 - Revenue recognition,21019.32,29225.25,USD,MS-SQL-SERVER,ORACLE-GL,ERROR,,2024-09
TXN-00033,2024-12-09,CORP-NG,IT,CC003,5001-Revenue,Journal entry 33 - Monthly accrual,19849.71,19849.71,NGN,MS-SQL-SERVER,ORACLE-GL,VALID,,2024-12
TXN-00034,2024-05-15,CORP-US,HR,CC001,6001-Salaries,Journal entry 34 - Revenue recognition,3755.71,10736.4,EUR,MS-SQL-SERVER,ORACLE-GL,ERROR,,2024-05
TXN-00035,2024-10-05,CORP-NG,Sales,CC006,7001-Depreciation,Journal entry 35 - Monthly accrual,21965.41,21965.41,EUR,MS-SQL-SERVER,ORACLE-GL,VALID,,2024-10
TXN-00036,2024-05-15,CORP-UK,Finance,CC006,7001-Depreciation,Journal entry 36 - Expense claim,5268.97,43918.54,EUR,MS-SQL-SERVER,ORACLE-GL,PENDING,,2024-05
TXN-00037,2024-06-24,CORP-US,Procurement,CC006,6002-Travel,Journal entry 37 - Payroll posting,30281.01,30281.01,NGN,MS-SQL-SERVER,ORACLE-GL,VALID,,2024-06
TXN-00038,2024-01-27,CORP-UK,Procurement,CC004,6002-Travel,Journal entry 38 - Monthly accrual,45276.29,45276.29,GBP,MS-SQL-SERVER,ORACLE-GL,VALID,,2024-01
TXN-00039,2024-11-22,CORP-NG,Operations,CC006,6003-Utilities,Journal entry 39 - Payroll posting,38578.85,38578.85,NGN,MS-SQL-SERVER,ORACLE-GL,VALID,,2024-11
TXN-00040,2024-12-19,CORP-US,Sales,CC001,6002-Travel,Journal entry 40 - Payroll posting,5682.51,47258.04,USD,MS-SQL-SERVER,ORACLE-GL,ERROR,,2024-12
TXN-00041,2024-06-06,CORP-NG,Finance,CC003,6001-Salaries,Journal entry 41 - Expense claim,6459.53,6459.53,GBP,MS-SQL-SERVER,ORACLE-GL,VALID,,2024-06
TXN-00042,2024-07-27,CORP-US,Operations,CC002,6001-Salaries,Journal entry 42 - Asset write-off,39027.8,39027.8,GBP,MS-SQL-SERVER,ORACLE-GL,VALID,,2024-07
TXN-00043,2024-06-19,CORP-ZA,Procurement,CC006,6001-Salaries,Journal entry 43 - Revenue recognition,36854.57,36854.57,USD,MS-SQL-SERVER,ORACLE-GL,VALID,,2024-06
TXN-00044,2024-08-28,CORP-US,Operations,CC004,6002-Travel,Journal entry 44 - Revenue recognition,5493.97,43621.12,USD,MS-SQL-SERVER,ORACLE-GL,PENDING,,2024-08
TXN-00045,2024-04-08,CORP-ZA,HR,CC003,5001-Revenue,Journal entry 45 - Revenue recognition,1280.86,1280.86,EUR,MS-SQL-SERVER,ORACLE-GL,VALID,,2024-04
TXN-00046,2024-10-01,CORP-NG,Finance,CC001,6002-Travel,Journal entry 46 - Expense claim,25519.34,34007.95,EUR,MS-SQL-SERVER,ORACLE-GL,PENDING,,2024-10
TXN-00047,2024-08-10,CORP-NG,Procurement,CC003,6003-Utilities,Journal entry 47 - Payroll posting,5509.29,5509.29,GBP,MS-SQL-SERVER,ORACLE-GL,VALID,,2024-08
TXN-00048,2024-04-07,CORP-NG,Finance,CC006,6003-Utilities,Journal entry 48 - Monthly accrual,44985.29,44985.29,USD,MS-SQL-SERVER,ORACLE-GL,VALID,,2024-04
TXN-00049,2024-12-06,CORP-NG,Sales,CC003,8001-Tax,Journal entry 49 - Monthly accrual,21621.74,21621.74,EUR,MS-SQL-SERVER,ORACLE-GL,VALID,,2024-12
TXN-00050,2024-12-22,CORP-NG,Sales,,6001-Salaries,Journal entry 50 - Expense claim,33377.96,16376.53,NGN,MS-SQL-SERVER,ORACLE-GL,ERROR,MISSING_COST_CENTRE,2024-12
TXN-00051,2024-03-30,CORP-NG,IT,CC005,5001-Revenue,Journal entry 51 - Revenue recognition,47024.15,33898.17,EUR,MS-SQL-SERVER,ORACLE-GL,PENDING,,2024-03
TXN-00052,2024-10-23,CORP-NG,IT,CC004,6003-Utilities,Journal entry 52 - Expense claim,21551.42,21551.42,NGN,MS-SQL-SERVER,ORACLE-GL,VALID,,2024-10
TXN-00053,2024-09-20,CORP-NG,Finance,CC002,8001-Tax,Journal entry 53 - Revenue recognition,8567.6,4331.3,USD,MS-SQL-SERVER,ORACLE-GL,PENDING,,2024-09
TXN-00054,2024-01-24,CORP-US,IT,CC005,5001-Revenue,Journal entry 54 - Asset write-off,7452.96,7452.96,NGN,MS-SQL-SERVER,ORACLE-GL,VALID,,2024-01
TXN-00055,2024-07-15,CORP-ZA,IT,CC002,6001-Salaries,Journal entry 55 - Monthly accrual,28825.98,35945.46,GBP,MS-SQL-SERVER,ORACLE-GL,PENDING,,2024-07
TXN-00056,2024-12-22,CORP-ZA,Finance,CC005,6001-Salaries,Journal entry 56 - Monthly accrual,11020.17,11020.17,NGN,MS-SQL-SERVER,ORACLE-GL,VALID,,2024-12
TXN-00057,2024-12-07,CORP-NG,IT,CC005,8001-Tax,Journal entry 57 - Payroll posting,40090.69,40090.69,NGN,MS-SQL-SERVER,ORACLE-GL,VALID,,2024-12
TXN-00058,2024-08-31,CORP-ZA,HR,CC002,8001-Tax,Journal entry 58 - Revenue recognition,44870.68,37208.41,NGN,MS-SQL-SERVER,ORACLE-GL,ERROR,DUPLICATE_ENTRY,2024-08
TXN-00059,2024-05-26,CORP-US,HR,CC003,6002-Travel,Journal entry 59 - Payroll posting,12038.37,22049.64,GBP,MS-SQL-SERVER,ORACLE-GL,PENDING,,2024-05
TXN-00060,2024-07-15,CORP-US,Procurement,CC002,5001-Revenue,Journal entry 60 - Asset write-off,7626.45,7626.45,NGN,MS-SQL-SERVER,ORACLE-GL,VALID,,2024-07
TXN-00061,2024-07-31,CORP-UK,Operations,CC004,6003-Utilities,Journal entry 61 - Payroll posting,27176.3,27176.3,GBP,MS-SQL-SERVER,ORACLE-GL,VALID,,2024-07
TXN-00062,2024-06-01,CORP-ZA,IT,CC005,8001-Tax,Journal entry 62 - Payroll posting,23901.29,47142.81,USD,MS-SQL-SERVER,ORACLE-GL,ERROR,CURRENCY_MISMATCH,2024-06
TXN-00063,2024-08-11,CORP-ZA,Finance,CC004,6002-Travel,Journal entry 63 - Asset write-off,11049.14,11049.14,USD,MS-SQL-SERVER,ORACLE-GL,VALID,,2024-08
TXN-00064,2024-11-14,CORP-UK,IT,CC005,7001-Depreciation,Journal entry 64 - Monthly accrual,45985.13,45985.13,GBP,MS-SQL-SERVER,ORACLE-GL,VALID,,2024-11
TXN-00065,2024-04-03,CORP-UK,HR,CC004,6002-Travel,Journal entry 65 - Expense claim,21487.78,43355.88,NGN,MS-SQL-SERVER,ORACLE-GL,PENDING,,2024-04
TXN-00066,2024-07-13,CORP-NG,IT,CC003,5001-Revenue,Journal entry 66 - Asset write-off,16941.28,16941.28,GBP,MS-SQL-SERVER,ORACLE-GL,VALID,,2024-07
TXN-00067,2024-06-28,CORP-US,Procurement,CC001,8001-Tax,Journal entry 67 - Monthly accrual,27017.01,49995.4,GBP,MS-SQL-SERVER,ORACLE-GL,PENDING,,2024-06
TXN-00068,2024-01-11,CORP-US,Operations,CC002,6003-Utilities,Journal entry 68 - Monthly accrual,10048.1,10048.1,USD,MS-SQL-SERVER,ORACLE-GL,VALID,,2024-01
TXN-00069,2024-07-07,CORP-US,Sales,CC005,8001-Tax,Journal entry 69 - Monthly accrual,35003.3,35003.3,USD,MS-SQL-SERVER,ORACLE-GL,VALID,,2024-07
TXN-00070,2024-01-14,CORP-NG,Sales,CC006,6003-Utilities,Journal entry 70 - Asset write-off,5494.13,5494.13,USD,MS-SQL-SERVER,ORACLE-GL,VALID,,2024-01
TXN-00071,2024-11-17,CORP-US,Finance,CC006,6002-Travel,Journal entry 71 - Payroll posting,29645.68,29645.68,GBP,MS-SQL-SERVER,ORACLE-GL,VALID,,2024-11
TXN-00072,2024-07-08,CORP-UK,Sales,CC006,6002-Travel,Journal entry 72 - Monthly accrual,17425.47,21476.06,NGN,MS-SQL-SERVER,ORACLE-GL,ERROR,,2024-07
TXN-00073,2024-07-04,CORP-ZA,Procurement,CC002,6003-Utilities,Journal entry 73 - Expense claim,5366.39,5366.39,EUR,MS-SQL-SERVER,ORACLE-GL,VALID,,2024-07
TXN-00074,2024-10-30,CORP-NG,HR,CC002,5001-Revenue,Journal entry 74 - Revenue recognition,23297.2,41304.16,NGN,MS-SQL-SERVER,ORACLE-GL,ERROR,DUPLICATE_ENTRY,2024-10
TXN-00075,2024-10-18,CORP-ZA,HR,CC001,6003-Utilities,Journal entry 75 - Revenue recognition,37548.77,37548.77,USD,MS-SQL-SERVER,ORACLE-GL,VALID,,2024-10
TXN-00076,2024-05-12,CORP-NG,HR,CC005,8001-Tax,Journal entry 76 - Revenue recognition,10684.78,10684.78,GBP,MS-SQL-SERVER,ORACLE-GL,VALID,,2024-05
TXN-00077,2024-09-07,CORP-US,Procurement,CC004,8001-Tax,Journal entry 77 - Asset write-off,4372.09,36031.73,NGN,MS-SQL-SERVER,ORACLE-GL,ERROR,,2024-09
TXN-00078,2024-04-23,CORP-ZA,Procurement,CC002,6002-Travel,Journal entry 78 - Payroll posting,4743.36,4743.36,EUR,MS-SQL-SERVER,ORACLE-GL,VALID,,2024-04
TXN-00079,2024-06-25,CORP-ZA,Procurement,CC005,6002-Travel,Journal entry 79 - Revenue recognition,27718.3,27718.3,NGN,MS-SQL-SERVER,ORACLE-GL,VALID,,2024-06
TXN-00080,2024-04-28,CORP-UK,Procurement,CC002,6002-Travel,Journal entry 80 - Monthly accrual,15400.49,15400.49,USD,MS-SQL-SERVER,ORACLE-GL,VALID,,2024-04
TXN-00081,2024-09-04,CORP-NG,Procurement,CC005,7001-Depreciation,Journal entry 81 - Payroll posting,10897.59,10897.59,EUR,MS-SQL-SERVER,ORACLE-GL,VALID,,2024-09
TXN-00082,2024-05-31,CORP-US,HR,CC002,6002-Travel,Journal entry 82 - Monthly accrual,41648.16,41648.16,USD,MS-SQL-SERVER,ORACLE-GL,VALID,,2024-05
TXN-00083,2024-01-28,CORP-NG,Procurement,CC002,8001-Tax,Journal entry 83 - Asset write-off,2371.23,2371.23,GBP,MS-SQL-SERVER,ORACLE-GL,VALID,,2024-01
TXN-00084,2024-08-28,CORP-ZA,IT,CC003,6001-Salaries,Journal entry 84 - Monthly accrual,28745.8,28745.8,EUR,MS-SQL-SERVER,ORACLE-GL,VALID,,2024-08
TXN-00085,2024-02-03,CORP-ZA,IT,CC001,7001-Depreciation,Journal entry 85 - Monthly accrual,5792.95,5792.95,USD,MS-SQL-SERVER,ORACLE-GL,VALID,,2024-02
TXN-00086,2024-06-04,CORP-UK,Operations,CC001,7001-Depreciation,Journal entry 86 - Asset write-off,40575.99,40575.99,USD,MS-SQL-SERVER,ORACLE-GL,VALID,,2024-06
TXN-00087,2024-10-28,CORP-ZA,HR,CC005,7001-Depreciation,Journal entry 87 - Monthly accrual,22580.67,22191.78,GBP,MS-SQL-SERVER,ORACLE-GL,ERROR,CURRENCY_MISMATCH,2024-10
TXN-00088,2024-05-15,CORP-UK,Operations,CC002,6001-Salaries,Journal entry 88 - Payroll posting,31313.2,31313.2,GBP,MS-SQL-SERVER,ORACLE-GL,VALID,,2024-05
TXN-00089,2024-08-18,CORP-ZA,HR,CC001,6001-Salaries,Journal entry 89 - Revenue recognition,233.52,233.52,EUR,MS-SQL-SERVER,ORACLE-GL,VALID,,2024-08
TXN-00090,2024-04-29,CORP-NG,Procurement,CC005,8001-Tax,Journal entry 90 - Expense claim,42994.38,3651.87,NGN,MS-SQL-SERVER,ORACLE-GL,PENDING,,2024-04
TXN-00091,2024-11-27,CORP-US,HR,CC002,5001-Revenue,Journal entry 91 - Monthly accrual,27273.66,27273.66,USD,MS-SQL-SERVER,ORACLE-GL,VALID,,2024-11
TXN-00092,2024-10-18,CORP-NG,IT,CC001,6003-Utilities,Journal entry 92 - Revenue recognition,29792.7,29792.7,NGN,MS-SQL-SERVER,ORACLE-GL,VALID,,2024-10
TXN-00093,2024-09-09,CORP-ZA,Finance,CC005,5001-Revenue,Journal entry 93 - Asset write-off,25073.56,25073.56,EUR,MS-SQL-SERVER,ORACLE-GL,VALID,,2024-09
TXN-00094,2024-12-11,CORP-UK,Procurement,,6002-Travel,Journal entry 94 - Payroll posting,1390.66,11523.33,GBP,MS-SQL-SERVER,ORACLE-GL,ERROR,MISSING_COST_CENTRE,2024-12
TXN-00095,2024-11-29,CORP-ZA,HR,CC002,7001-Depreciation,Journal entry 95 - Asset write-off,23577.99,23577.99,NGN,MS-SQL-SERVER,ORACLE-GL,VALID,,2024-11
TXN-00096,2024-07-28,CORP-NG,HR,CC006,5001-Revenue,Journal entry 96 - Expense claim,23553.52,23553.52,EUR,MS-SQL-SERVER,ORACLE-GL,VALID,,2024-07
TXN-00097,2024-05-27,CORP-ZA,Sales,CC001,6003-Utilities,Journal entry 97 - Monthly accrual,34714.32,34714.32,EUR,MS-SQL-SERVER,ORACLE-GL,VALID,,2024-05
TXN-00098,2024-07-25,CORP-UK,Procurement,CC005,6003-Utilities,Journal entry 98 - Asset write-off,16231.36,16231.36,GBP,MS-SQL-SERVER,ORACLE-GL,VALID,,2024-07
TXN-00099,2024-11-14,CORP-ZA,Procurement,CC004,5001-Revenue,Journal entry 99 - Expense claim,25970.13,25970.13,EUR,MS-SQL-SERVER,ORACLE-GL,VALID,,2024-11
TXN-00100,2024-12-23,CORP-ZA,Finance,CC001,8001-Tax,Journal entry 100 - Payroll posting,46390.87,21961.99,USD,MS-SQL-SERVER,ORACLE-GL,ERROR,,2024-12
TXN-00101,2024-10-09,CORP-ZA,Finance,CC002,5001-Revenue,Journal entry 101 - Asset write-off,8003.07,27586.87,GBP,MS-SQL-SERVER,ORACLE-GL,PENDING,,2024-10
TXN-00102,2024-05-29,CORP-NG,IT,CC004,6003-Utilities,Journal entry 102 - Expense claim,41623.94,24968.94,NGN,MS-SQL-SERVER,ORACLE-GL,PENDING,,2024-05
TXN-00103,2024-09-17,CORP-US,Finance,CC003,6003-Utilities,Journal entry 103 - Revenue recognition,19240.94,46101.22,EUR,MS-SQL-SERVER,ORACLE-GL,ERROR,,2024-09
TXN-00104,2024-06-01,CORP-ZA,Operations,CC004,7001-Depreciation,Journal entry 104 - Asset write-off,14213.67,14213.67,EUR,MS-SQL-SERVER,ORACLE-GL,VALID,,2024-06
TXN-00105,2024-10-05,CORP-ZA,IT,CC003,6001-Salaries,Journal entry 105 - Expense claim,27640.68,27640.68,NGN,MS-SQL-SERVER,ORACLE-GL,VALID,,2024-10
TXN-00106,2024-07-29,CORP-UK,HR,CC006,6003-Utilities,Journal entry 106 - Asset write-off,42815.05,42815.05,NGN,MS-SQL-SERVER,ORACLE-GL,VALID,,2024-07
TXN-00107,2024-03-18,CORP-ZA,Finance,CC002,7001-Depreciation,Journal entry 107 - Payroll posting,39640.44,32635.75,EUR,MS-SQL-SERVER,ORACLE-GL,PENDING,,2024-03
TXN-00108,2024-08-13,CORP-UK,Sales,CC004,5001-Revenue,Journal entry 108 - Expense claim,43722.1,43722.1,NGN,MS-SQL-SERVER,ORACLE-GL,VALID,,2024-08
TXN-00109,2024-05-15,CORP-NG,Sales,CC006,6003-Utilities,Journal entry 109 - Monthly accrual,48500.84,3833.93,EUR,MS-SQL-SERVER,ORACLE-GL,PENDING,,2024-05
TXN-00110,2024-06-11,CORP-ZA,Sales,CC001,7001-Depreciation,Journal entry 110 - Monthly accrual,42981.17,19062.47,USD,MS-SQL-SERVER,ORACLE-GL,PENDING,,2024-06
TXN-00111,2024-04-26,CORP-UK,IT,CC001,8001-Tax,Journal entry 111 - Monthly accrual,34251.54,14440.21,NGN,MS-SQL-SERVER,ORACLE-GL,PENDING,,2024-04
TXN-00112,2024-01-15,CORP-UK,HR,CC001,6002-Travel,Journal entry 112 - Revenue recognition,34730.66,34730.66,EUR,MS-SQL-SERVER,ORACLE-GL,VALID,,2024-01
TXN-00113,2024-09-28,CORP-ZA,Sales,CC006,6001-Salaries,Journal entry 113 - Expense claim,7363.93,7363.93,USD,MS-SQL-SERVER,ORACLE-GL,VALID,,2024-09
TXN-00114,2024-07-14,CORP-US,IT,CC005,6001-Salaries,Journal entry 114 - Expense claim,30513.64,30513.64,NGN,MS-SQL-SERVER,ORACLE-GL,VALID,,2024-07
TXN-00115,2024-01-05,CORP-ZA,HR,CC006,7001-Depreciation,Journal entry 115 - Expense claim,12773.47,12840.8,GBP,MS-SQL-SERVER,ORACLE-GL,PENDING,,2024-01
TXN-00116,2024-10-27,CORP-NG,Procurement,CC004,8001-Tax,Journal entry 116 - Revenue recognition,47267.26,47267.26,NGN,MS-SQL-SERVER,ORACLE-GL,VALID,,2024-10
TXN-00117,2024-07-15,CORP-ZA,Finance,CC002,6003-Utilities,Journal entry 117 - Payroll posting,10040.93,10040.93,EUR,MS-SQL-SERVER,ORACLE-GL,VALID,,2024-07
TXN-00118,2024-12-03,CORP-ZA,HR,,5001-Revenue,Journal entry 118 - Payroll posting,49635.33,14832.01,GBP,MS-SQL-SERVER,ORACLE-GL,ERROR,MISSING_COST_CENTRE,2024-12
TXN-00119,2024-04-27,CORP-NG,Operations,CC006,6001-Salaries,Journal entry 119 - Payroll posting,41658.66,45156.45,EUR,MS-SQL-SERVER,ORACLE-GL,ERROR,DUPLICATE_ENTRY,2024-04
TXN-00120,2024-12-14,CORP-US,Procurement,CC001,8001-Tax,Journal entry 120 - Monthly accrual,37803.31,38396.79,EUR,MS-SQL-SERVER,ORACLE-GL,PENDING,,2024-12
TXN-00121,2024-07-05,CORP-US,Finance,CC003,6002-Travel,Journal entry 121 - Asset write-off,1764.89,1764.89,USD,MS-SQL-SERVER,ORACLE-GL,VALID,,2024-07
TXN-00122,2024-10-03,CORP-NG,Sales,CC005,6002-Travel,Journal entry 122 - Expense claim,6694.77,6694.77,EUR,MS-SQL-SERVER,ORACLE-GL,VALID,,2024-10
TXN-00123,2024-05-31,CORP-NG,Finance,CC004,5001-Revenue,Journal entry 123 - Expense claim,48372.47,48372.47,USD,MS-SQL-SERVER,ORACLE-GL,VALID,,2024-05
TXN-00124,2024-10-12,CORP-NG,Finance,CC004,5001-Revenue,Journal entry 124 - Revenue recognition,36238.41,48999.12,GBP,MS-SQL-SERVER,ORACLE-GL,PENDING,,2024-10
TXN-00125,2024-12-10,CORP-NG,Sales,CC004,8001-Tax,Journal entry 125 - Revenue recognition,18492.42,18492.42,GBP,MS-SQL-SERVER,ORACLE-GL,VALID,,2024-12
TXN-00126,2024-10-14,CORP-NG,Sales,CC002,8001-Tax,Journal entry 126 - Monthly accrual,11767.71,1348.73,NGN,MS-SQL-SERVER,ORACLE-GL,PENDING,,2024-10
TXN-00127,2024-03-12,CORP-UK,Finance,CC003,6003-Utilities,Journal entry 127 - Monthly accrual,15179.29,20473.96,GBP,MS-SQL-SERVER,ORACLE-GL,PENDING,,2024-03
TXN-00128,2024-03-10,CORP-ZA,IT,CC003,8001-Tax,Journal entry 128 - Payroll posting,44374.24,44374.24,NGN,MS-SQL-SERVER,ORACLE-GL,VALID,,2024-03
TXN-00129,2024-09-07,CORP-ZA,HR,CC001,8001-Tax,Journal entry 129 - Revenue recognition,44282.15,32780.6,USD,MS-SQL-SERVER,ORACLE-GL,ERROR,,2024-09
TXN-00130,2024-04-30,CORP-NG,Finance,CC006,6002-Travel,Journal entry 130 - Payroll posting,22290.32,22290.32,EUR,MS-SQL-SERVER,ORACLE-GL,VALID,,2024-04
TXN-00131,2024-04-07,CORP-UK,IT,CC001,8001-Tax,Journal entry 131 - Expense claim,19967.17,19967.17,GBP,MS-SQL-SERVER,ORACLE-GL,VALID,,2024-04
TXN-00132,2024-05-04,CORP-US,Sales,CC002,5001-Revenue,Journal entry 132 - Payroll posting,39361.05,39361.05,USD,MS-SQL-SERVER,ORACLE-GL,VALID,,2024-05
TXN-00133,2024-03-16,CORP-UK,HR,CC002,6001-Salaries,Journal entry 133 - Payroll posting,40671.34,11726.63,EUR,MS-SQL-SERVER,ORACLE-GL,ERROR,,2024-03
TXN-00134,2024-01-14,CORP-US,Finance,CC003,6001-Salaries,Journal entry 134 - Payroll posting,5585.32,5585.32,EUR,MS-SQL-SERVER,ORACLE-GL,VALID,,2024-01
TXN-00135,2024-01-27,CORP-US,Procurement,CC004,7001-Depreciation,Journal entry 135 - Monthly accrual,8794.89,8794.89,GBP,MS-SQL-SERVER,ORACLE-GL,VALID,,2024-01
TXN-00136,2024-07-04,CORP-UK,IT,CC005,6001-Salaries,Journal entry 136 - Payroll posting,22468.93,22468.93,GBP,MS-SQL-SERVER,ORACLE-GL,VALID,,2024-07
TXN-00137,2024-09-23,CORP-NG,IT,CC006,5001-Revenue,Journal entry 137 - Monthly accrual,39183.03,43362.35,NGN,MS-SQL-SERVER,ORACLE-GL,PENDING,,2024-09
TXN-00138,2024-02-25,CORP-ZA,Procurement,CC004,5001-Revenue,Journal entry 138 - Monthly accrual,21371.05,21371.05,EUR,MS-SQL-SERVER,ORACLE-GL,VALID,,2024-02
TXN-00139,2024-11-20,CORP-NG,IT,CC005,7001-Depreciation,Journal entry 139 - Revenue recognition,3377.54,13823.3,NGN,MS-SQL-SERVER,ORACLE-GL,ERROR,,2024-11
TXN-00140,2024-12-01,CORP-US,IT,CC004,6001-Salaries,Journal entry 140 - Asset write-off,5049.01,35118.79,EUR,MS-SQL-SERVER,ORACLE-GL,ERROR,CURRENCY_MISMATCH,2024-12
TXN-00141,2024-02-18,CORP-NG,IT,CC003,8001-Tax,Journal entry 141 - Revenue recognition,19996.64,19996.64,EUR,MS-SQL-SERVER,ORACLE-GL,VALID,,2024-02
TXN-00142,2024-08-30,CORP-UK,Finance,CC001,5001-Revenue,Journal entry 142 - Asset write-off,34372.37,34372.37,GBP,MS-SQL-SERVER,ORACLE-GL,VALID,,2024-08
TXN-00143,2024-10-11,CORP-UK,Sales,CC005,7001-Depreciation,Journal entry 143 - Revenue recognition,36965.92,40607.29,GBP,MS-SQL-SERVER,ORACLE-GL,PENDING,,2024-10
TXN-00144,2024-12-06,CORP-ZA,Procurement,CC001,6002-Travel,Journal entry 144 - Payroll posting,17744.54,17744.54,EUR,MS-SQL-SERVER,ORACLE-GL,VALID,,2024-12
TXN-00145,2024-09-16,CORP-US,Operations,CC006,6003-Utilities,Journal entry 145 - Expense claim,5269.67,5269.67,GBP,MS-SQL-SERVER,ORACLE-GL,VALID,,2024-09
TXN-00146,2024-07-07,CORP-UK,HR,CC005,6001-Salaries,Journal entry 146 - Asset write-off,42284.13,42284.13,GBP,MS-SQL-SERVER,ORACLE-GL,VALID,,2024-07
TXN-00147,2024-06-07,CORP-NG,HR,,5001-Revenue,Journal entry 147 - Expense claim,1544.76,13736.19,USD,MS-SQL-SERVER,ORACLE-GL,ERROR,MISSING_COST_CENTRE,2024-06
TXN-00148,2024-01-16,CORP-UK,Procurement,CC005,6001-Salaries,Journal entry 148 - Asset write-off,3572.31,37074.36,NGN,MS-SQL-SERVER,ORACLE-GL,ERROR,CURRENCY_MISMATCH,2024-01
TXN-00149,2024-07-08,CORP-NG,Procurement,CC003,7001-Depreciation,Journal entry 149 - Payroll posting,17110.71,17110.71,GBP,MS-SQL-SERVER,ORACLE-GL,VALID,,2024-07
TXN-00150,2024-11-12,CORP-UK,Procurement,CC001,6002-Travel,Journal entry 150 - Asset write-off,7863.44,7863.44,NGN,MS-SQL-SERVER,ORACLE-GL,VALID,,2024-11
TXN-00151,2024-07-31,CORP-NG,Operations,CC005,5001-Revenue,Journal entry 151 - Revenue recognition,30393.09,30393.09,NGN,MS-SQL-SERVER,ORACLE-GL,VALID,,2024-07
TXN-00152,2024-12-13,CORP-ZA,Sales,CC006,6002-Travel,Journal entry 152 - Monthly accrual,14234.0,14234.0,USD,MS-SQL-SERVER,ORACLE-GL,VALID,,2024-12
TXN-00153,2024-01-29,CORP-UK,Operations,CC003,6001-Salaries,Journal entry 153 - Expense claim,49223.84,49223.84,EUR,MS-SQL-SERVER,ORACLE-GL,VALID,,2024-01
TXN-00154,2024-01-04,CORP-ZA,Procurement,CC004,6001-Salaries,Journal entry 154 - Expense claim,16473.31,16473.31,NGN,MS-SQL-SERVER,ORACLE-GL,VALID,,2024-01
TXN-00155,2024-06-30,CORP-UK,IT,CC006,5001-Revenue,Journal entry 155 - Asset write-off,25063.09,41684.37,GBP,MS-SQL-SERVER,ORACLE-GL,ERROR,,2024-06
TXN-00156,2024-06-09,CORP-ZA,Sales,CC004,8001-Tax,Journal entry 156 - Asset write-off,46066.01,46066.01,EUR,MS-SQL-SERVER,ORACLE-GL,VALID,,2024-06
TXN-00157,2024-06-15,CORP-US,Sales,CC004,8001-Tax,Journal entry 157 - Revenue recognition,20311.11,20311.11,GBP,MS-SQL-SERVER,ORACLE-GL,VALID,,2024-06
TXN-00158,2024-05-04,CORP-ZA,Sales,CC004,7001-Depreciation,Journal entry 158 - Monthly accrual,42239.77,42239.77,NGN,MS-SQL-SERVER,ORACLE-GL,VALID,,2024-05
TXN-00159,2024-04-23,CORP-NG,Operations,CC001,7001-Depreciation,Journal entry 159 - Monthly accrual,37315.66,37315.66,USD,MS-SQL-SERVER,ORACLE-GL,VALID,,2024-04
TXN-00160,2024-11-26,CORP-US,Operations,CC001,6001-Salaries,Journal entry 160 - Revenue recognition,17619.88,17619.88,USD,MS-SQL-SERVER,ORACLE-GL,VALID,,2024-11
TXN-00161,2024-12-01,CORP-UK,Operations,CC006,6003-Utilities,Journal entry 161 - Asset write-off,30159.71,30159.71,NGN,MS-SQL-SERVER,ORACLE-GL,VALID,,2024-12
TXN-00162,2024-11-21,CORP-NG,Procurement,CC003,6001-Salaries,Journal entry 162 - Asset write-off,46215.3,28268.14,GBP,MS-SQL-SERVER,ORACLE-GL,PENDING,,2024-11
TXN-00163,2024-06-04,CORP-NG,Sales,CC001,6002-Travel,Journal entry 163 - Payroll posting,22166.18,22166.18,GBP,MS-SQL-SERVER,ORACLE-GL,VALID,,2024-06
TXN-00164,2024-01-20,CORP-UK,HR,CC003,5001-Revenue,Journal entry 164 - Monthly accrual,23140.95,23140.95,NGN,MS-SQL-SERVER,ORACLE-GL,VALID,,2024-01
TXN-00165,2024-01-22,CORP-ZA,Sales,CC006,6001-Salaries,Journal entry 165 - Revenue recognition,29058.44,29058.44,NGN,MS-SQL-SERVER,ORACLE-GL,VALID,,2024-01
TXN-00166,2024-06-24,CORP-UK,Sales,CC006,6001-Salaries,Journal entry 166 - Monthly accrual,47890.35,22581.1,USD,MS-SQL-SERVER,ORACLE-GL,ERROR,,2024-06
TXN-00167,2024-09-24,CORP-US,HR,CC003,6002-Travel,Journal entry 167 - Asset write-off,21944.14,22027.15,NGN,MS-SQL-SERVER,ORACLE-GL,PENDING,,2024-09
TXN-00168,2024-01-27,CORP-NG,Finance,CC003,5001-Revenue,Journal entry 168 - Payroll posting,33977.0,33977.0,NGN,MS-SQL-SERVER,ORACLE-GL,VALID,,2024-01
TXN-00169,2024-12-02,CORP-US,HR,CC001,7001-Depreciation,Journal entry 169 - Expense claim,12674.59,12674.59,EUR,MS-SQL-SERVER,ORACLE-GL,VALID,,2024-12
TXN-00170,2024-12-23,CORP-ZA,Operations,CC005,8001-Tax,Journal entry 170 - Monthly accrual,48388.06,48388.06,EUR,MS-SQL-SERVER,ORACLE-GL,VALID,,2024-12
TXN-00171,2024-03-06,CORP-UK,Procurement,CC006,6003-Utilities,Journal entry 171 - Payroll posting,32210.31,16490.98,EUR,MS-SQL-SERVER,ORACLE-GL,ERROR,CURRENCY_MISMATCH,2024-03
TXN-00172,2024-04-02,CORP-US,HR,CC004,6001-Salaries,Journal entry 172 - Expense claim,18193.62,18193.62,USD,MS-SQL-SERVER,ORACLE-GL,VALID,,2024-04
TXN-00173,2024-02-21,CORP-UK,Procurement,CC003,7001-Depreciation,Journal entry 173 - Expense claim,3950.54,3950.54,NGN,MS-SQL-SERVER,ORACLE-GL,VALID,,2024-02
TXN-00174,2024-12-20,CORP-US,Procurement,CC004,5001-Revenue,Journal entry 174 - Asset write-off,8196.14,8196.14,EUR,MS-SQL-SERVER,ORACLE-GL,VALID,,2024-12
TXN-00175,2024-11-08,CORP-NG,Procurement,CC004,6001-Salaries,Journal entry 175 - Payroll posting,36007.33,48482.47,USD,MS-SQL-SERVER,ORACLE-GL,PENDING,,2024-11
TXN-00176,2024-08-28,CORP-US,HR,CC006,7001-Depreciation,Journal entry 176 - Asset write-off,48283.27,48283.27,NGN,MS-SQL-SERVER,ORACLE-GL,VALID,,2024-08
TXN-00177,2024-09-14,CORP-ZA,Operations,CC002,7001-Depreciation,Journal entry 177 - Expense claim,38928.39,38928.39,EUR,MS-SQL-SERVER,ORACLE-GL,VALID,,2024-09
TXN-00178,2024-07-09,CORP-UK,Procurement,CC005,5001-Revenue,Journal entry 178 - Revenue recognition,32094.83,32094.83,GBP,MS-SQL-SERVER,ORACLE-GL,VALID,,2024-07
TXN-00179,2024-09-19,CORP-US,IT,CC001,6001-Salaries,Journal entry 179 - Asset write-off,13712.29,13712.29,EUR,MS-SQL-SERVER,ORACLE-GL,VALID,,2024-09
TXN-00180,2024-07-21,CORP-NG,Operations,CC004,5001-Revenue,Journal entry 180 - Revenue recognition,20803.36,20803.36,USD,MS-SQL-SERVER,ORACLE-GL,VALID,,2024-07
TXN-00181,2024-02-20,CORP-NG,Operations,CC002,5001-Revenue,Journal entry 181 - Revenue recognition,16002.38,16002.38,NGN,MS-SQL-SERVER,ORACLE-GL,VALID,,2024-02
TXN-00182,2024-08-28,CORP-ZA,Sales,CC001,5001-Revenue,Journal entry 182 - Monthly accrual,41572.41,37966.17,EUR,MS-SQL-SERVER,ORACLE-GL,PENDING,,2024-08
TXN-00183,2024-10-07,CORP-ZA,Finance,CC003,6001-Salaries,Journal entry 183 - Revenue recognition,41764.66,41764.66,GBP,MS-SQL-SERVER,ORACLE-GL,VALID,,2024-10
TXN-00184,2024-11-23,CORP-ZA,Finance,CC001,6003-Utilities,Journal entry 184 - Payroll posting,11998.13,11998.13,GBP,MS-SQL-SERVER,ORACLE-GL,VALID,,2024-11
TXN-00185,2024-03-14,CORP-NG,IT,CC001,7001-Depreciation,Journal entry 185 - Revenue recognition,25817.25,12172.71,USD,MS-SQL-SERVER,ORACLE-GL,PENDING,,2024-03
TXN-00186,2024-09-25,CORP-NG,Finance,CC005,7001-Depreciation,Journal entry 186 - Payroll posting,9446.96,33443.92,GBP,MS-SQL-SERVER,ORACLE-GL,ERROR,CURRENCY_MISMATCH,2024-09
TXN-00187,2024-01-23,CORP-ZA,HR,CC003,8001-Tax,Journal entry 187 - Monthly accrual,43679.24,43679.24,EUR,MS-SQL-SERVER,ORACLE-GL,VALID,,2024-01
TXN-00188,2024-12-02,CORP-UK,Sales,CC006,6002-Travel,Journal entry 188 - Expense claim,17305.64,17305.64,GBP,MS-SQL-SERVER,ORACLE-GL,VALID,,2024-12
TXN-00189,2024-11-25,CORP-US,Procurement,CC004,8001-Tax,Journal entry 189 - Asset write-off,27346.09,27346.09,USD,MS-SQL-SERVER,ORACLE-GL,VALID,,2024-11
TXN-00190,2024-08-22,CORP-UK,HR,CC002,5001-Revenue,Journal entry 190 - Expense claim,3248.72,3248.72,GBP,MS-SQL-SERVER,ORACLE-GL,VALID,,2024-08
TXN-00191,2024-09-20,CORP-ZA,Sales,CC004,6002-Travel,Journal entry 191 - Monthly accrual,46675.21,46675.21,USD,MS-SQL-SERVER,ORACLE-GL,VALID,,2024-09
TXN-00192,2024-01-25,CORP-NG,HR,CC001,6002-Travel,Journal entry 192 - Asset write-off,17913.01,17913.01,NGN,MS-SQL-SERVER,ORACLE-GL,VALID,,2024-01
TXN-00193,2024-06-22,CORP-US,IT,CC006,6003-Utilities,Journal entry 193 - Revenue recognition,22042.86,47828.29,EUR,MS-SQL-SERVER,ORACLE-GL,PENDING,,2024-06
TXN-00194,2024-02-10,CORP-ZA,Sales,CC002,7001-Depreciation,Journal entry 194 - Revenue recognition,36381.36,36381.36,EUR,MS-SQL-SERVER,ORACLE-GL,VALID,,2024-02
TXN-00195,2024-12-04,CORP-NG,HR,CC004,7001-Depreciation,Journal entry 195 - Asset write-off,4095.44,4095.44,USD,MS-SQL-SERVER,ORACLE-GL,VALID,,2024-12
TXN-00196,2024-06-29,CORP-ZA,HR,CC006,5001-Revenue,Journal entry 196 - Monthly accrual,22251.03,22411.77,NGN,MS-SQL-SERVER,ORACLE-GL,PENDING,,2024-06
TXN-00197,2024-12-13,CORP-US,Finance,CC002,7001-Depreciation,Journal entry 197 - Asset write-off,25702.99,25702.99,GBP,MS-SQL-SERVER,ORACLE-GL,VALID,,2024-12
TXN-00198,2024-11-26,CORP-NG,HR,CC004,7001-Depreciation,Journal entry 198 - Monthly accrual,3454.94,3454.94,USD,MS-SQL-SERVER,ORACLE-GL,VALID,,2024-11
TXN-00199,2024-08-15,CORP-UK,Sales,CC002,7001-Depreciation,Journal entry 199 - Revenue recognition,22551.14,18611.13,NGN,MS-SQL-SERVER,ORACLE-GL,PENDING,,2024-08
TXN-00200,2024-05-07,CORP-UK,Finance,CC006,6001-Salaries,Journal entry 200 - Asset write-off,32513.08,32513.08,NGN,MS-SQL-SERVER,ORACLE-GL,VALID,,2024-05
TXN-00201,2024-08-16,CORP-US,Sales,CC003,8001-Tax,Journal entry 201 - Asset write-off,13162.66,13088.46,USD,MS-SQL-SERVER,ORACLE-GL,ERROR,,2024-08
TXN-00202,2024-02-07,CORP-ZA,Operations,CC006,6003-Utilities,Journal entry 202 - Monthly accrual,6872.85,6872.85,EUR,MS-SQL-SERVER,ORACLE-GL,VALID,,2024-02
TXN-00203,2024-10-04,CORP-NG,HR,CC002,8001-Tax,Journal entry 203 - Expense claim,17436.52,3340.46,EUR,MS-SQL-SERVER,ORACLE-GL,PENDING,,2024-10
TXN-00204,2024-03-12,CORP-US,IT,CC001,6002-Travel,Journal entry 204 - Payroll posting,6155.99,10128.92,EUR,MS-SQL-SERVER,ORACLE-GL,ERROR,,2024-03
TXN-00205,2024-10-09,CORP-US,Sales,CC001,5001-Revenue,Journal entry 205 - Revenue recognition,40202.72,40202.72,NGN,MS-SQL-SERVER,ORACLE-GL,VALID,,2024-10
TXN-00206,2024-07-28,CORP-UK,Operations,CC003,8001-Tax,Journal entry 206 - Monthly accrual,35971.6,26332.21,NGN,MS-SQL-SERVER,ORACLE-GL,PENDING,,2024-07
TXN-00207,2024-06-25,CORP-US,Sales,CC006,7001-Depreciation,Journal entry 207 - Expense claim,34037.44,34037.44,USD,MS-SQL-SERVER,ORACLE-GL,VALID,,2024-06
TXN-00208,2024-01-29,CORP-UK,Sales,CC002,6002-Travel,Journal entry 208 - Expense claim,25192.9,25192.9,USD,MS-SQL-SERVER,ORACLE-GL,VALID,,2024-01
TXN-00209,2024-04-25,CORP-NG,Sales,CC003,5001-Revenue,Journal entry 209 - Revenue recognition,46743.42,46743.42,USD,MS-SQL-SERVER,ORACLE-GL,VALID,,2024-04
TXN-00210,2024-11-16,CORP-NG,Sales,CC005,5001-Revenue,Journal entry 210 - Payroll posting,47821.95,13795.11,USD,MS-SQL-SERVER,ORACLE-GL,PENDING,,2024-11
TXN-00211,2024-11-05,CORP-NG,Sales,CC001,5001-Revenue,Journal entry 211 - Monthly accrual,8642.91,31261.51,GBP,MS-SQL-SERVER,ORACLE-GL,ERROR,,2024-11
TXN-00212,2024-04-17,CORP-ZA,Sales,CC006,5001-Revenue,Journal entry 212 - Asset write-off,38574.02,13306.33,EUR,MS-SQL-SERVER,ORACLE-GL,PENDING,,2024-04
TXN-00213,2024-12-16,CORP-ZA,HR,CC004,5001-Revenue,Journal entry 213 - Monthly accrual,47836.84,24198.95,USD,MS-SQL-SERVER,ORACLE-GL,PENDING,,2024-12
TXN-00214,2024-08-25,CORP-US,HR,CC005,6001-Salaries,Journal entry 214 - Revenue recognition,20839.53,20839.53,EUR,MS-SQL-SERVER,ORACLE-GL,VALID,,2024-08
TXN-00215,2024-07-23,CORP-US,HR,CC005,7001-Depreciation,Journal entry 215 - Monthly accrual,49402.37,17333.99,EUR,MS-SQL-SERVER,ORACLE-GL,PENDING,,2024-07
TXN-00216,2024-05-16,CORP-ZA,Operations,CC002,5001-Revenue,Journal entry 216 - Monthly accrual,23376.98,23376.98,EUR,MS-SQL-SERVER,ORACLE-GL,VALID,,2024-05
TXN-00217,2024-08-02,CORP-US,Operations,CC003,7001-Depreciation,Journal entry 217 - Revenue recognition,43221.78,43221.78,USD,MS-SQL-SERVER,ORACLE-GL,VALID,,2024-08
TXN-00218,2024-09-20,CORP-ZA,IT,CC003,6003-Utilities,Journal entry 218 - Monthly accrual,24963.45,24963.45,GBP,MS-SQL-SERVER,ORACLE-GL,VALID,,2024-09
TXN-00219,2024-05-03,CORP-US,Sales,CC003,5001-Revenue,Journal entry 219 - Monthly accrual,25321.68,25321.68,EUR,MS-SQL-SERVER,ORACLE-GL,VALID,,2024-05
TXN-00220,2024-11-30,CORP-ZA,HR,CC005,5001-Revenue,Journal entry 220 - Monthly accrual,29916.19,29916.19,NGN,MS-SQL-SERVER,ORACLE-GL,VALID,,2024-11
TXN-00221,2024-07-06,CORP-ZA,HR,CC001,6003-Utilities,Journal entry 221 - Monthly accrual,44134.54,44134.54,USD,MS-SQL-SERVER,ORACLE-GL,VALID,,2024-07
TXN-00222,2024-02-07,CORP-ZA,Sales,CC004,7001-Depreciation,Journal entry 222 - Revenue recognition,27705.82,27705.82,GBP,MS-SQL-SERVER,ORACLE-GL,VALID,,2024-02
TXN-00223,2024-07-20,CORP-NG,HR,CC005,6002-Travel,Journal entry 223 - Expense claim,48756.63,48756.63,USD,MS-SQL-SERVER,ORACLE-GL,VALID,,2024-07
TXN-00224,2024-03-11,CORP-NG,IT,CC005,6003-Utilities,Journal entry 224 - Expense claim,25053.89,2360.64,USD,MS-SQL-SERVER,ORACLE-GL,ERROR,CURRENCY_MISMATCH,2024-03
TXN-00225,2024-06-12,CORP-US,IT,CC005,8001-Tax,Journal entry 225 - Revenue recognition,46575.3,46575.3,EUR,MS-SQL-SERVER,ORACLE-GL,VALID,,2024-06
TXN-00226,2024-01-09,CORP-NG,HR,CC006,5001-Revenue,Journal entry 226 - Asset write-off,35466.12,15059.55,EUR,MS-SQL-SERVER,ORACLE-GL,ERROR,DUPLICATE_ENTRY,2024-01
TXN-00227,2024-11-01,CORP-ZA,HR,CC006,7001-Depreciation,Journal entry 227 - Payroll posting,43617.75,31500.1,USD,MS-SQL-SERVER,ORACLE-GL,PENDING,,2024-11
TXN-00228,2024-09-25,CORP-ZA,Operations,CC006,6001-Salaries,Journal entry 228 - Monthly accrual,2662.62,24074.39,GBP,MS-SQL-SERVER,ORACLE-GL,PENDING,,2024-09
TXN-00229,2024-06-09,CORP-ZA,Operations,CC004,8001-Tax,Journal entry 229 - Expense claim,1044.97,1044.97,NGN,MS-SQL-SERVER,ORACLE-GL,VALID,,2024-06
TXN-00230,2024-02-01,CORP-US,Sales,CC002,7001-Depreciation,Journal entry 230 - Revenue recognition,43653.6,36818.28,NGN,MS-SQL-SERVER,ORACLE-GL,ERROR,DUPLICATE_ENTRY,2024-02
TXN-00231,2024-09-29,CORP-NG,Sales,CC003,8001-Tax,Journal entry 231 - Revenue recognition,15756.25,8741.8,NGN,MS-SQL-SERVER,ORACLE-GL,ERROR,CURRENCY_MISMATCH,2024-09
TXN-00232,2024-05-22,CORP-NG,Operations,CC003,6002-Travel,Journal entry 232 - Expense claim,47871.14,47871.14,NGN,MS-SQL-SERVER,ORACLE-GL,VALID,,2024-05
TXN-00233,2024-10-13,CORP-NG,HR,CC001,7001-Depreciation,Journal entry 233 - Payroll posting,24042.19,24042.19,NGN,MS-SQL-SERVER,ORACLE-GL,VALID,,2024-10
TXN-00234,2024-03-15,CORP-NG,Finance,CC003,8001-Tax,Journal entry 234 - Monthly accrual,40937.04,40937.04,EUR,MS-SQL-SERVER,ORACLE-GL,VALID,,2024-03
TXN-00235,2024-09-02,CORP-US,Operations,CC005,6002-Travel,Journal entry 235 - Payroll posting,32833.01,32833.01,EUR,MS-SQL-SERVER,ORACLE-GL,VALID,,2024-09
TXN-00236,2024-10-27,CORP-US,Operations,CC001,8001-Tax,Journal entry 236 - Payroll posting,5550.41,5550.41,USD,MS-SQL-SERVER,ORACLE-GL,VALID,,2024-10
TXN-00237,2024-06-18,CORP-ZA,Finance,CC006,6001-Salaries,Journal entry 237 - Monthly accrual,11718.54,5099.88,USD,MS-SQL-SERVER,ORACLE-GL,PENDING,,2024-06
TXN-00238,2024-08-31,CORP-ZA,Procurement,CC002,6002-Travel,Journal entry 238 - Revenue recognition,32679.35,32679.35,EUR,MS-SQL-SERVER,ORACLE-GL,VALID,,2024-08
TXN-00239,2024-11-29,CORP-US,Sales,CC006,8001-Tax,Journal entry 239 - Monthly accrual,3052.21,38459.38,USD,MS-SQL-SERVER,ORACLE-GL,PENDING,,2024-11
TXN-00240,2024-03-31,CORP-UK,IT,CC004,6001-Salaries,Journal entry 240 - Revenue recognition,44124.02,44124.02,GBP,MS-SQL-SERVER,ORACLE-GL,VALID,,2024-03
TXN-00241,2024-11-04,CORP-UK,HR,CC003,6003-Utilities,Journal entry 241 - Payroll posting,14989.77,14989.77,NGN,MS-SQL-SERVER,ORACLE-GL,VALID,,2024-11
TXN-00242,2024-08-27,CORP-NG,Operations,CC001,6002-Travel,Journal entry 242 - Expense claim,42567.88,42567.88,NGN,MS-SQL-SERVER,ORACLE-GL,VALID,,2024-08
TXN-00243,2024-06-21,CORP-NG,Sales,CC006,6001-Salaries,Journal entry 243 - Expense claim,12937.52,9391.33,NGN,MS-SQL-SERVER,ORACLE-GL,PENDING,,2024-06
TXN-00244,2024-02-14,CORP-ZA,Procurement,CC001,6001-Salaries,Journal entry 244 - Expense claim,25812.5,25812.5,NGN,MS-SQL-SERVER,ORACLE-GL,VALID,,2024-02
TXN-00245,2024-01-04,CORP-NG,IT,CC002,6003-Utilities,Journal entry 245 - Revenue recognition,46797.69,46797.69,EUR,MS-SQL-SERVER,ORACLE-GL,VALID,,2024-01
TXN-00246,2024-10-20,CORP-UK,HR,CC006,6002-Travel,Journal entry 246 - Expense claim,29164.79,29164.79,GBP,MS-SQL-SERVER,ORACLE-GL,VALID,,2024-10
TXN-00247,2024-07-26,CORP-NG,Procurement,CC001,8001-Tax,Journal entry 247 - Revenue recognition,5999.42,15409.64,EUR,MS-SQL-SERVER,ORACLE-GL,PENDING,,2024-07
TXN-00248,2024-03-19,CORP-ZA,Procurement,CC005,6002-Travel,Journal entry 248 - Asset write-off,11034.52,6765.08,NGN,MS-SQL-SERVER,ORACLE-GL,ERROR,,2024-03
TXN-00249,2024-11-01,CORP-UK,Sales,CC004,7001-Depreciation,Journal entry 249 - Revenue recognition,38116.8,34049.06,GBP,MS-SQL-SERVER,ORACLE-GL,ERROR,,2024-11
TXN-00250,2024-09-15,CORP-US,Sales,CC005,6001-Salaries,Journal entry 250 - Expense claim,3181.73,27427.7,EUR,MS-SQL-SERVER,ORACLE-GL,ERROR,,2024-09
TXN-00251,2024-10-25,CORP-ZA,Finance,CC005,6003-Utilities,Journal entry 251 - Monthly accrual,5900.38,10349.53,NGN,MS-SQL-SERVER,ORACLE-GL,ERROR,DUPLICATE_ENTRY,2024-10
TXN-00252,2024-08-21,CORP-UK,Sales,CC004,8001-Tax,Journal entry 252 - Revenue recognition,25711.07,25711.07,GBP,MS-SQL-SERVER,ORACLE-GL,VALID,,2024-08
TXN-00253,2024-01-02,CORP-US,Sales,CC001,5001-Revenue,Journal entry 253 - Asset write-off,12797.42,12797.42,EUR,MS-SQL-SERVER,ORACLE-GL,VALID,,2024-01
TXN-00254,2024-02-05,CORP-ZA,Finance,CC003,6003-Utilities,Journal entry 254 - Expense claim,3281.62,49706.77,USD,MS-SQL-SERVER,ORACLE-GL,PENDING,,2024-02
TXN-00255,2024-08-03,CORP-NG,IT,CC004,6003-Utilities,Journal entry 255 - Asset write-off,48918.83,32329.45,GBP,MS-SQL-SERVER,ORACLE-GL,PENDING,,2024-08
TXN-00256,2024-03-09,CORP-NG,Finance,CC002,7001-Depreciation,Journal entry 256 - Asset write-off,48210.8,43740.23,USD,MS-SQL-SERVER,ORACLE-GL,PENDING,,2024-03
TXN-00257,2024-01-12,CORP-NG,IT,CC006,8001-Tax,Journal entry 257 - Payroll posting,48938.35,41757.6,NGN,MS-SQL-SERVER,ORACLE-GL,PENDING,,2024-01
TXN-00258,2024-06-26,CORP-US,HR,CC002,8001-Tax,Journal entry 258 - Monthly accrual,41185.69,12450.85,GBP,MS-SQL-SERVER,ORACLE-GL,ERROR,CURRENCY_MISMATCH,2024-06
TXN-00259,2024-01-09,CORP-US,Operations,CC001,5001-Revenue,Journal entry 259 - Payroll posting,21020.11,38326.07,GBP,MS-SQL-SERVER,ORACLE-GL,PENDING,,2024-01
TXN-00260,2024-12-26,CORP-UK,Operations,CC006,5001-Revenue,Journal entry 260 - Asset write-off,29929.47,29929.47,NGN,MS-SQL-SERVER,ORACLE-GL,VALID,,2024-12
TXN-00261,2024-01-29,CORP-US,Sales,CC003,6001-Salaries,Journal entry 261 - Payroll posting,27034.01,27034.01,EUR,MS-SQL-SERVER,ORACLE-GL,VALID,,2024-01
TXN-00262,2024-12-04,CORP-US,IT,CC003,XXXX-UNKNOWN,Journal entry 262 - Revenue recognition,11921.51,43825.29,GBP,MS-SQL-SERVER,ORACLE-GL,ERROR,INVALID_ACCOUNT,2024-12
TXN-00263,2024-09-10,CORP-UK,HR,CC006,8001-Tax,Journal entry 263 - Asset write-off,31337.06,21417.31,EUR,MS-SQL-SERVER,ORACLE-GL,ERROR,,2024-09
TXN-00264,2024-07-11,CORP-US,Sales,CC004,6001-Salaries,Journal entry 264 - Expense claim,20874.6,7545.96,EUR,MS-SQL-SERVER,ORACLE-GL,PENDING,,2024-07
TXN-00265,2024-01-30,CORP-ZA,IT,CC005,7001-Depreciation,Journal entry 265 - Expense claim,7303.15,23204.96,NGN,MS-SQL-SERVER,ORACLE-GL,PENDING,,2024-01
TXN-00266,2024-06-18,CORP-UK,IT,CC003,5001-Revenue,Journal entry 266 - Payroll posting,12824.28,12824.28,USD,MS-SQL-SERVER,ORACLE-GL,VALID,,2024-06
TXN-00267,2024-12-10,CORP-UK,Finance,CC002,7001-Depreciation,Journal entry 267 - Payroll posting,13496.23,13496.23,USD,MS-SQL-SERVER,ORACLE-GL,VALID,,2024-12
TXN-00268,2024-06-19,CORP-NG,Finance,CC002,6001-Salaries,Journal entry 268 - Monthly accrual,10523.57,10523.57,NGN,MS-SQL-SERVER,ORACLE-GL,VALID,,2024-06
TXN-00269,2024-12-26,CORP-US,IT,CC002,7001-Depreciation,Journal entry 269 - Revenue recognition,34811.75,34811.75,EUR,MS-SQL-SERVER,ORACLE-GL,VALID,,2024-12
TXN-00270,2024-11-28,CORP-NG,HR,CC003,6002-Travel,Journal entry 270 - Payroll posting,23365.9,23365.9,NGN,MS-SQL-SERVER,ORACLE-GL,VALID,,2024-11
TXN-00271,2024-08-28,CORP-NG,Operations,CC003,6002-Travel,Journal entry 271 - Asset write-off,5020.55,5020.55,GBP,MS-SQL-SERVER,ORACLE-GL,VALID,,2024-08
TXN-00272,2024-10-10,CORP-ZA,HR,CC002,6001-Salaries,Journal entry 272 - Revenue recognition,37088.49,909.37,USD,MS-SQL-SERVER,ORACLE-GL,ERROR,,2024-10
TXN-00273,2024-05-05,CORP-ZA,Sales,CC006,8001-Tax,Journal entry 273 - Revenue recognition,28532.5,28532.5,EUR,MS-SQL-SERVER,ORACLE-GL,VALID,,2024-05
TXN-00274,2024-11-24,CORP-ZA,IT,CC002,8001-Tax,Journal entry 274 - Revenue recognition,48328.76,48328.76,USD,MS-SQL-SERVER,ORACLE-GL,VALID,,2024-11
TXN-00275,2024-09-07,CORP-US,Sales,CC006,5001-Revenue,Journal entry 275 - Payroll posting,36043.65,36043.65,GBP,MS-SQL-SERVER,ORACLE-GL,VALID,,2024-09
TXN-00276,2024-12-08,CORP-UK,Finance,CC004,6001-Salaries,Journal entry 276 - Expense claim,47264.89,47264.89,GBP,MS-SQL-SERVER,ORACLE-GL,VALID,,2024-12
TXN-00277,2024-08-21,CORP-NG,Finance,CC005,8001-Tax,Journal entry 277 - Payroll posting,7636.38,11014.11,NGN,MS-SQL-SERVER,ORACLE-GL,PENDING,,2024-08
TXN-00278,2024-10-09,CORP-ZA,Finance,CC001,7001-Depreciation,Journal entry 278 - Revenue recognition,24443.93,429.96,EUR,MS-SQL-SERVER,ORACLE-GL,PENDING,,2024-10
TXN-00279,2024-12-23,CORP-ZA,Operations,CC001,5001-Revenue,Journal entry 279 - Payroll posting,25160.58,25160.58,USD,MS-SQL-SERVER,ORACLE-GL,VALID,,2024-12
TXN-00280,2024-09-26,CORP-NG,HR,CC003,6003-Utilities,Journal entry 280 - Monthly accrual,9677.41,9677.41,EUR,MS-SQL-SERVER,ORACLE-GL,VALID,,2024-09
TXN-00281,2024-05-04,CORP-US,HR,CC006,5001-Revenue,Journal entry 281 - Monthly accrual,23003.99,23003.99,GBP,MS-SQL-SERVER,ORACLE-GL,VALID,,2024-05
TXN-00282,2024-10-09,CORP-ZA,Finance,CC006,5001-Revenue,Journal entry 282 - Expense claim,19025.27,19025.27,GBP,MS-SQL-SERVER,ORACLE-GL,VALID,,2024-10
TXN-00283,2024-11-26,CORP-NG,Sales,CC001,7001-Depreciation,Journal entry 283 - Monthly accrual,42281.96,42281.96,USD,MS-SQL-SERVER,ORACLE-GL,VALID,,2024-11
TXN-00284,2024-12-20,CORP-ZA,HR,CC001,5001-Revenue,Journal entry 284 - Revenue recognition,45073.52,45073.52,GBP,MS-SQL-SERVER,ORACLE-GL,VALID,,2024-12
TXN-00285,2024-06-10,CORP-UK,Operations,CC005,6001-Salaries,Journal entry 285 - Asset write-off,46445.44,46445.44,GBP,MS-SQL-SERVER,ORACLE-GL,VALID,,2024-06
TXN-00286,2024-05-03,CORP-ZA,Procurement,CC005,6002-Travel,Journal entry 286 - Asset write-off,8206.27,8206.27,USD,MS-SQL-SERVER,ORACLE-GL,VALID,,2024-05
TXN-00287,2024-06-26,CORP-UK,Finance,CC004,6001-Salaries,Journal entry 287 - Monthly accrual,36235.76,25089.56,EUR,MS-SQL-SERVER,ORACLE-GL,PENDING,,2024-06
TXN-00288,2024-11-20,CORP-NG,IT,CC004,6001-Salaries,Journal entry 288 - Revenue recognition,48449.13,16386.19,NGN,MS-SQL-SERVER,ORACLE-GL,ERROR,CURRENCY_MISMATCH,2024-11
TXN-00289,2024-10-26,CORP-ZA,Finance,CC005,6002-Travel,Journal entry 289 - Expense claim,9368.32,9368.32,GBP,MS-SQL-SERVER,ORACLE-GL,VALID,,2024-10
TXN-00290,2024-07-13,CORP-US,Procurement,CC004,6002-Travel,Journal entry 290 - Revenue recognition,13471.8,13471.8,GBP,MS-SQL-SERVER,ORACLE-GL,VALID,,2024-07
TXN-00291,2024-06-06,CORP-ZA,HR,CC003,5001-Revenue,Journal entry 291 - Expense claim,359.24,359.24,GBP,MS-SQL-SERVER,ORACLE-GL,VALID,,2024-06
TXN-00292,2024-10-12,CORP-ZA,Finance,CC001,5001-Revenue,Journal entry 292 - Revenue recognition,21605.88,21605.88,GBP,MS-SQL-SERVER,ORACLE-GL,VALID,,2024-10
TXN-00293,2024-07-30,CORP-ZA,Finance,CC006,XXXX-UNKNOWN,Journal entry 293 - Payroll posting,43199.54,715.8,USD,MS-SQL-SERVER,ORACLE-GL,ERROR,INVALID_ACCOUNT,2024-07
TXN-00294,2024-05-17,CORP-NG,HR,CC004,6001-Salaries,Journal entry 294 - Monthly accrual,34297.27,8558.14,USD,MS-SQL-SERVER,ORACLE-GL,ERROR,,2024-05
TXN-00295,2024-06-02,CORP-ZA,Finance,CC003,6002-Travel,Journal entry 295 - Expense claim,13870.5,13870.5,NGN,MS-SQL-SERVER,ORACLE-GL,VALID,,2024-06
TXN-00296,2024-01-04,CORP-ZA,HR,CC005,6003-Utilities,Journal entry 296 - Revenue recognition,22947.3,6860.93,NGN,MS-SQL-SERVER,ORACLE-GL,ERROR,,2024-01
TXN-00297,2024-11-29,CORP-US,HR,CC003,7001-Depreciation,Journal entry 297 - Expense claim,21587.75,21587.75,NGN,MS-SQL-SERVER,ORACLE-GL,VALID,,2024-11
TXN-00298,2024-07-22,CORP-NG,HR,CC006,8001-Tax,Journal entry 298 - Asset write-off,8964.1,8964.1,USD,MS-SQL-SERVER,ORACLE-GL,VALID,,2024-07
TXN-00299,2024-07-20,CORP-NG,Finance,CC005,6001-Salaries,Journal entry 299 - Payroll posting,18865.16,18865.16,USD,MS-SQL-SERVER,ORACLE-GL,VALID,,2024-07
TXN-00300,2024-08-24,CORP-US,IT,CC003,8001-Tax,Journal entry 300 - Monthly accrual,38404.13,1443.11,NGN,MS-SQL-SERVER,ORACLE-GL,PENDING,,2024-08
TXN-00301,2024-05-03,CORP-NG,Procurement,CC002,8001-Tax,Journal entry 301 - Asset write-off,25015.23,31703.47,NGN,MS-SQL-SERVER,ORACLE-GL,PENDING,,2024-05
TXN-00302,2024-11-02,CORP-ZA,Sales,CC004,7001-Depreciation,Journal entry 302 - Payroll posting,22508.43,22508.43,NGN,MS-SQL-SERVER,ORACLE-GL,VALID,,2024-11
TXN-00303,2024-10-01,CORP-UK,Finance,CC002,8001-Tax,Journal entry 303 - Revenue recognition,39556.97,18040.52,USD,MS-SQL-SERVER,ORACLE-GL,ERROR,,2024-10
TXN-00304,2024-11-26,CORP-ZA,HR,CC004,5001-Revenue,Journal entry 304 - Monthly accrual,30672.63,28204.69,GBP,MS-SQL-SERVER,ORACLE-GL,PENDING,,2024-11
TXN-00305,2024-09-22,CORP-US,IT,CC003,6003-Utilities,Journal entry 305 - Asset write-off,11177.85,11177.85,USD,MS-SQL-SERVER,ORACLE-GL,VALID,,2024-09
TXN-00306,2024-09-04,CORP-UK,HR,CC004,5001-Revenue,Journal entry 306 - Monthly accrual,49885.37,49885.37,USD,MS-SQL-SERVER,ORACLE-GL,VALID,,2024-09
TXN-00307,2024-08-21,CORP-US,Sales,CC004,6002-Travel,Journal entry 307 - Asset write-off,15663.33,15663.33,GBP,MS-SQL-SERVER,ORACLE-GL,VALID,,2024-08
TXN-00308,2024-08-19,CORP-NG,Finance,CC003,5001-Revenue,Journal entry 308 - Monthly accrual,36127.5,36127.5,GBP,MS-SQL-SERVER,ORACLE-GL,VALID,,2024-08
TXN-00309,2024-12-12,CORP-US,Procurement,CC002,7001-Depreciation,Journal entry 309 - Expense claim,32433.7,32433.7,USD,MS-SQL-SERVER,ORACLE-GL,VALID,,2024-12
TXN-00310,2024-08-24,CORP-US,IT,CC006,6001-Salaries,Journal entry 310 - Expense claim,28036.46,28036.46,NGN,MS-SQL-SERVER,ORACLE-GL,VALID,,2024-08
TXN-00311,2024-11-10,CORP-US,IT,CC005,6003-Utilities,Journal entry 311 - Asset write-off,1556.69,1556.69,GBP,MS-SQL-SERVER,ORACLE-GL,VALID,,2024-11
TXN-00312,2024-12-26,CORP-UK,Sales,CC001,7001-Depreciation,Journal entry 312 - Expense claim,10818.33,13989.41,EUR,MS-SQL-SERVER,ORACLE-GL,PENDING,,2024-12
TXN-00313,2024-02-28,CORP-NG,Procurement,CC004,7001-Depreciation,Journal entry 313 - Revenue recognition,9934.01,9934.01,NGN,MS-SQL-SERVER,ORACLE-GL,VALID,,2024-02
TXN-00314,2024-08-22,CORP-US,Procurement,CC006,6002-Travel,Journal entry 314 - Payroll posting,29391.54,17461.44,GBP,MS-SQL-SERVER,ORACLE-GL,ERROR,CURRENCY_MISMATCH,2024-08
TXN-00315,2024-06-05,CORP-UK,Operations,CC003,8001-Tax,Journal entry 315 - Expense claim,6783.99,5981.3,NGN,MS-SQL-SERVER,ORACLE-GL,PENDING,,2024-06
TXN-00316,2024-10-21,CORP-ZA,IT,CC002,6003-Utilities,Journal entry 316 - Payroll posting,29861.65,29861.65,USD,MS-SQL-SERVER,ORACLE-GL,VALID,,2024-10
TXN-00317,2024-06-10,CORP-ZA,Sales,CC001,6002-Travel,Journal entry 317 - Monthly accrual,24533.14,7100.8,NGN,MS-SQL-SERVER,ORACLE-GL,ERROR,,2024-06
TXN-00318,2024-07-15,CORP-ZA,IT,CC006,6003-Utilities,Journal entry 318 - Asset write-off,9836.91,9836.91,NGN,MS-SQL-SERVER,ORACLE-GL,VALID,,2024-07
TXN-00319,2024-10-16,CORP-UK,Operations,CC003,5001-Revenue,Journal entry 319 - Revenue recognition,8445.95,8445.95,USD,MS-SQL-SERVER,ORACLE-GL,VALID,,2024-10
TXN-00320,2024-09-10,CORP-UK,Sales,,5001-Revenue,Journal entry 320 - Revenue recognition,8493.63,22920.34,EUR,MS-SQL-SERVER,ORACLE-GL,ERROR,MISSING_COST_CENTRE,2024-09
TXN-00321,2024-04-21,CORP-ZA,Finance,CC006,8001-Tax,Journal entry 321 - Expense claim,38024.21,22124.19,EUR,MS-SQL-SERVER,ORACLE-GL,ERROR,,2024-04
TXN-00322,2024-06-27,CORP-UK,IT,CC001,6001-Salaries,Journal entry 322 - Expense claim,22541.64,22541.64,EUR,MS-SQL-SERVER,ORACLE-GL,VALID,,2024-06
TXN-00323,2024-11-11,CORP-US,Operations,CC002,5001-Revenue,Journal entry 323 - Payroll posting,30552.06,21465.54,EUR,MS-SQL-SERVER,ORACLE-GL,PENDING,,2024-11
TXN-00324,2024-12-26,CORP-NG,HR,,7001-Depreciation,Journal entry 324 - Revenue recognition,29883.2,8502.03,GBP,MS-SQL-SERVER,ORACLE-GL,ERROR,MISSING_COST_CENTRE,2024-12
TXN-00325,2024-07-29,CORP-UK,HR,CC006,6001-Salaries,Journal entry 325 - Expense claim,48142.32,48142.32,USD,MS-SQL-SERVER,ORACLE-GL,VALID,,2024-07
TXN-00326,2024-05-06,CORP-ZA,IT,CC002,7001-Depreciation,Journal entry 326 - Revenue recognition,35598.6,35598.6,NGN,MS-SQL-SERVER,ORACLE-GL,VALID,,2024-05
TXN-00327,2024-11-20,CORP-UK,IT,CC005,8001-Tax,Journal entry 327 - Revenue recognition,22654.39,22654.39,EUR,MS-SQL-SERVER,ORACLE-GL,VALID,,2024-11
TXN-00328,2024-06-16,CORP-UK,Procurement,CC001,8001-Tax,Journal entry 328 - Asset write-off,47517.68,47517.68,EUR,MS-SQL-SERVER,ORACLE-GL,VALID,,2024-06
TXN-00329,2024-07-22,CORP-US,IT,CC002,6003-Utilities,Journal entry 329 - Revenue recognition,39804.33,39804.33,EUR,MS-SQL-SERVER,ORACLE-GL,VALID,,2024-07
TXN-00330,2024-10-22,CORP-US,Sales,CC004,6002-Travel,Journal entry 330 - Monthly accrual,16953.98,16953.98,GBP,MS-SQL-SERVER,ORACLE-GL,VALID,,2024-10
TXN-00331,2024-08-23,CORP-UK,Finance,CC002,6003-Utilities,Journal entry 331 - Asset write-off,31346.36,31346.36,GBP,MS-SQL-SERVER,ORACLE-GL,VALID,,2024-08
TXN-00332,2024-12-18,CORP-US,Procurement,CC003,6001-Salaries,Journal entry 332 - Revenue recognition,10195.68,10195.68,GBP,MS-SQL-SERVER,ORACLE-GL,VALID,,2024-12
TXN-00333,2024-12-06,CORP-US,Finance,CC004,8001-Tax,Journal entry 333 - Revenue recognition,18085.73,4212.78,USD,MS-SQL-SERVER,ORACLE-GL,PENDING,,2024-12
TXN-00334,2024-12-26,CORP-UK,Finance,CC002,6003-Utilities,Journal entry 334 - Monthly accrual,32808.71,32808.71,USD,MS-SQL-SERVER,ORACLE-GL,VALID,,2024-12
TXN-00335,2024-01-05,CORP-NG,Finance,CC004,8001-Tax,Journal entry 335 - Expense claim,26020.27,22308.84,NGN,MS-SQL-SERVER,ORACLE-GL,ERROR,,2024-01
TXN-00336,2024-02-15,CORP-UK,Finance,CC003,6002-Travel,Journal entry 336 - Revenue recognition,11524.45,11524.45,USD,MS-SQL-SERVER,ORACLE-GL,VALID,,2024-02
TXN-00337,2024-03-09,CORP-US,Finance,CC005,7001-Depreciation,Journal entry 337 - Monthly accrual,38695.68,38695.68,USD,MS-SQL-SERVER,ORACLE-GL,VALID,,2024-03
TXN-00338,2024-04-19,CORP-US,IT,CC005,8001-Tax,Journal entry 338 - Asset write-off,17624.27,17624.27,USD,MS-SQL-SERVER,ORACLE-GL,VALID,,2024-04
TXN-00339,2024-03-12,CORP-UK,Sales,CC006,6003-Utilities,Journal entry 339 - Revenue recognition,44839.99,44839.99,NGN,MS-SQL-SERVER,ORACLE-GL,VALID,,2024-03
TXN-00340,2024-05-06,CORP-NG,Procurement,CC001,6001-Salaries,Journal entry 340 - Payroll posting,39574.73,39574.73,EUR,MS-SQL-SERVER,ORACLE-GL,VALID,,2024-05
TXN-00341,2024-06-03,CORP-US,Sales,CC005,7001-Depreciation,Journal entry 341 - Expense claim,1438.54,42368.79,NGN,MS-SQL-SERVER,ORACLE-GL,PENDING,,2024-06
TXN-00342,2024-05-02,CORP-ZA,IT,CC001,6001-Salaries,Journal entry 342 - Asset write-off,32343.87,32343.87,GBP,MS-SQL-SERVER,ORACLE-GL,VALID,,2024-05
TXN-00343,2024-03-08,CORP-ZA,Sales,CC004,6002-Travel,Journal entry 343 - Payroll posting,49345.44,46702.83,USD,MS-SQL-SERVER,ORACLE-GL,ERROR,,2024-03
TXN-00344,2024-02-07,CORP-UK,Sales,CC001,5001-Revenue,Journal entry 344 - Revenue recognition,47727.2,47727.2,USD,MS-SQL-SERVER,ORACLE-GL,VALID,,2024-02
TXN-00345,2024-07-22,CORP-NG,Procurement,CC006,7001-Depreciation,Journal entry 345 - Asset write-off,46136.71,46136.71,NGN,MS-SQL-SERVER,ORACLE-GL,VALID,,2024-07
TXN-00346,2024-10-02,CORP-US,HR,CC001,6002-Travel,Journal entry 346 - Monthly accrual,20173.64,32062.81,USD,MS-SQL-SERVER,ORACLE-GL,PENDING,,2024-10
TXN-00347,2024-07-19,CORP-UK,HR,CC006,6003-Utilities,Journal entry 347 - Expense claim,26865.87,26865.87,GBP,MS-SQL-SERVER,ORACLE-GL,VALID,,2024-07
TXN-00348,2024-08-10,CORP-UK,IT,CC005,7001-Depreciation,Journal entry 348 - Monthly accrual,4402.02,4402.02,EUR,MS-SQL-SERVER,ORACLE-GL,VALID,,2024-08
TXN-00349,2024-03-02,CORP-UK,Procurement,CC002,8001-Tax,Journal entry 349 - Monthly accrual,37110.51,37058.84,USD,MS-SQL-SERVER,ORACLE-GL,PENDING,,2024-03
TXN-00350,2024-09-24,CORP-NG,Operations,CC003,6001-Salaries,Journal entry 350 - Revenue recognition,47655.51,47655.51,GBP,MS-SQL-SERVER,ORACLE-GL,VALID,,2024-09
TXN-00351,2024-08-07,CORP-NG,Sales,CC001,6002-Travel,Journal entry 351 - Payroll posting,16817.05,16817.05,GBP,MS-SQL-SERVER,ORACLE-GL,VALID,,2024-08
TXN-00352,2024-07-03,CORP-UK,IT,CC005,6001-Salaries,Journal entry 352 - Revenue recognition,22814.37,22814.37,USD,MS-SQL-SERVER,ORACLE-GL,VALID,,2024-07
TXN-00353,2024-10-20,CORP-UK,Operations,CC006,7001-Depreciation,Journal entry 353 - Monthly accrual,38689.11,38689.11,GBP,MS-SQL-SERVER,ORACLE-GL,VALID,,2024-10
TXN-00354,2024-08-29,CORP-NG,IT,CC002,6001-Salaries,Journal entry 354 - Monthly accrual,12303.12,12303.12,NGN,MS-SQL-SERVER,ORACLE-GL,VALID,,2024-08
TXN-00355,2024-08-01,CORP-NG,HR,CC001,7001-Depreciation,Journal entry 355 - Revenue recognition,16157.92,16157.92,GBP,MS-SQL-SERVER,ORACLE-GL,VALID,,2024-08
TXN-00356,2024-01-24,CORP-ZA,Finance,CC004,6002-Travel,Journal entry 356 - Revenue recognition,9049.28,40236.47,EUR,MS-SQL-SERVER,ORACLE-GL,ERROR,,2024-01
TXN-00357,2024-01-05,CORP-NG,Operations,CC003,7001-Depreciation,Journal entry 357 - Revenue recognition,27699.26,27699.26,USD,MS-SQL-SERVER,ORACLE-GL,VALID,,2024-01
TXN-00358,2024-09-09,CORP-US,Procurement,CC005,6001-Salaries,Journal entry 358 - Expense claim,18476.85,18476.85,GBP,MS-SQL-SERVER,ORACLE-GL,VALID,,2024-09
TXN-00359,2024-10-04,CORP-NG,Procurement,CC006,5001-Revenue,Journal entry 359 - Revenue recognition,1293.12,1293.12,GBP,MS-SQL-SERVER,ORACLE-GL,VALID,,2024-10
TXN-00360,2024-06-06,CORP-UK,Operations,CC005,6001-Salaries,Journal entry 360 - Asset write-off,18876.11,36930.32,NGN,MS-SQL-SERVER,ORACLE-GL,PENDING,,2024-06
TXN-00361,2024-03-13,CORP-NG,Finance,CC001,6001-Salaries,Journal entry 361 - Payroll posting,48630.71,48630.71,NGN,MS-SQL-SERVER,ORACLE-GL,VALID,,2024-03
TXN-00362,2024-02-13,CORP-UK,Sales,CC002,8001-Tax,Journal entry 362 - Asset write-off,44789.34,22977.06,GBP,MS-SQL-SERVER,ORACLE-GL,PENDING,,2024-02
TXN-00363,2024-05-01,CORP-NG,HR,CC003,6003-Utilities,Journal entry 363 - Revenue recognition,21805.65,48214.49,EUR,MS-SQL-SERVER,ORACLE-GL,ERROR,,2024-05
TXN-00364,2024-02-08,CORP-US,Operations,CC005,5001-Revenue,Journal entry 364 - Expense claim,13670.6,13670.6,GBP,MS-SQL-SERVER,ORACLE-GL,VALID,,2024-02
TXN-00365,2024-06-09,CORP-ZA,Finance,CC005,6002-Travel,Journal entry 365 - Expense claim,22533.38,22533.38,NGN,MS-SQL-SERVER,ORACLE-GL,VALID,,2024-06
TXN-00366,2024-03-02,CORP-UK,Operations,CC006,6002-Travel,Journal entry 366 - Payroll posting,23221.0,23221.0,GBP,MS-SQL-SERVER,ORACLE-GL,VALID,,2024-03
TXN-00367,2024-06-16,CORP-US,Finance,CC006,6001-Salaries,Journal entry 367 - Revenue recognition,41812.65,41812.65,NGN,MS-SQL-SERVER,ORACLE-GL,VALID,,2024-06
TXN-00368,2024-03-30,CORP-UK,IT,CC004,7001-Depreciation,Journal entry 368 - Payroll posting,33891.45,13082.32,USD,MS-SQL-SERVER,ORACLE-GL,ERROR,,2024-03
TXN-00369,2024-03-12,CORP-UK,Finance,CC001,6001-Salaries,Journal entry 369 - Expense claim,23155.96,23155.96,USD,MS-SQL-SERVER,ORACLE-GL,VALID,,2024-03
TXN-00370,2024-11-18,CORP-UK,Sales,CC005,6002-Travel,Journal entry 370 - Monthly accrual,18674.76,18674.76,GBP,MS-SQL-SERVER,ORACLE-GL,VALID,,2024-11
TXN-00371,2024-11-26,CORP-ZA,Operations,CC001,6002-Travel,Journal entry 371 - Monthly accrual,9967.74,9967.74,GBP,MS-SQL-SERVER,ORACLE-GL,VALID,,2024-11
TXN-00372,2024-10-20,CORP-ZA,Procurement,CC004,6003-Utilities,Journal entry 372 - Monthly accrual,2626.82,2626.82,NGN,MS-SQL-SERVER,ORACLE-GL,VALID,,2024-10
TXN-00373,2024-04-05,CORP-NG,HR,CC004,6001-Salaries,Journal entry 373 - Monthly accrual,21390.53,17761.77,USD,MS-SQL-SERVER,ORACLE-GL,PENDING,,2024-04
TXN-00374,2024-10-08,CORP-ZA,Finance,CC001,6002-Travel,Journal entry 374 - Asset write-off,14825.75,20658.41,USD,MS-SQL-SERVER,ORACLE-GL,PENDING,,2024-10
TXN-00375,2024-09-26,CORP-US,Procurement,CC005,5001-Revenue,Journal entry 375 - Asset write-off,10052.94,10052.94,EUR,MS-SQL-SERVER,ORACLE-GL,VALID,,2024-09
TXN-00376,2024-09-05,CORP-NG,Sales,CC005,6002-Travel,Journal entry 376 - Asset write-off,27271.44,27271.44,EUR,MS-SQL-SERVER,ORACLE-GL,VALID,,2024-09
TXN-00377,2024-11-01,CORP-US,Finance,CC003,5001-Revenue,Journal entry 377 - Asset write-off,1400.54,1400.54,EUR,MS-SQL-SERVER,ORACLE-GL,VALID,,2024-11
TXN-00378,2024-12-02,CORP-US,HR,CC005,8001-Tax,Journal entry 378 - Monthly accrual,48701.6,5096.7,USD,MS-SQL-SERVER,ORACLE-GL,ERROR,,2024-12
TXN-00379,2024-03-29,CORP-US,Operations,CC005,6002-Travel,Journal entry 379 - Revenue recognition,17804.75,41977.19,GBP,MS-SQL-SERVER,ORACLE-GL,ERROR,CURRENCY_MISMATCH,2024-03
TXN-00380,2024-10-15,CORP-US,Sales,CC002,6003-Utilities,Journal entry 380 - Payroll posting,35057.98,47383.18,EUR,MS-SQL-SERVER,ORACLE-GL,PENDING,,2024-10
TXN-00381,2024-02-16,CORP-UK,Operations,CC005,6001-Salaries,Journal entry 381 - Monthly accrual,24572.78,24572.78,NGN,MS-SQL-SERVER,ORACLE-GL,VALID,,2024-02
TXN-00382,2024-11-10,CORP-US,Operations,CC003,8001-Tax,Journal entry 382 - Expense claim,16653.53,16653.53,EUR,MS-SQL-SERVER,ORACLE-GL,VALID,,2024-11
TXN-00383,2024-10-27,CORP-US,Finance,CC005,6002-Travel,Journal entry 383 - Monthly accrual,1193.45,1193.45,EUR,MS-SQL-SERVER,ORACLE-GL,VALID,,2024-10
TXN-00384,2024-02-21,CORP-NG,HR,CC003,6001-Salaries,Journal entry 384 - Expense claim,47101.97,19840.22,NGN,MS-SQL-SERVER,ORACLE-GL,PENDING,,2024-02
TXN-00385,2024-03-30,CORP-NG,Operations,CC006,7001-Depreciation,Journal entry 385 - Expense claim,48037.04,32494.1,NGN,MS-SQL-SERVER,ORACLE-GL,PENDING,,2024-03
TXN-00386,2024-05-30,CORP-US,Operations,CC006,5001-Revenue,Journal entry 386 - Payroll posting,36726.35,36726.35,NGN,MS-SQL-SERVER,ORACLE-GL,VALID,,2024-05
TXN-00387,2024-11-09,CORP-US,Procurement,CC005,5001-Revenue,Journal entry 387 - Asset write-off,9185.88,15979.02,USD,MS-SQL-SERVER,ORACLE-GL,ERROR,,2024-11
TXN-00388,2024-05-01,CORP-NG,HR,CC002,8001-Tax,Journal entry 388 - Monthly accrual,37292.63,37292.63,EUR,MS-SQL-SERVER,ORACLE-GL,VALID,,2024-05
TXN-00389,2024-04-17,CORP-US,Procurement,CC001,6002-Travel,Journal entry 389 - Revenue recognition,668.64,668.64,GBP,MS-SQL-SERVER,ORACLE-GL,VALID,,2024-04
TXN-00390,2024-08-02,CORP-US,IT,CC004,6003-Utilities,Journal entry 390 - Revenue recognition,163.93,19358.26,NGN,MS-SQL-SERVER,ORACLE-GL,PENDING,,2024-08
TXN-00391,2024-10-22,CORP-US,Operations,CC004,5001-Revenue,Journal entry 391 - Monthly accrual,41457.47,41457.47,EUR,MS-SQL-SERVER,ORACLE-GL,VALID,,2024-10
TXN-00392,2024-02-23,CORP-UK,HR,CC002,6003-Utilities,Journal entry 392 - Expense claim,16003.97,16003.97,GBP,MS-SQL-SERVER,ORACLE-GL,VALID,,2024-02
TXN-00393,2024-09-04,CORP-UK,IT,CC006,6001-Salaries,Journal entry 393 - Payroll posting,16963.73,49265.28,NGN,MS-SQL-SERVER,ORACLE-GL,ERROR,,2024-09
TXN-00394,2024-06-18,CORP-US,Operations,CC004,8001-Tax,Journal entry 394 - Payroll posting,2772.43,2772.43,EUR,MS-SQL-SERVER,ORACLE-GL,VALID,,2024-06
TXN-00395,2024-01-26,CORP-ZA,Sales,CC005,6003-Utilities,Journal entry 395 - Expense claim,14148.0,11953.66,GBP,MS-SQL-SERVER,ORACLE-GL,PENDING,,2024-01
TXN-00396,2024-02-14,CORP-NG,Procurement,CC006,7001-Depreciation,Journal entry 396 - Asset write-off,290.4,290.4,USD,MS-SQL-SERVER,ORACLE-GL,VALID,,2024-02
TXN-00397,2024-03-28,CORP-NG,Finance,CC004,5001-Revenue,Journal entry 397 - Revenue recognition,1384.21,1384.21,NGN,MS-SQL-SERVER,ORACLE-GL,VALID,,2024-03
TXN-00398,2024-12-04,CORP-NG,Finance,CC006,7001-Depreciation,Journal entry 398 - Asset write-off,24505.93,24505.93,USD,MS-SQL-SERVER,ORACLE-GL,VALID,,2024-12
TXN-00399,2024-07-08,CORP-US,IT,CC001,6002-Travel,Journal entry 399 - Asset write-off,44286.09,44286.09,NGN,MS-SQL-SERVER,ORACLE-GL,VALID,,2024-07
TXN-00400,2024-05-17,CORP-UK,Operations,CC006,8001-Tax,Journal entry 400 - Monthly accrual,11389.49,11389.49,GBP,MS-SQL-SERVER,ORACLE-GL,VALID,,2024-05
TXN-00401,2024-10-28,CORP-US,Sales,CC001,6003-Utilities,Journal entry 401 - Payroll posting,17255.19,27118.31,NGN,MS-SQL-SERVER,ORACLE-GL,PENDING,,2024-10
TXN-00402,2024-06-02,CORP-UK,IT,CC006,5001-Revenue,Journal entry 402 - Payroll posting,28678.44,11858.54,USD,MS-SQL-SERVER,ORACLE-GL,ERROR,DUPLICATE_ENTRY,2024-06
TXN-00403,2024-08-17,CORP-US,Operations,CC002,6001-Salaries,Journal entry 403 - Expense claim,47467.82,47467.82,GBP,MS-SQL-SERVER,ORACLE-GL,VALID,,2024-08
TXN-00404,2024-12-15,CORP-ZA,Operations,CC006,6001-Salaries,Journal entry 404 - Payroll posting,4010.59,4010.59,EUR,MS-SQL-SERVER,ORACLE-GL,VALID,,2024-12
TXN-00405,2024-02-04,CORP-UK,IT,CC005,6003-Utilities,Journal entry 405 - Payroll posting,45549.14,45549.14,EUR,MS-SQL-SERVER,ORACLE-GL,VALID,,2024-02
TXN-00406,2024-01-07,CORP-ZA,Finance,CC004,6001-Salaries,Journal entry 406 - Expense claim,26032.44,26032.44,GBP,MS-SQL-SERVER,ORACLE-GL,VALID,,2024-01
TXN-00407,2024-02-21,CORP-NG,Sales,CC003,6003-Utilities,Journal entry 407 - Revenue recognition,28177.92,28177.92,NGN,MS-SQL-SERVER,ORACLE-GL,VALID,,2024-02
TXN-00408,2024-01-20,CORP-US,HR,CC004,6001-Salaries,Journal entry 408 - Payroll posting,24330.68,30487.21,NGN,MS-SQL-SERVER,ORACLE-GL,PENDING,,2024-01
TXN-00409,2024-06-18,CORP-US,Finance,CC006,6003-Utilities,Journal entry 409 - Revenue recognition,19850.06,19850.06,EUR,MS-SQL-SERVER,ORACLE-GL,VALID,,2024-06
TXN-00410,2024-06-04,CORP-NG,HR,CC004,8001-Tax,Journal entry 410 - Monthly accrual,16959.52,16959.52,USD,MS-SQL-SERVER,ORACLE-GL,VALID,,2024-06
TXN-00411,2024-08-14,CORP-NG,HR,CC006,6003-Utilities,Journal entry 411 - Payroll posting,15093.97,15093.97,GBP,MS-SQL-SERVER,ORACLE-GL,VALID,,2024-08
TXN-00412,2024-07-27,CORP-ZA,Sales,CC003,5001-Revenue,Journal entry 412 - Payroll posting,22141.66,22141.66,USD,MS-SQL-SERVER,ORACLE-GL,VALID,,2024-07
TXN-00413,2024-09-16,CORP-ZA,Operations,CC005,7001-Depreciation,Journal entry 413 - Monthly accrual,15625.04,15625.04,USD,MS-SQL-SERVER,ORACLE-GL,VALID,,2024-09
TXN-00414,2024-04-12,CORP-UK,Operations,CC001,6003-Utilities,Journal entry 414 - Monthly accrual,43771.51,43771.51,EUR,MS-SQL-SERVER,ORACLE-GL,VALID,,2024-04
TXN-00415,2024-08-25,CORP-ZA,Procurement,CC001,8001-Tax,Journal entry 415 - Monthly accrual,10035.58,18480.76,USD,MS-SQL-SERVER,ORACLE-GL,PENDING,,2024-08
TXN-00416,2024-08-16,CORP-US,IT,CC005,7001-Depreciation,Journal entry 416 - Revenue recognition,24490.46,24490.46,EUR,MS-SQL-SERVER,ORACLE-GL,VALID,,2024-08
TXN-00417,2024-05-12,CORP-UK,HR,CC001,6003-Utilities,Journal entry 417 - Monthly accrual,41898.92,41898.92,USD,MS-SQL-SERVER,ORACLE-GL,VALID,,2024-05
TXN-00418,2024-12-12,CORP-US,HR,CC006,6003-Utilities,Journal entry 418 - Payroll posting,42869.85,32404.26,GBP,MS-SQL-SERVER,ORACLE-GL,ERROR,,2024-12
TXN-00419,2024-11-27,CORP-US,Sales,CC001,6001-Salaries,Journal entry 419 - Revenue recognition,544.01,45584.62,EUR,MS-SQL-SERVER,ORACLE-GL,PENDING,,2024-11
TXN-00420,2024-08-04,CORP-ZA,HR,CC004,6002-Travel,Journal entry 420 - Expense claim,48354.52,32172.74,NGN,MS-SQL-SERVER,ORACLE-GL,PENDING,,2024-08
TXN-00421,2024-11-15,CORP-ZA,Sales,CC001,5001-Revenue,Journal entry 421 - Payroll posting,33892.09,33892.09,EUR,MS-SQL-SERVER,ORACLE-GL,VALID,,2024-11
TXN-00422,2024-02-02,CORP-NG,HR,,8001-Tax,Journal entry 422 - Revenue recognition,14993.95,5494.42,EUR,MS-SQL-SERVER,ORACLE-GL,ERROR,MISSING_COST_CENTRE,2024-02
TXN-00423,2024-11-29,CORP-NG,Operations,CC002,7001-Depreciation,Journal entry 423 - Expense claim,32840.37,32840.37,GBP,MS-SQL-SERVER,ORACLE-GL,VALID,,2024-11
TXN-00424,2024-01-14,CORP-ZA,HR,CC003,6003-Utilities,Journal entry 424 - Asset write-off,33060.46,34069.71,NGN,MS-SQL-SERVER,ORACLE-GL,ERROR,CURRENCY_MISMATCH,2024-01
TXN-00425,2024-10-19,CORP-US,HR,CC006,8001-Tax,Journal entry 425 - Expense claim,1862.42,35432.64,NGN,MS-SQL-SERVER,ORACLE-GL,PENDING,,2024-10
TXN-00426,2024-03-28,CORP-US,HR,CC001,6003-Utilities,Journal entry 426 - Expense claim,17989.01,15079.72,EUR,MS-SQL-SERVER,ORACLE-GL,PENDING,,2024-03
TXN-00427,2024-04-03,CORP-NG,Procurement,CC001,6001-Salaries,Journal entry 427 - Revenue recognition,40436.36,38169.62,USD,MS-SQL-SERVER,ORACLE-GL,PENDING,,2024-04
TXN-00428,2024-06-18,CORP-NG,HR,CC005,6002-Travel,Journal entry 428 - Asset write-off,43584.47,21081.58,GBP,MS-SQL-SERVER,ORACLE-GL,PENDING,,2024-06
TXN-00429,2024-11-20,CORP-UK,IT,CC002,7001-Depreciation,Journal entry 429 - Monthly accrual,2778.48,2778.48,NGN,MS-SQL-SERVER,ORACLE-GL,VALID,,2024-11
TXN-00430,2024-03-18,CORP-US,Operations,,6002-Travel,Journal entry 430 - Asset write-off,20714.05,43555.37,NGN,MS-SQL-SERVER,ORACLE-GL,ERROR,MISSING_COST_CENTRE,2024-03
TXN-00431,2024-04-02,CORP-UK,IT,CC003,8001-Tax,Journal entry 431 - Expense claim,15887.53,15887.53,EUR,MS-SQL-SERVER,ORACLE-GL,VALID,,2024-04
TXN-00432,2024-04-17,CORP-US,Sales,CC002,6003-Utilities,Journal entry 432 - Monthly accrual,2994.88,22657.46,USD,MS-SQL-SERVER,ORACLE-GL,PENDING,,2024-04
TXN-00433,2024-09-01,CORP-ZA,Finance,CC001,7001-Depreciation,Journal entry 433 - Expense claim,31711.03,20229.33,EUR,MS-SQL-SERVER,ORACLE-GL,ERROR,CURRENCY_MISMATCH,2024-09
TXN-00434,2024-09-28,CORP-US,Finance,CC006,5001-Revenue,Journal entry 434 - Expense claim,44611.12,44611.12,USD,MS-SQL-SERVER,ORACLE-GL,VALID,,2024-09
TXN-00435,2024-02-22,CORP-ZA,Sales,CC005,6002-Travel,Journal entry 435 - Expense claim,43861.56,15673.4,GBP,MS-SQL-SERVER,ORACLE-GL,PENDING,,2024-02
TXN-00436,2024-05-28,CORP-ZA,Procurement,CC005,7001-Depreciation,Journal entry 436 - Payroll posting,14980.29,14980.29,EUR,MS-SQL-SERVER,ORACLE-GL,VALID,,2024-05
TXN-00437,2024-03-09,CORP-NG,IT,CC003,6001-Salaries,Journal entry 437 - Expense claim,44409.9,44409.9,NGN,MS-SQL-SERVER,ORACLE-GL,VALID,,2024-03
TXN-00438,2024-03-08,CORP-US,Procurement,CC001,7001-Depreciation,Journal entry 438 - Payroll posting,11498.07,11498.07,USD,MS-SQL-SERVER,ORACLE-GL,VALID,,2024-03
TXN-00439,2024-11-29,CORP-UK,IT,CC006,6002-Travel,Journal entry 439 - Payroll posting,18392.91,18392.91,GBP,MS-SQL-SERVER,ORACLE-GL,VALID,,2024-11
TXN-00440,2024-01-11,CORP-UK,Procurement,CC001,6003-Utilities,Journal entry 440 - Asset write-off,33132.3,32713.02,NGN,MS-SQL-SERVER,ORACLE-GL,ERROR,,2024-01
TXN-00441,2024-08-30,CORP-US,Operations,CC006,8001-Tax,Journal entry 441 - Monthly accrual,27409.39,27409.39,EUR,MS-SQL-SERVER,ORACLE-GL,VALID,,2024-08
TXN-00442,2024-12-05,CORP-NG,Sales,CC005,8001-Tax,Journal entry 442 - Expense claim,33117.06,33117.06,NGN,MS-SQL-SERVER,ORACLE-GL,VALID,,2024-12
TXN-00443,2024-11-12,CORP-UK,HR,CC001,5001-Revenue,Journal entry 443 - Asset write-off,25628.08,25628.08,USD,MS-SQL-SERVER,ORACLE-GL,VALID,,2024-11
TXN-00444,2024-04-13,CORP-NG,Procurement,CC004,6002-Travel,Journal entry 444 - Expense claim,38920.15,41591.79,GBP,MS-SQL-SERVER,ORACLE-GL,ERROR,,2024-04
TXN-00445,2024-09-03,CORP-NG,Operations,CC001,5001-Revenue,Journal entry 445 - Monthly accrual,45526.8,34441.38,GBP,MS-SQL-SERVER,ORACLE-GL,ERROR,DUPLICATE_ENTRY,2024-09
TXN-00446,2024-09-18,CORP-UK,Procurement,CC006,5001-Revenue,Journal entry 446 - Revenue recognition,7542.31,4595.13,USD,MS-SQL-SERVER,ORACLE-GL,ERROR,DUPLICATE_ENTRY,2024-09
TXN-00447,2024-05-31,CORP-NG,IT,CC001,5001-Revenue,Journal entry 447 - Expense claim,49434.43,49434.43,GBP,MS-SQL-SERVER,ORACLE-GL,VALID,,2024-05
TXN-00448,2024-12-12,CORP-NG,IT,CC006,5001-Revenue,Journal entry 448 - Monthly accrual,18074.71,18074.71,GBP,MS-SQL-SERVER,ORACLE-GL,VALID,,2024-12
TXN-00449,2024-12-05,CORP-US,HR,CC003,6003-Utilities,Journal entry 449 - Payroll posting,42614.74,42614.74,EUR,MS-SQL-SERVER,ORACLE-GL,VALID,,2024-12
TXN-00450,2024-04-03,CORP-UK,IT,CC004,6003-Utilities,Journal entry 450 - Revenue recognition,4738.27,40766.72,NGN,MS-SQL-SERVER,ORACLE-GL,PENDING,,2024-04
TXN-00451,2024-11-28,CORP-US,Finance,CC002,8001-Tax,Journal entry 451 - Monthly accrual,42548.51,40014.96,USD,MS-SQL-SERVER,ORACLE-GL,PENDING,,2024-11
TXN-00452,2024-10-29,CORP-ZA,Sales,CC006,6003-Utilities,Journal entry 452 - Expense claim,20859.78,20859.78,NGN,MS-SQL-SERVER,ORACLE-GL,VALID,,2024-10
TXN-00453,2024-12-16,CORP-US,IT,CC004,5001-Revenue,Journal entry 453 - Asset write-off,30606.79,30606.79,NGN,MS-SQL-SERVER,ORACLE-GL,VALID,,2024-12
TXN-00454,2024-12-01,CORP-NG,Finance,CC006,8001-Tax,Journal entry 454 - Payroll posting,3260.47,3260.47,USD,MS-SQL-SERVER,ORACLE-GL,VALID,,2024-12
TXN-00455,2024-12-18,CORP-UK,IT,CC006,8001-Tax,Journal entry 455 - Expense claim,43669.86,26003.07,NGN,MS-SQL-SERVER,ORACLE-GL,PENDING,,2024-12
TXN-00456,2024-11-24,CORP-ZA,Operations,CC005,7001-Depreciation,Journal entry 456 - Monthly accrual,33219.16,33219.16,GBP,MS-SQL-SERVER,ORACLE-GL,VALID,,2024-11
TXN-00457,2024-08-28,CORP-ZA,Operations,CC001,6003-Utilities,Journal entry 457 - Revenue recognition,46725.13,25327.82,USD,MS-SQL-SERVER,ORACLE-GL,PENDING,,2024-08
TXN-00458,2024-01-26,CORP-US,Sales,CC006,6003-Utilities,Journal entry 458 - Asset write-off,48510.24,48510.24,USD,MS-SQL-SERVER,ORACLE-GL,VALID,,2024-01
TXN-00459,2024-10-20,CORP-ZA,Finance,CC004,6003-Utilities,Journal entry 459 - Revenue recognition,23008.82,23008.82,GBP,MS-SQL-SERVER,ORACLE-GL,VALID,,2024-10
TXN-00460,2024-01-10,CORP-UK,IT,CC004,5001-Revenue,Journal entry 460 - Payroll posting,37287.42,37287.42,GBP,MS-SQL-SERVER,ORACLE-GL,VALID,,2024-01
TXN-00461,2024-11-12,CORP-NG,Sales,CC005,6001-Salaries,Journal entry 461 - Asset write-off,39609.99,39609.99,EUR,MS-SQL-SERVER,ORACLE-GL,VALID,,2024-11
TXN-00462,2024-04-24,CORP-ZA,HR,CC005,7001-Depreciation,Journal entry 462 - Payroll posting,41283.02,41283.02,NGN,MS-SQL-SERVER,ORACLE-GL,VALID,,2024-04
TXN-00463,2024-02-28,CORP-UK,Procurement,CC002,5001-Revenue,Journal entry 463 - Revenue recognition,32892.64,35824.08,EUR,MS-SQL-SERVER,ORACLE-GL,PENDING,,2024-02
TXN-00464,2024-09-24,CORP-NG,Procurement,CC001,5001-Revenue,Journal entry 464 - Expense claim,48225.24,14669.98,NGN,MS-SQL-SERVER,ORACLE-GL,PENDING,,2024-09
TXN-00465,2024-07-28,CORP-UK,HR,CC005,6001-Salaries,Journal entry 465 - Expense claim,41109.75,41109.75,GBP,MS-SQL-SERVER,ORACLE-GL,VALID,,2024-07
TXN-00466,2024-04-07,CORP-NG,Finance,CC004,5001-Revenue,Journal entry 466 - Payroll posting,10857.92,10857.92,GBP,MS-SQL-SERVER,ORACLE-GL,VALID,,2024-04
TXN-00467,2024-10-28,CORP-US,IT,CC001,7001-Depreciation,Journal entry 467 - Monthly accrual,22923.66,22923.66,NGN,MS-SQL-SERVER,ORACLE-GL,VALID,,2024-10
TXN-00468,2024-03-31,CORP-US,Procurement,CC002,5001-Revenue,Journal entry 468 - Asset write-off,46226.11,39075.97,EUR,MS-SQL-SERVER,ORACLE-GL,ERROR,DUPLICATE_ENTRY,2024-03
TXN-00469,2024-12-20,CORP-US,HR,CC004,6002-Travel,Journal entry 469 - Revenue recognition,20991.37,30488.79,NGN,MS-SQL-SERVER,ORACLE-GL,ERROR,CURRENCY_MISMATCH,2024-12
TXN-00470,2024-11-04,CORP-NG,Procurement,CC005,6002-Travel,Journal entry 470 - Payroll posting,6995.18,6995.18,USD,MS-SQL-SERVER,ORACLE-GL,VALID,,2024-11
TXN-00471,2024-05-28,CORP-NG,Procurement,CC002,8001-Tax,Journal entry 471 - Expense claim,10564.66,10564.66,EUR,MS-SQL-SERVER,ORACLE-GL,VALID,,2024-05
TXN-00472,2024-09-02,CORP-ZA,Procurement,CC006,7001-Depreciation,Journal entry 472 - Revenue recognition,5858.72,17676.67,NGN,MS-SQL-SERVER,ORACLE-GL,PENDING,,2024-09
TXN-00473,2024-01-13,CORP-ZA,Operations,CC001,8001-Tax,Journal entry 473 - Monthly accrual,26184.23,26184.23,USD,MS-SQL-SERVER,ORACLE-GL,VALID,,2024-01
TXN-00474,2024-03-23,CORP-NG,Procurement,CC003,6001-Salaries,Journal entry 474 - Monthly accrual,37534.23,37534.23,EUR,MS-SQL-SERVER,ORACLE-GL,VALID,,2024-03
TXN-00475,2024-01-17,CORP-NG,IT,CC001,7001-Depreciation,Journal entry 475 - Payroll posting,37704.34,37704.34,USD,MS-SQL-SERVER,ORACLE-GL,VALID,,2024-01
TXN-00476,2024-09-18,CORP-NG,Procurement,CC006,5001-Revenue,Journal entry 476 - Asset write-off,32391.26,19505.44,NGN,MS-SQL-SERVER,ORACLE-GL,PENDING,,2024-09
TXN-00477,2024-12-16,CORP-NG,Sales,CC001,5001-Revenue,Journal entry 477 - Revenue recognition,47839.43,47839.43,USD,MS-SQL-SERVER,ORACLE-GL,VALID,,2024-12
TXN-00478,2024-12-26,CORP-NG,Sales,CC005,8001-Tax,Journal entry 478 - Payroll posting,41516.18,45583.17,USD,MS-SQL-SERVER,ORACLE-GL,ERROR,DUPLICATE_ENTRY,2024-12
TXN-00479,2024-03-31,CORP-UK,Operations,CC002,8001-Tax,Journal entry 479 - Payroll posting,48218.06,14779.47,GBP,MS-SQL-SERVER,ORACLE-GL,PENDING,,2024-03
TXN-00480,2024-05-22,CORP-NG,Operations,CC002,7001-Depreciation,Journal entry 480 - Revenue recognition,2127.65,2127.65,GBP,MS-SQL-SERVER,ORACLE-GL,VALID,,2024-05
TXN-00481,2024-03-20,CORP-UK,Operations,CC003,7001-Depreciation,Journal entry 481 - Monthly accrual,23369.93,23369.93,EUR,MS-SQL-SERVER,ORACLE-GL,VALID,,2024-03
TXN-00482,2024-10-08,CORP-NG,Finance,CC006,6002-Travel,Journal entry 482 - Payroll posting,39516.42,39516.42,USD,MS-SQL-SERVER,ORACLE-GL,VALID,,2024-10
TXN-00483,2024-09-15,CORP-US,IT,CC005,7001-Depreciation,Journal entry 483 - Asset write-off,26078.25,26078.25,GBP,MS-SQL-SERVER,ORACLE-GL,VALID,,2024-09
TXN-00484,2024-04-19,CORP-NG,HR,CC003,6002-Travel,Journal entry 484 - Expense claim,11137.78,11137.78,NGN,MS-SQL-SERVER,ORACLE-GL,VALID,,2024-04
TXN-00485,2024-05-03,CORP-US,Finance,CC006,6002-Travel,Journal entry 485 - Asset write-off,5824.63,17365.76,GBP,MS-SQL-SERVER,ORACLE-GL,ERROR,,2024-05
TXN-00486,2024-05-24,CORP-UK,Sales,CC003,7001-Depreciation,Journal entry 486 - Payroll posting,12903.87,12903.87,NGN,MS-SQL-SERVER,ORACLE-GL,VALID,,2024-05
TXN-00487,2024-11-29,CORP-US,HR,CC005,5001-Revenue,Journal entry 487 - Monthly accrual,2288.2,2288.2,USD,MS-SQL-SERVER,ORACLE-GL,VALID,,2024-11
TXN-00488,2024-11-18,CORP-US,Procurement,CC004,5001-Revenue,Journal entry 488 - Expense claim,31383.96,10618.0,NGN,MS-SQL-SERVER,ORACLE-GL,ERROR,,2024-11
TXN-00489,2024-12-17,CORP-US,Finance,CC004,8001-Tax,Journal entry 489 - Revenue recognition,40856.04,3698.81,GBP,MS-SQL-SERVER,ORACLE-GL,PENDING,,2024-12
TXN-00490,2024-04-01,CORP-NG,Sales,CC001,7001-Depreciation,Journal entry 490 - Expense claim,3755.08,3755.08,EUR,MS-SQL-SERVER,ORACLE-GL,VALID,,2024-04
TXN-00491,2024-11-18,CORP-ZA,IT,CC003,5001-Revenue,Journal entry 491 - Asset write-off,19462.83,19462.83,GBP,MS-SQL-SERVER,ORACLE-GL,VALID,,2024-11
TXN-00492,2024-10-26,CORP-UK,Procurement,CC001,6002-Travel,Journal entry 492 - Payroll posting,32107.0,30955.63,GBP,MS-SQL-SERVER,ORACLE-GL,ERROR,,2024-10
TXN-00493,2024-06-03,CORP-UK,HR,CC004,6003-Utilities,Journal entry 493 - Asset write-off,39365.91,39365.91,GBP,MS-SQL-SERVER,ORACLE-GL,VALID,,2024-06
TXN-00494,2024-04-22,CORP-US,Procurement,CC004,7001-Depreciation,Journal entry 494 - Revenue recognition,7900.54,7900.54,USD,MS-SQL-SERVER,ORACLE-GL,VALID,,2024-04
TXN-00495,2024-11-27,CORP-NG,Finance,CC005,7001-Depreciation,Journal entry 495 - Expense claim,33896.72,33896.72,GBP,MS-SQL-SERVER,ORACLE-GL,VALID,,2024-11
TXN-00496,2024-11-01,CORP-ZA,Sales,CC005,5001-Revenue,Journal entry 496 - Revenue recognition,350.99,350.99,USD,MS-SQL-SERVER,ORACLE-GL,VALID,,2024-11
TXN-00497,2024-04-18,CORP-ZA,Procurement,CC005,6001-Salaries,Journal entry 497 - Expense claim,37097.38,36324.27,USD,MS-SQL-SERVER,ORACLE-GL,PENDING,,2024-04
TXN-00498,2024-05-09,CORP-US,Finance,CC002,8001-Tax,Journal entry 498 - Payroll posting,30882.56,30882.56,GBP,MS-SQL-SERVER,ORACLE-GL,VALID,,2024-05
TXN-00499,2024-12-09,CORP-UK,HR,CC001,6001-Salaries,Journal entry 499 - Payroll posting,32269.26,3749.91,NGN,MS-SQL-SERVER,ORACLE-GL,ERROR,DUPLICATE_ENTRY,2024-12
TXN-00500,2024-12-09,CORP-US,Finance,CC003,7001-Depreciation,Journal entry 500 - Monthly accrual,17921.2,17921.2,USD,MS-SQL-SERVER,ORACLE-GL,VALID,,2024-12
TXN-00501,2024-06-17,CORP-NG,Procurement,CC005,6001-Salaries,Journal entry 501 - Payroll posting,24344.48,24344.48,EUR,MS-SQL-SERVER,ORACLE-GL,VALID,,2024-06
TXN-00502,2024-03-27,CORP-UK,HR,CC002,6001-Salaries,Journal entry 502 - Asset write-off,47937.08,47937.08,EUR,MS-SQL-SERVER,ORACLE-GL,VALID,,2024-03
TXN-00503,2024-06-18,CORP-ZA,IT,CC004,6002-Travel,Journal entry 503 - Revenue recognition,6801.86,6801.86,NGN,MS-SQL-SERVER,ORACLE-GL,VALID,,2024-06
TXN-00504,2024-05-23,CORP-US,Sales,CC002,6002-Travel,Journal entry 504 - Monthly accrual,8870.93,30370.72,GBP,MS-SQL-SERVER,ORACLE-GL,ERROR,,2024-05
TXN-00505,2024-11-19,CORP-UK,Sales,CC005,6003-Utilities,Journal entry 505 - Payroll posting,42494.4,42494.4,USD,MS-SQL-SERVER,ORACLE-GL,VALID,,2024-11
TXN-00506,2024-10-05,CORP-ZA,Procurement,CC002,6002-Travel,Journal entry 506 - Asset write-off,27624.54,27624.54,USD,MS-SQL-SERVER,ORACLE-GL,VALID,,2024-10
TXN-00507,2024-02-16,CORP-ZA,HR,,7001-Depreciation,Journal entry 507 - Monthly accrual,6780.67,25106.05,USD,MS-SQL-SERVER,ORACLE-GL,ERROR,MISSING_COST_CENTRE,2024-02
TXN-00508,2024-03-22,CORP-US,Sales,CC005,8001-Tax,Journal entry 508 - Expense claim,37884.58,7104.5,NGN,MS-SQL-SERVER,ORACLE-GL,ERROR,,2024-03
TXN-00509,2024-09-06,CORP-US,Finance,CC003,6002-Travel,Journal entry 509 - Expense claim,2116.95,2116.95,GBP,MS-SQL-SERVER,ORACLE-GL,VALID,,2024-09
TXN-00510,2024-07-03,CORP-ZA,IT,CC004,5001-Revenue,Journal entry 510 - Monthly accrual,10418.03,45395.53,EUR,MS-SQL-SERVER,ORACLE-GL,PENDING,,2024-07
TXN-00511,2024-09-23,CORP-NG,Procurement,CC003,7001-Depreciation,Journal entry 511 - Payroll posting,35216.44,35216.44,USD,MS-SQL-SERVER,ORACLE-GL,VALID,,2024-09
TXN-00512,2024-07-06,CORP-UK,Sales,CC003,6003-Utilities,Journal entry 512 - Expense claim,32718.4,32718.4,NGN,MS-SQL-SERVER,ORACLE-GL,VALID,,2024-07
TXN-00513,2024-06-25,CORP-ZA,IT,CC005,5001-Revenue,Journal entry 513 - Payroll posting,40880.11,40880.11,USD,MS-SQL-SERVER,ORACLE-GL,VALID,,2024-06
TXN-00514,2024-02-09,CORP-NG,Operations,CC002,6001-Salaries,Journal entry 514 - Expense claim,8363.73,8363.73,EUR,MS-SQL-SERVER,ORACLE-GL,VALID,,2024-02
TXN-00515,2024-06-18,CORP-UK,IT,CC006,6003-Utilities,Journal entry 515 - Asset write-off,33089.37,20789.22,USD,MS-SQL-SERVER,ORACLE-GL,ERROR,,2024-06
TXN-00516,2024-05-04,CORP-UK,Operations,CC005,7001-Depreciation,Journal entry 516 - Expense claim,32398.24,20603.87,USD,MS-SQL-SERVER,ORACLE-GL,ERROR,,2024-05
TXN-00517,2024-03-16,CORP-UK,Operations,CC003,6001-Salaries,Journal entry 517 - Payroll posting,25680.88,44550.8,NGN,MS-SQL-SERVER,ORACLE-GL,PENDING,,2024-03
TXN-00518,2024-05-25,CORP-UK,Operations,CC004,7001-Depreciation,Journal entry 518 - Asset write-off,43937.6,36425.92,NGN,MS-SQL-SERVER,ORACLE-GL,ERROR,,2024-05
TXN-00519,2024-07-29,CORP-US,Sales,CC002,7001-Depreciation,Journal entry 519 - Payroll posting,11046.25,11046.25,EUR,MS-SQL-SERVER,ORACLE-GL,VALID,,2024-07
TXN-00520,2024-06-24,CORP-ZA,Sales,CC005,5001-Revenue,Journal entry 520 - Expense claim,36236.92,36236.92,NGN,MS-SQL-SERVER,ORACLE-GL,VALID,,2024-06
TXN-00521,2024-01-09,CORP-US,Sales,CC005,8001-Tax,Journal entry 521 - Asset write-off,6697.44,6697.44,USD,MS-SQL-SERVER,ORACLE-GL,VALID,,2024-01
TXN-00522,2024-11-03,CORP-UK,Sales,CC005,5001-Revenue,Journal entry 522 - Monthly accrual,8953.37,45090.25,NGN,MS-SQL-SERVER,ORACLE-GL,ERROR,,2024-11
TXN-00523,2024-01-01,CORP-ZA,Sales,CC004,6002-Travel,Journal entry 523 - Monthly accrual,6603.41,30213.39,NGN,MS-SQL-SERVER,ORACLE-GL,PENDING,,2024-01
TXN-00524,2024-09-03,CORP-ZA,HR,CC005,8001-Tax,Journal entry 524 - Payroll posting,46927.24,46927.24,GBP,MS-SQL-SERVER,ORACLE-GL,VALID,,2024-09
TXN-00525,2024-09-01,CORP-US,Finance,CC003,7001-Depreciation,Journal entry 525 - Payroll posting,6780.77,6780.77,NGN,MS-SQL-SERVER,ORACLE-GL,VALID,,2024-09
TXN-00526,2024-12-29,CORP-UK,Sales,CC005,5001-Revenue,Journal entry 526 - Payroll posting,9532.15,9532.15,GBP,MS-SQL-SERVER,ORACLE-GL,VALID,,2024-12
TXN-00527,2024-12-18,CORP-NG,IT,CC003,5001-Revenue,Journal entry 527 - Expense claim,32761.85,32761.85,NGN,MS-SQL-SERVER,ORACLE-GL,VALID,,2024-12
TXN-00528,2024-10-01,CORP-ZA,Sales,CC003,7001-Depreciation,Journal entry 528 - Revenue recognition,29309.97,13139.01,NGN,MS-SQL-SERVER,ORACLE-GL,PENDING,,2024-10
TXN-00529,2024-10-12,CORP-ZA,Operations,CC003,7001-Depreciation,Journal entry 529 - Payroll posting,20720.09,20720.09,NGN,MS-SQL-SERVER,ORACLE-GL,VALID,,2024-10
TXN-00530,2024-10-22,CORP-NG,Procurement,CC004,8001-Tax,Journal entry 530 - Expense claim,49426.56,49426.56,GBP,MS-SQL-SERVER,ORACLE-GL,VALID,,2024-10
TXN-00531,2024-03-23,CORP-UK,Operations,CC005,6003-Utilities,Journal entry 531 - Revenue recognition,11565.59,39177.15,GBP,MS-SQL-SERVER,ORACLE-GL,PENDING,,2024-03
TXN-00532,2024-11-21,CORP-UK,Finance,CC002,6003-Utilities,Journal entry 532 - Payroll posting,19516.27,19516.27,NGN,MS-SQL-SERVER,ORACLE-GL,VALID,,2024-11
TXN-00533,2024-04-23,CORP-NG,Finance,CC005,5001-Revenue,Journal entry 533 - Asset write-off,3297.61,3297.61,NGN,MS-SQL-SERVER,ORACLE-GL,VALID,,2024-04
TXN-00534,2024-03-30,CORP-ZA,IT,,5001-Revenue,Journal entry 534 - Expense claim,35609.13,29913.88,EUR,MS-SQL-SERVER,ORACLE-GL,ERROR,MISSING_COST_CENTRE,2024-03
TXN-00535,2024-11-02,CORP-US,Sales,CC002,8001-Tax,Journal entry 535 - Monthly accrual,1777.11,1777.11,EUR,MS-SQL-SERVER,ORACLE-GL,VALID,,2024-11
TXN-00536,2024-03-21,CORP-UK,HR,CC004,6002-Travel,Journal entry 536 - Asset write-off,32785.45,32785.45,NGN,MS-SQL-SERVER,ORACLE-GL,VALID,,2024-03
TXN-00537,2024-02-05,CORP-UK,Sales,CC003,8001-Tax,Journal entry 537 - Payroll posting,25935.36,36872.58,EUR,MS-SQL-SERVER,ORACLE-GL,ERROR,,2024-02
TXN-00538,2024-05-21,CORP-US,Sales,CC002,6003-Utilities,Journal entry 538 - Asset write-off,48168.05,48168.05,GBP,MS-SQL-SERVER,ORACLE-GL,VALID,,2024-05
TXN-00539,2024-09-16,CORP-UK,Sales,CC001,7001-Depreciation,Journal entry 539 - Revenue recognition,8834.24,8834.24,EUR,MS-SQL-SERVER,ORACLE-GL,VALID,,2024-09
TXN-00540,2024-05-11,CORP-NG,Procurement,CC004,6003-Utilities,Journal entry 540 - Payroll posting,40166.82,40166.82,NGN,MS-SQL-SERVER,ORACLE-GL,VALID,,2024-05
TXN-00541,2024-08-22,CORP-ZA,Sales,CC001,6003-Utilities,Journal entry 541 - Monthly accrual,37897.92,37897.92,EUR,MS-SQL-SERVER,ORACLE-GL,VALID,,2024-08
TXN-00542,2024-04-22,CORP-US,HR,CC004,6002-Travel,Journal entry 542 - Payroll posting,19195.39,19195.39,GBP,MS-SQL-SERVER,ORACLE-GL,VALID,,2024-04
TXN-00543,2024-02-17,CORP-ZA,Procurement,CC006,6002-Travel,Journal entry 543 - Monthly accrual,41625.63,12488.05,USD,MS-SQL-SERVER,ORACLE-GL,PENDING,,2024-02
TXN-00544,2024-04-21,CORP-NG,Operations,CC006,8001-Tax,Journal entry 544 - Expense claim,15762.25,15762.25,NGN,MS-SQL-SERVER,ORACLE-GL,VALID,,2024-04
TXN-00545,2024-05-15,CORP-US,Operations,CC002,6001-Salaries,Journal entry 545 - Payroll posting,10063.36,36797.91,EUR,MS-SQL-SERVER,ORACLE-GL,PENDING,,2024-05
TXN-00546,2024-03-02,CORP-UK,Procurement,CC006,6003-Utilities,Journal entry 546 - Payroll posting,38969.03,38969.03,GBP,MS-SQL-SERVER,ORACLE-GL,VALID,,2024-03
TXN-00547,2024-06-10,CORP-ZA,Sales,CC003,6003-Utilities,Journal entry 547 - Expense claim,42415.73,18622.71,EUR,MS-SQL-SERVER,ORACLE-GL,ERROR,,2024-06
TXN-00548,2024-10-22,CORP-US,Finance,CC005,6003-Utilities,Journal entry 548 - Asset write-off,11182.43,11182.43,GBP,MS-SQL-SERVER,ORACLE-GL,VALID,,2024-10
TXN-00549,2024-03-30,CORP-ZA,Finance,CC006,XXXX-UNKNOWN,Journal entry 549 - Payroll posting,19746.47,34348.3,NGN,MS-SQL-SERVER,ORACLE-GL,ERROR,INVALID_ACCOUNT,2024-03
TXN-00550,2024-01-07,CORP-US,IT,CC005,5001-Revenue,Journal entry 550 - Revenue recognition,34491.61,34491.61,EUR,MS-SQL-SERVER,ORACLE-GL,VALID,,2024-01
TXN-00551,2024-05-17,CORP-ZA,Sales,,6002-Travel,Journal entry 551 - Revenue recognition,9438.91,13216.17,USD,MS-SQL-SERVER,ORACLE-GL,ERROR,MISSING_COST_CENTRE,2024-05
TXN-00552,2024-08-02,CORP-NG,HR,CC004,6002-Travel,Journal entry 552 - Asset write-off,21254.75,21254.75,USD,MS-SQL-SERVER,ORACLE-GL,VALID,,2024-08
TXN-00553,2024-02-21,CORP-NG,Operations,CC005,6003-Utilities,Journal entry 553 - Asset write-off,48965.7,34331.99,USD,MS-SQL-SERVER,ORACLE-GL,ERROR,,2024-02
TXN-00554,2024-03-17,CORP-ZA,Finance,CC002,6003-Utilities,Journal entry 554 - Asset write-off,40021.87,40021.87,USD,MS-SQL-SERVER,ORACLE-GL,VALID,,2024-03
TXN-00555,2024-09-06,CORP-NG,HR,CC005,7001-Depreciation,Journal entry 555 - Monthly accrual,25898.65,36055.96,NGN,MS-SQL-SERVER,ORACLE-GL,PENDING,,2024-09
TXN-00556,2024-01-31,CORP-US,HR,CC004,8001-Tax,Journal entry 556 - Monthly accrual,34558.1,34558.1,NGN,MS-SQL-SERVER,ORACLE-GL,VALID,,2024-01
TXN-00557,2024-10-13,CORP-NG,HR,CC001,6003-Utilities,Journal entry 557 - Monthly accrual,16799.36,18112.0,EUR,MS-SQL-SERVER,ORACLE-GL,PENDING,,2024-10
TXN-00558,2024-10-21,CORP-US,HR,CC003,6002-Travel,Journal entry 558 - Payroll posting,48159.52,10028.01,NGN,MS-SQL-SERVER,ORACLE-GL,PENDING,,2024-10
TXN-00559,2024-11-10,CORP-NG,IT,CC006,6001-Salaries,Journal entry 559 - Expense claim,22401.81,4012.54,EUR,MS-SQL-SERVER,ORACLE-GL,PENDING,,2024-11
TXN-00560,2024-10-19,CORP-ZA,Finance,CC001,6001-Salaries,Journal entry 560 - Revenue recognition,31600.54,31600.54,USD,MS-SQL-SERVER,ORACLE-GL,VALID,,2024-10
TXN-00561,2024-05-29,CORP-NG,Sales,CC006,6003-Utilities,Journal entry 561 - Revenue recognition,15912.22,15912.22,NGN,MS-SQL-SERVER,ORACLE-GL,VALID,,2024-05
TXN-00562,2024-09-23,CORP-ZA,IT,CC002,6001-Salaries,Journal entry 562 - Monthly accrual,37419.99,37419.99,USD,MS-SQL-SERVER,ORACLE-GL,VALID,,2024-09
TXN-00563,2024-12-24,CORP-UK,Operations,CC002,6003-Utilities,Journal entry 563 - Monthly accrual,11807.9,12657.19,GBP,MS-SQL-SERVER,ORACLE-GL,PENDING,,2024-12
TXN-00564,2024-08-30,CORP-UK,Finance,CC004,7001-Depreciation,Journal entry 564 - Monthly accrual,46846.0,46846.0,GBP,MS-SQL-SERVER,ORACLE-GL,VALID,,2024-08
TXN-00565,2024-02-13,CORP-ZA,HR,CC002,6001-Salaries,Journal entry 565 - Revenue recognition,30943.3,30943.3,NGN,MS-SQL-SERVER,ORACLE-GL,VALID,,2024-02
TXN-00566,2024-03-28,CORP-UK,Finance,CC006,6002-Travel,Journal entry 566 - Revenue recognition,6407.94,26384.44,NGN,MS-SQL-SERVER,ORACLE-GL,PENDING,,2024-03
TXN-00567,2024-10-03,CORP-NG,Sales,CC004,6001-Salaries,Journal entry 567 - Payroll posting,48751.58,48751.58,USD,MS-SQL-SERVER,ORACLE-GL,VALID,,2024-10
TXN-00568,2024-10-15,CORP-ZA,Sales,CC006,8001-Tax,Journal entry 568 - Payroll posting,31589.27,31828.97,EUR,MS-SQL-SERVER,ORACLE-GL,ERROR,DUPLICATE_ENTRY,2024-10
TXN-00569,2024-04-26,CORP-UK,IT,CC003,6002-Travel,Journal entry 569 - Asset write-off,24134.42,24134.42,EUR,MS-SQL-SERVER,ORACLE-GL,VALID,,2024-04
TXN-00570,2024-01-01,CORP-US,HR,CC003,6003-Utilities,Journal entry 570 - Payroll posting,15248.29,15248.29,GBP,MS-SQL-SERVER,ORACLE-GL,VALID,,2024-01
TXN-00571,2024-09-01,CORP-NG,Finance,CC004,6002-Travel,Journal entry 571 - Payroll posting,46112.21,47353.18,USD,MS-SQL-SERVER,ORACLE-GL,PENDING,,2024-09
TXN-00572,2024-04-06,CORP-ZA,Sales,CC004,6003-Utilities,Journal entry 572 - Expense claim,27455.79,27455.79,USD,MS-SQL-SERVER,ORACLE-GL,VALID,,2024-04
TXN-00573,2024-07-12,CORP-US,HR,CC001,6003-Utilities,Journal entry 573 - Expense claim,36882.18,19547.19,EUR,MS-SQL-SERVER,ORACLE-GL,PENDING,,2024-07
TXN-00574,2024-09-29,CORP-NG,IT,CC002,5001-Revenue,Journal entry 574 - Expense claim,32458.01,32458.01,USD,MS-SQL-SERVER,ORACLE-GL,VALID,,2024-09
TXN-00575,2024-08-21,CORP-ZA,HR,CC006,7001-Depreciation,Journal entry 575 - Asset write-off,5606.78,5606.78,USD,MS-SQL-SERVER,ORACLE-GL,VALID,,2024-08
TXN-00576,2024-01-26,CORP-UK,Operations,CC001,6002-Travel,Journal entry 576 - Revenue recognition,1067.83,1067.83,USD,MS-SQL-SERVER,ORACLE-GL,VALID,,2024-01
TXN-00577,2024-02-16,CORP-US,Finance,CC004,6001-Salaries,Journal entry 577 - Revenue recognition,21976.99,509.38,NGN,MS-SQL-SERVER,ORACLE-GL,PENDING,,2024-02
TXN-00578,2024-09-12,CORP-NG,IT,CC006,5001-Revenue,Journal entry 578 - Revenue recognition,39307.69,39307.69,GBP,MS-SQL-SERVER,ORACLE-GL,VALID,,2024-09
TXN-00579,2024-07-19,CORP-UK,Sales,CC004,6001-Salaries,Journal entry 579 - Expense claim,2896.31,2896.31,EUR,MS-SQL-SERVER,ORACLE-GL,VALID,,2024-07
TXN-00580,2024-03-03,CORP-US,IT,CC004,6001-Salaries,Journal entry 580 - Monthly accrual,41429.78,41429.78,USD,MS-SQL-SERVER,ORACLE-GL,VALID,,2024-03
TXN-00581,2024-02-18,CORP-US,IT,CC004,8001-Tax,Journal entry 581 - Revenue recognition,36792.61,36792.61,EUR,MS-SQL-SERVER,ORACLE-GL,VALID,,2024-02
TXN-00582,2024-01-22,CORP-UK,HR,CC004,8001-Tax,Journal entry 582 - Revenue recognition,31495.3,31495.3,USD,MS-SQL-SERVER,ORACLE-GL,VALID,,2024-01
TXN-00583,2024-12-07,CORP-US,Finance,CC002,8001-Tax,Journal entry 583 - Asset write-off,44387.23,44387.23,EUR,MS-SQL-SERVER,ORACLE-GL,VALID,,2024-12
TXN-00584,2024-05-21,CORP-UK,IT,CC002,5001-Revenue,Journal entry 584 - Monthly accrual,8451.28,8451.28,NGN,MS-SQL-SERVER,ORACLE-GL,VALID,,2024-05
TXN-00585,2024-02-15,CORP-US,Operations,CC004,5001-Revenue,Journal entry 585 - Payroll posting,29850.99,18632.79,EUR,MS-SQL-SERVER,ORACLE-GL,PENDING,,2024-02
TXN-00586,2024-03-19,CORP-UK,Operations,CC004,6001-Salaries,Journal entry 586 - Revenue recognition,3096.61,17840.33,EUR,MS-SQL-SERVER,ORACLE-GL,PENDING,,2024-03
TXN-00587,2024-01-11,CORP-ZA,HR,CC006,6001-Salaries,Journal entry 587 - Revenue recognition,36686.12,36686.12,GBP,MS-SQL-SERVER,ORACLE-GL,VALID,,2024-01
TXN-00588,2024-10-13,CORP-NG,Sales,CC006,6003-Utilities,Journal entry 588 - Expense claim,35360.64,35360.64,USD,MS-SQL-SERVER,ORACLE-GL,VALID,,2024-10
TXN-00589,2024-11-02,CORP-US,Finance,CC005,XXXX-UNKNOWN,Journal entry 589 - Expense claim,16251.68,23472.9,NGN,MS-SQL-SERVER,ORACLE-GL,ERROR,INVALID_ACCOUNT,2024-11
TXN-00590,2024-10-04,CORP-NG,IT,CC001,8001-Tax,Journal entry 590 - Payroll posting,40988.99,40988.99,NGN,MS-SQL-SERVER,ORACLE-GL,VALID,,2024-10
TXN-00591,2024-07-05,CORP-US,HR,CC006,5001-Revenue,Journal entry 591 - Payroll posting,9358.16,1034.12,NGN,MS-SQL-SERVER,ORACLE-GL,PENDING,,2024-07
TXN-00592,2024-09-11,CORP-US,Sales,CC003,6002-Travel,Journal entry 592 - Asset write-off,26251.08,26251.08,EUR,MS-SQL-SERVER,ORACLE-GL,VALID,,2024-09
TXN-00593,2024-12-03,CORP-UK,Finance,CC002,6001-Salaries,Journal entry 593 - Monthly accrual,4903.19,4903.19,USD,MS-SQL-SERVER,ORACLE-GL,VALID,,2024-12
TXN-00594,2024-02-20,CORP-UK,Sales,CC006,6003-Utilities,Journal entry 594 - Asset write-off,24319.98,24319.98,EUR,MS-SQL-SERVER,ORACLE-GL,VALID,,2024-02
TXN-00595,2024-11-06,CORP-UK,Finance,CC002,8001-Tax,Journal entry 595 - Asset write-off,18381.07,18381.07,GBP,MS-SQL-SERVER,ORACLE-GL,VALID,,2024-11
TXN-00596,2024-02-01,CORP-NG,Sales,CC006,6003-Utilities,Journal entry 596 - Revenue recognition,40070.9,40070.9,GBP,MS-SQL-SERVER,ORACLE-GL,VALID,,2024-02
TXN-00597,2024-06-04,CORP-UK,Operations,,7001-Depreciation,Journal entry 597 - Monthly accrual,26498.14,36741.59,GBP,MS-SQL-SERVER,ORACLE-GL,ERROR,MISSING_COST_CENTRE,2024-06
TXN-00598,2024-04-08,CORP-US,Sales,CC006,6001-Salaries,Journal entry 598 - Payroll posting,11627.8,19328.02,NGN,MS-SQL-SERVER,ORACLE-GL,PENDING,,2024-04
TXN-00599,2024-07-02,CORP-ZA,Procurement,CC006,6003-Utilities,Journal entry 599 - Monthly accrual,5365.16,31967.35,USD,MS-SQL-SERVER,ORACLE-GL,PENDING,,2024-07
TXN-00600,2024-09-15,CORP-NG,Procurement,CC002,7001-Depreciation,Journal entry 600 - Payroll posting,27543.28,27543.28,NGN,MS-SQL-SERVER,ORACLE-GL,VALID,,2024-09
TXN-00601,2024-10-08,CORP-NG,HR,CC004,8001-Tax,Journal entry 601 - Asset write-off,45134.0,45134.0,EUR,MS-SQL-SERVER,ORACLE-GL,VALID,,2024-10
TXN-00602,2024-10-08,CORP-NG,HR,CC004,6003-Utilities,Journal entry 602 - Asset write-off,28200.92,10775.01,GBP,MS-SQL-SERVER,ORACLE-GL,ERROR,,2024-10
TXN-00603,2024-01-09,CORP-US,HR,CC001,6002-Travel,Journal entry 603 - Expense claim,1829.68,14295.66,USD,MS-SQL-SERVER,ORACLE-GL,PENDING,,2024-01
TXN-00604,2024-12-19,CORP-NG,Sales,CC005,7001-Depreciation,Journal entry 604 - Payroll posting,1182.9,1182.9,USD,MS-SQL-SERVER,ORACLE-GL,VALID,,2024-12
TXN-00605,2024-07-01,CORP-US,Operations,CC003,6002-Travel,Journal entry 605 - Payroll posting,1983.04,1983.04,USD,MS-SQL-SERVER,ORACLE-GL,VALID,,2024-07
TXN-00606,2024-06-02,CORP-UK,Sales,CC004,7001-Depreciation,Journal entry 606 - Expense claim,12886.57,12886.57,GBP,MS-SQL-SERVER,ORACLE-GL,VALID,,2024-06
TXN-00607,2024-09-06,CORP-UK,Sales,CC006,6002-Travel,Journal entry 607 - Monthly accrual,16302.13,24178.41,NGN,MS-SQL-SERVER,ORACLE-GL,PENDING,,2024-09
TXN-00608,2024-06-20,CORP-NG,IT,CC004,5001-Revenue,Journal entry 608 - Expense claim,39028.08,39028.08,GBP,MS-SQL-SERVER,ORACLE-GL,VALID,,2024-06
TXN-00609,2024-06-05,CORP-UK,HR,CC005,7001-Depreciation,Journal entry 609 - Expense claim,38893.19,19186.1,EUR,MS-SQL-SERVER,ORACLE-GL,PENDING,,2024-06
TXN-00610,2024-07-20,CORP-ZA,Sales,CC005,7001-Depreciation,Journal entry 610 - Monthly accrual,7744.55,33714.4,USD,MS-SQL-SERVER,ORACLE-GL,ERROR,,2024-07
TXN-00611,2024-07-20,CORP-US,Operations,CC003,5001-Revenue,Journal entry 611 - Asset write-off,14560.17,14560.17,GBP,MS-SQL-SERVER,ORACLE-GL,VALID,,2024-07
TXN-00612,2024-08-10,CORP-US,Operations,CC004,7001-Depreciation,Journal entry 612 - Expense claim,13201.64,19986.5,NGN,MS-SQL-SERVER,ORACLE-GL,ERROR,CURRENCY_MISMATCH,2024-08
TXN-00613,2024-04-10,CORP-US,Operations,CC001,6002-Travel,Journal entry 613 - Asset write-off,32647.2,32647.2,EUR,MS-SQL-SERVER,ORACLE-GL,VALID,,2024-04
TXN-00614,2024-12-09,CORP-ZA,IT,CC003,6002-Travel,Journal entry 614 - Expense claim,46214.49,4570.77,EUR,MS-SQL-SERVER,ORACLE-GL,PENDING,,2024-12
TXN-00615,2024-01-13,CORP-NG,Operations,CC003,7001-Depreciation,Journal entry 615 - Asset write-off,29734.47,29734.47,USD,MS-SQL-SERVER,ORACLE-GL,VALID,,2024-01
TXN-00616,2024-04-29,CORP-US,Procurement,CC003,6001-Salaries,Journal entry 616 - Monthly accrual,2339.39,2339.39,GBP,MS-SQL-SERVER,ORACLE-GL,VALID,,2024-04
TXN-00617,2024-03-16,CORP-NG,Finance,CC003,8001-Tax,Journal entry 617 - Monthly accrual,2821.45,47452.15,EUR,MS-SQL-SERVER,ORACLE-GL,PENDING,,2024-03
TXN-00618,2024-06-18,CORP-US,Procurement,CC005,6001-Salaries,Journal entry 618 - Expense claim,23612.4,23612.4,EUR,MS-SQL-SERVER,ORACLE-GL,VALID,,2024-06
TXN-00619,2024-12-21,CORP-UK,IT,CC005,8001-Tax,Journal entry 619 - Payroll posting,31189.8,49615.88,GBP,MS-SQL-SERVER,ORACLE-GL,ERROR,DUPLICATE_ENTRY,2024-12
TXN-00620,2024-05-25,CORP-US,Procurement,CC005,6002-Travel,Journal entry 620 - Monthly accrual,8598.95,8598.95,NGN,MS-SQL-SERVER,ORACLE-GL,VALID,,2024-05
TXN-00621,2024-12-04,CORP-NG,Procurement,CC006,6002-Travel,Journal entry 621 - Monthly accrual,47264.31,3423.23,GBP,MS-SQL-SERVER,ORACLE-GL,PENDING,,2024-12
TXN-00622,2024-11-28,CORP-ZA,Operations,CC004,7001-Depreciation,Journal entry 622 - Monthly accrual,43383.78,43383.78,EUR,MS-SQL-SERVER,ORACLE-GL,VALID,,2024-11
TXN-00623,2024-09-29,CORP-UK,Operations,CC002,7001-Depreciation,Journal entry 623 - Asset write-off,43351.96,43351.96,GBP,MS-SQL-SERVER,ORACLE-GL,VALID,,2024-09
TXN-00624,2024-09-28,CORP-NG,HR,CC004,6003-Utilities,Journal entry 624 - Expense claim,12444.87,12444.87,GBP,MS-SQL-SERVER,ORACLE-GL,VALID,,2024-09
TXN-00625,2024-06-30,CORP-NG,Operations,CC005,6002-Travel,Journal entry 625 - Monthly accrual,34247.14,34247.14,EUR,MS-SQL-SERVER,ORACLE-GL,VALID,,2024-06
TXN-00626,2024-01-16,CORP-NG,Operations,CC002,6002-Travel,Journal entry 626 - Asset write-off,44531.06,44531.06,USD,MS-SQL-SERVER,ORACLE-GL,VALID,,2024-01
TXN-00627,2024-09-23,CORP-US,IT,CC002,7001-Depreciation,Journal entry 627 - Expense claim,36521.49,36521.49,NGN,MS-SQL-SERVER,ORACLE-GL,VALID,,2024-09
TXN-00628,2024-06-17,CORP-ZA,Sales,CC002,6001-Salaries,Journal entry 628 - Expense claim,45495.8,45495.8,USD,MS-SQL-SERVER,ORACLE-GL,VALID,,2024-06
TXN-00629,2024-12-27,CORP-US,IT,CC002,8001-Tax,Journal entry 629 - Payroll posting,15519.02,15519.02,USD,MS-SQL-SERVER,ORACLE-GL,VALID,,2024-12
TXN-00630,2024-09-29,CORP-UK,Operations,CC003,6001-Salaries,Journal entry 630 - Monthly accrual,3483.92,3483.92,EUR,MS-SQL-SERVER,ORACLE-GL,VALID,,2024-09
TXN-00631,2024-06-04,CORP-ZA,Procurement,CC006,8001-Tax,Journal entry 631 - Revenue recognition,48063.69,48063.69,USD,MS-SQL-SERVER,ORACLE-GL,VALID,,2024-06
TXN-00632,2024-04-04,CORP-UK,Sales,CC005,6002-Travel,Journal entry 632 - Payroll posting,5427.89,5427.89,USD,MS-SQL-SERVER,ORACLE-GL,VALID,,2024-04
TXN-00633,2024-02-10,CORP-ZA,Operations,CC005,7001-Depreciation,Journal entry 633 - Asset write-off,11622.53,1401.62,EUR,MS-SQL-SERVER,ORACLE-GL,ERROR,,2024-02
TXN-00634,2024-09-08,CORP-ZA,Operations,CC002,6001-Salaries,Journal entry 634 - Expense claim,42621.26,42621.26,GBP,MS-SQL-SERVER,ORACLE-GL,VALID,,2024-09
TXN-00635,2024-01-08,CORP-NG,IT,CC002,8001-Tax,Journal entry 635 - Expense claim,38250.49,38250.49,USD,MS-SQL-SERVER,ORACLE-GL,VALID,,2024-01
TXN-00636,2024-08-12,CORP-ZA,Procurement,CC003,6003-Utilities,Journal entry 636 - Expense claim,8936.2,8936.2,NGN,MS-SQL-SERVER,ORACLE-GL,VALID,,2024-08
TXN-00637,2024-11-07,CORP-ZA,Procurement,CC003,6003-Utilities,Journal entry 637 - Payroll posting,38833.11,38833.11,GBP,MS-SQL-SERVER,ORACLE-GL,VALID,,2024-11
TXN-00638,2024-01-22,CORP-US,Sales,CC005,6003-Utilities,Journal entry 638 - Monthly accrual,22635.32,41367.8,NGN,MS-SQL-SERVER,ORACLE-GL,ERROR,,2024-01
TXN-00639,2024-06-04,CORP-NG,IT,CC002,6003-Utilities,Journal entry 639 - Revenue recognition,9573.53,22033.74,GBP,MS-SQL-SERVER,ORACLE-GL,ERROR,,2024-06
TXN-00640,2024-11-26,CORP-ZA,Finance,CC006,7001-Depreciation,Journal entry 640 - Monthly accrual,25896.79,7197.76,USD,MS-SQL-SERVER,ORACLE-GL,PENDING,,2024-11
TXN-00641,2024-01-13,CORP-US,IT,CC005,8001-Tax,Journal entry 641 - Expense claim,19714.03,16240.7,NGN,MS-SQL-SERVER,ORACLE-GL,ERROR,,2024-01
TXN-00642,2024-12-20,CORP-US,Procurement,CC006,5001-Revenue,Journal entry 642 - Monthly accrual,12579.11,12579.11,GBP,MS-SQL-SERVER,ORACLE-GL,VALID,,2024-12
TXN-00643,2024-09-25,CORP-ZA,Procurement,CC005,7001-Depreciation,Journal entry 643 - Expense claim,22524.98,18210.88,NGN,MS-SQL-SERVER,ORACLE-GL,PENDING,,2024-09
TXN-00644,2024-06-20,CORP-US,Operations,CC002,6001-Salaries,Journal entry 644 - Monthly accrual,2290.91,8627.16,NGN,MS-SQL-SERVER,ORACLE-GL,ERROR,CURRENCY_MISMATCH,2024-06
TXN-00645,2024-08-16,CORP-NG,Procurement,CC002,5001-Revenue,Journal entry 645 - Expense claim,15544.96,15544.96,USD,MS-SQL-SERVER,ORACLE-GL,VALID,,2024-08
TXN-00646,2024-05-09,CORP-UK,IT,CC004,6003-Utilities,Journal entry 646 - Payroll posting,31165.76,31165.76,GBP,MS-SQL-SERVER,ORACLE-GL,VALID,,2024-05
TXN-00647,2024-08-31,CORP-ZA,IT,CC004,5001-Revenue,Journal entry 647 - Payroll posting,11970.13,29484.23,GBP,MS-SQL-SERVER,ORACLE-GL,ERROR,DUPLICATE_ENTRY,2024-08
TXN-00648,2024-05-22,CORP-US,Finance,CC002,6001-Salaries,Journal entry 648 - Monthly accrual,44120.18,44120.18,EUR,MS-SQL-SERVER,ORACLE-GL,VALID,,2024-05
TXN-00649,2024-01-17,CORP-NG,HR,CC001,5001-Revenue,Journal entry 649 - Monthly accrual,7354.18,7354.18,NGN,MS-SQL-SERVER,ORACLE-GL,VALID,,2024-01
TXN-00650,2024-05-25,CORP-US,IT,CC006,7001-Depreciation,Journal entry 650 - Revenue recognition,8150.63,8150.63,GBP,MS-SQL-SERVER,ORACLE-GL,VALID,,2024-05
TXN-00651,2024-06-14,CORP-NG,IT,CC001,6003-Utilities,Journal entry 651 - Payroll posting,38448.75,38448.75,GBP,MS-SQL-SERVER,ORACLE-GL,VALID,,2024-06
TXN-00652,2024-03-03,CORP-NG,HR,CC005,6003-Utilities,Journal entry 652 - Payroll posting,23593.76,23593.76,USD,MS-SQL-SERVER,ORACLE-GL,VALID,,2024-03
TXN-00653,2024-10-19,CORP-UK,IT,CC006,8001-Tax,Journal entry 653 - Payroll posting,10531.64,3003.41,EUR,MS-SQL-SERVER,ORACLE-GL,PENDING,,2024-10
TXN-00654,2024-06-11,CORP-NG,Sales,CC005,7001-Depreciation,Journal entry 654 - Revenue recognition,30481.35,30481.35,USD,MS-SQL-SERVER,ORACLE-GL,VALID,,2024-06
TXN-00655,2024-09-09,CORP-US,Sales,CC002,8001-Tax,Journal entry 655 - Revenue recognition,26033.32,31629.69,USD,MS-SQL-SERVER,ORACLE-GL,ERROR,DUPLICATE_ENTRY,2024-09
TXN-00656,2024-08-26,CORP-UK,Procurement,CC002,7001-Depreciation,Journal entry 656 - Asset write-off,5998.54,5998.54,NGN,MS-SQL-SERVER,ORACLE-GL,VALID,,2024-08
TXN-00657,2024-10-13,CORP-US,Finance,CC006,6001-Salaries,Journal entry 657 - Revenue recognition,16756.23,16756.23,EUR,MS-SQL-SERVER,ORACLE-GL,VALID,,2024-10
TXN-00658,2024-09-16,CORP-NG,Finance,CC001,8001-Tax,Journal entry 658 - Revenue recognition,15457.85,15457.85,EUR,MS-SQL-SERVER,ORACLE-GL,VALID,,2024-09
TXN-00659,2024-11-11,CORP-UK,Operations,CC002,6002-Travel,Journal entry 659 - Revenue recognition,36247.39,36247.39,NGN,MS-SQL-SERVER,ORACLE-GL,VALID,,2024-11
TXN-00660,2024-11-26,CORP-US,IT,CC002,8001-Tax,Journal entry 660 - Asset write-off,39882.99,39882.99,EUR,MS-SQL-SERVER,ORACLE-GL,VALID,,2024-11
TXN-00661,2024-07-30,CORP-UK,Sales,CC003,7001-Depreciation,Journal entry 661 - Revenue recognition,39221.05,39221.05,GBP,MS-SQL-SERVER,ORACLE-GL,VALID,,2024-07
TXN-00662,2024-06-18,CORP-NG,Finance,CC002,6002-Travel,Journal entry 662 - Monthly accrual,28912.14,28912.14,EUR,MS-SQL-SERVER,ORACLE-GL,VALID,,2024-06
TXN-00663,2024-03-25,CORP-ZA,Operations,CC005,5001-Revenue,Journal entry 663 - Revenue recognition,31362.89,31362.89,EUR,MS-SQL-SERVER,ORACLE-GL,VALID,,2024-03
TXN-00664,2024-09-11,CORP-US,HR,CC004,6002-Travel,Journal entry 664 - Expense claim,1678.25,20752.09,EUR,MS-SQL-SERVER,ORACLE-GL,PENDING,,2024-09
TXN-00665,2024-01-20,CORP-US,Finance,CC004,7001-Depreciation,Journal entry 665 - Monthly accrual,5700.34,5700.34,NGN,MS-SQL-SERVER,ORACLE-GL,VALID,,2024-01
TXN-00666,2024-09-25,CORP-NG,HR,CC002,5001-Revenue,Journal entry 666 - Payroll posting,9591.56,46189.47,USD,MS-SQL-SERVER,ORACLE-GL,ERROR,,2024-09
TXN-00667,2024-08-23,CORP-ZA,Procurement,CC005,5001-Revenue,Journal entry 667 - Monthly accrual,36256.07,36256.07,EUR,MS-SQL-SERVER,ORACLE-GL,VALID,,2024-08
TXN-00668,2024-10-31,CORP-UK,HR,CC004,5001-Revenue,Journal entry 668 - Monthly accrual,34383.91,34383.91,EUR,MS-SQL-SERVER,ORACLE-GL,VALID,,2024-10
TXN-00669,2024-06-08,CORP-US,HR,CC002,6001-Salaries,Journal entry 669 - Revenue recognition,28920.24,28920.24,EUR,MS-SQL-SERVER,ORACLE-GL,VALID,,2024-06
TXN-00670,2024-05-19,CORP-US,Operations,CC003,XXXX-UNKNOWN,Journal entry 670 - Monthly accrual,38662.08,33589.09,GBP,MS-SQL-SERVER,ORACLE-GL,ERROR,INVALID_ACCOUNT,2024-05
TXN-00671,2024-06-12,CORP-NG,Operations,CC006,6002-Travel,Journal entry 671 - Payroll posting,10408.21,17580.88,USD,MS-SQL-SERVER,ORACLE-GL,ERROR,,2024-06
TXN-00672,2024-11-09,CORP-NG,Sales,CC004,5001-Revenue,Journal entry 672 - Expense claim,3655.02,3655.02,GBP,MS-SQL-SERVER,ORACLE-GL,VALID,,2024-11
TXN-00673,2024-01-26,CORP-UK,IT,CC001,5001-Revenue,Journal entry 673 - Asset write-off,45174.29,45174.29,NGN,MS-SQL-SERVER,ORACLE-GL,VALID,,2024-01
TXN-00674,2024-10-30,CORP-ZA,Sales,CC003,6002-Travel,Journal entry 674 - Revenue recognition,35263.41,35263.41,USD,MS-SQL-SERVER,ORACLE-GL,VALID,,2024-10
TXN-00675,2024-02-10,CORP-ZA,Sales,CC002,5001-Revenue,Journal entry 675 - Asset write-off,37944.29,40484.06,GBP,MS-SQL-SERVER,ORACLE-GL,PENDING,,2024-02
TXN-00676,2024-11-25,CORP-ZA,IT,CC002,6001-Salaries,Journal entry 676 - Expense claim,15588.55,15588.55,EUR,MS-SQL-SERVER,ORACLE-GL,VALID,,2024-11
TXN-00677,2024-12-24,CORP-NG,HR,CC004,6003-Utilities,Journal entry 677 - Monthly accrual,19664.64,19664.64,GBP,MS-SQL-SERVER,ORACLE-GL,VALID,,2024-12
TXN-00678,2024-09-02,CORP-ZA,Operations,CC003,6002-Travel,Journal entry 678 - Payroll posting,5733.06,5733.06,USD,MS-SQL-SERVER,ORACLE-GL,VALID,,2024-09
TXN-00679,2024-02-24,CORP-NG,Sales,CC006,5001-Revenue,Journal entry 679 - Revenue recognition,20343.73,35742.23,NGN,MS-SQL-SERVER,ORACLE-GL,ERROR,,2024-02
TXN-00680,2024-05-02,CORP-US,Sales,CC002,6003-Utilities,Journal entry 680 - Asset write-off,29567.74,29567.74,GBP,MS-SQL-SERVER,ORACLE-GL,VALID,,2024-05
TXN-00681,2024-12-21,CORP-ZA,IT,CC005,6002-Travel,Journal entry 681 - Payroll posting,10491.08,10491.08,USD,MS-SQL-SERVER,ORACLE-GL,VALID,,2024-12
TXN-00682,2024-02-09,CORP-ZA,Finance,CC005,7001-Depreciation,Journal entry 682 - Asset write-off,33164.35,33164.35,EUR,MS-SQL-SERVER,ORACLE-GL,VALID,,2024-02
TXN-00683,2024-07-26,CORP-UK,Sales,CC001,8001-Tax,Journal entry 683 - Payroll posting,41118.95,8891.08,NGN,MS-SQL-SERVER,ORACLE-GL,ERROR,,2024-07
TXN-00684,2024-12-04,CORP-UK,Finance,CC002,6001-Salaries,Journal entry 684 - Payroll posting,24765.33,24765.33,GBP,MS-SQL-SERVER,ORACLE-GL,VALID,,2024-12
TXN-00685,2024-08-19,CORP-NG,IT,CC005,7001-Depreciation,Journal entry 685 - Asset write-off,33077.98,33077.98,USD,MS-SQL-SERVER,ORACLE-GL,VALID,,2024-08
TXN-00686,2024-06-11,CORP-NG,Sales,CC006,6002-Travel,Journal entry 686 - Asset write-off,34107.69,34107.69,EUR,MS-SQL-SERVER,ORACLE-GL,VALID,,2024-06
TXN-00687,2024-11-09,CORP-ZA,Operations,CC003,5001-Revenue,Journal entry 687 - Revenue recognition,29178.08,29178.08,GBP,MS-SQL-SERVER,ORACLE-GL,VALID,,2024-11
TXN-00688,2024-07-02,CORP-UK,HR,CC001,6001-Salaries,Journal entry 688 - Asset write-off,35197.37,35197.37,NGN,MS-SQL-SERVER,ORACLE-GL,VALID,,2024-07
TXN-00689,2024-07-14,CORP-ZA,Sales,CC002,8001-Tax,Journal entry 689 - Expense claim,15974.55,19201.2,NGN,MS-SQL-SERVER,ORACLE-GL,PENDING,,2024-07
TXN-00690,2024-07-15,CORP-NG,IT,CC002,6002-Travel,Journal entry 690 - Expense claim,9492.52,9492.52,USD,MS-SQL-SERVER,ORACLE-GL,VALID,,2024-07
TXN-00691,2024-01-09,CORP-US,Procurement,CC004,8001-Tax,Journal entry 691 - Asset write-off,3680.13,3680.13,USD,MS-SQL-SERVER,ORACLE-GL,VALID,,2024-01
TXN-00692,2024-07-31,CORP-ZA,Procurement,CC005,6003-Utilities,Journal entry 692 - Payroll posting,6947.29,6947.29,USD,MS-SQL-SERVER,ORACLE-GL,VALID,,2024-07
TXN-00693,2024-10-09,CORP-ZA,IT,CC003,6001-Salaries,Journal entry 693 - Expense claim,25519.8,25519.8,NGN,MS-SQL-SERVER,ORACLE-GL,VALID,,2024-10
TXN-00694,2024-05-01,CORP-NG,IT,CC005,7001-Depreciation,Journal entry 694 - Revenue recognition,28939.13,42355.51,GBP,MS-SQL-SERVER,ORACLE-GL,ERROR,,2024-05
TXN-00695,2024-12-26,CORP-NG,Finance,CC005,6003-Utilities,Journal entry 695 - Monthly accrual,28450.66,28450.66,USD,MS-SQL-SERVER,ORACLE-GL,VALID,,2024-12
TXN-00696,2024-05-23,CORP-ZA,Sales,CC001,7001-Depreciation,Journal entry 696 - Payroll posting,36591.53,49180.6,GBP,MS-SQL-SERVER,ORACLE-GL,PENDING,,2024-05
TXN-00697,2024-12-05,CORP-UK,Procurement,CC006,7001-Depreciation,Journal entry 697 - Payroll posting,23675.33,23675.33,EUR,MS-SQL-SERVER,ORACLE-GL,VALID,,2024-12
TXN-00698,2024-01-06,CORP-ZA,IT,CC005,6003-Utilities,Journal entry 698 - Payroll posting,45188.91,26798.16,EUR,MS-SQL-SERVER,ORACLE-GL,ERROR,,2024-01
TXN-00699,2024-05-30,CORP-NG,Operations,CC001,8001-Tax,Journal entry 699 - Payroll posting,17710.44,17710.44,EUR,MS-SQL-SERVER,ORACLE-GL,VALID,,2024-05
TXN-00700,2024-11-18,CORP-ZA,Sales,CC002,7001-Depreciation,Journal entry 700 - Monthly accrual,39272.58,13096.11,EUR,MS-SQL-SERVER,ORACLE-GL,PENDING,,2024-11
TXN-00701,2024-02-12,CORP-US,Sales,CC001,6002-Travel,Journal entry 701 - Revenue recognition,31253.42,14412.1,USD,MS-SQL-SERVER,ORACLE-GL,PENDING,,2024-02
TXN-00702,2024-02-27,CORP-US,Sales,,8001-Tax,Journal entry 702 - Expense claim,13833.33,12922.09,NGN,MS-SQL-SERVER,ORACLE-GL,ERROR,MISSING_COST_CENTRE,2024-02
TXN-00703,2024-05-13,CORP-US,IT,CC002,7001-Depreciation,Journal entry 703 - Monthly accrual,40411.25,40411.25,EUR,MS-SQL-SERVER,ORACLE-GL,VALID,,2024-05
TXN-00704,2024-10-31,CORP-US,IT,CC004,6003-Utilities,Journal entry 704 - Expense claim,48370.55,48370.55,NGN,MS-SQL-SERVER,ORACLE-GL,VALID,,2024-10
TXN-00705,2024-06-25,CORP-UK,Procurement,CC003,5001-Revenue,Journal entry 705 - Monthly accrual,31914.98,10621.75,USD,MS-SQL-SERVER,ORACLE-GL,PENDING,,2024-06
TXN-00706,2024-06-03,CORP-ZA,Procurement,CC005,6001-Salaries,Journal entry 706 - Asset write-off,19997.37,19997.37,NGN,MS-SQL-SERVER,ORACLE-GL,VALID,,2024-06
TXN-00707,2024-09-28,CORP-ZA,Finance,CC003,6003-Utilities,Journal entry 707 - Asset write-off,13205.0,13205.0,EUR,MS-SQL-SERVER,ORACLE-GL,VALID,,2024-09
TXN-00708,2024-06-30,CORP-ZA,Sales,CC006,6002-Travel,Journal entry 708 - Revenue recognition,4958.48,26611.54,EUR,MS-SQL-SERVER,ORACLE-GL,ERROR,,2024-06
TXN-00709,2024-05-10,CORP-ZA,IT,CC006,8001-Tax,Journal entry 709 - Expense claim,40135.59,40135.59,USD,MS-SQL-SERVER,ORACLE-GL,VALID,,2024-05
TXN-00710,2024-06-09,CORP-UK,Procurement,CC001,XXXX-UNKNOWN,Journal entry 710 - Monthly accrual,33918.14,49661.42,GBP,MS-SQL-SERVER,ORACLE-GL,ERROR,INVALID_ACCOUNT,2024-06
TXN-00711,2024-02-23,CORP-ZA,HR,CC002,8001-Tax,Journal entry 711 - Revenue recognition,4975.17,4975.17,EUR,MS-SQL-SERVER,ORACLE-GL,VALID,,2024-02
TXN-00712,2024-11-13,CORP-UK,Finance,CC005,8001-Tax,Journal entry 712 - Expense claim,1798.68,1798.68,GBP,MS-SQL-SERVER,ORACLE-GL,VALID,,2024-11
TXN-00713,2024-11-05,CORP-US,IT,CC006,8001-Tax,Journal entry 713 - Payroll posting,47893.99,4410.68,USD,MS-SQL-SERVER,ORACLE-GL,PENDING,,2024-11
TXN-00714,2024-05-09,CORP-NG,IT,CC006,5001-Revenue,Journal entry 714 - Asset write-off,34813.12,34813.12,EUR,MS-SQL-SERVER,ORACLE-GL,VALID,,2024-05
TXN-00715,2024-12-07,CORP-NG,HR,CC002,5001-Revenue,Journal entry 715 - Revenue recognition,34641.85,34641.85,GBP,MS-SQL-SERVER,ORACLE-GL,VALID,,2024-12
TXN-00716,2024-01-31,CORP-NG,HR,CC002,6003-Utilities,Journal entry 716 - Monthly accrual,19490.66,19490.66,NGN,MS-SQL-SERVER,ORACLE-GL,VALID,,2024-01
TXN-00717,2024-04-01,CORP-ZA,Finance,CC002,7001-Depreciation,Journal entry 717 - Asset write-off,30554.06,30554.06,USD,MS-SQL-SERVER,ORACLE-GL,VALID,,2024-04
TXN-00718,2024-02-22,CORP-UK,Finance,CC001,7001-Depreciation,Journal entry 718 - Revenue recognition,45639.2,35798.48,NGN,MS-SQL-SERVER,ORACLE-GL,ERROR,,2024-02
TXN-00719,2024-03-17,CORP-UK,Finance,CC006,6003-Utilities,Journal entry 719 - Revenue recognition,44835.97,44835.97,USD,MS-SQL-SERVER,ORACLE-GL,VALID,,2024-03
TXN-00720,2024-01-02,CORP-ZA,IT,CC004,6003-Utilities,Journal entry 720 - Monthly accrual,16558.56,19627.39,USD,MS-SQL-SERVER,ORACLE-GL,PENDING,,2024-01
TXN-00721,2024-12-18,CORP-ZA,Finance,CC005,7001-Depreciation,Journal entry 721 - Revenue recognition,19282.75,19282.75,EUR,MS-SQL-SERVER,ORACLE-GL,VALID,,2024-12
TXN-00722,2024-11-27,CORP-UK,HR,CC005,6002-Travel,Journal entry 722 - Monthly accrual,15211.12,2854.21,NGN,MS-SQL-SERVER,ORACLE-GL,PENDING,,2024-11
TXN-00723,2024-03-31,CORP-UK,IT,CC006,6001-Salaries,Journal entry 723 - Revenue recognition,32424.85,32424.85,NGN,MS-SQL-SERVER,ORACLE-GL,VALID,,2024-03
TXN-00724,2024-07-02,CORP-ZA,Finance,CC006,6003-Utilities,Journal entry 724 - Expense claim,31567.79,31567.79,USD,MS-SQL-SERVER,ORACLE-GL,VALID,,2024-07
TXN-00725,2024-10-30,CORP-US,IT,CC004,5001-Revenue,Journal entry 725 - Payroll posting,9735.33,9735.33,EUR,MS-SQL-SERVER,ORACLE-GL,VALID,,2024-10
TXN-00726,2024-08-18,CORP-UK,Finance,CC003,5001-Revenue,Journal entry 726 - Revenue recognition,26743.61,26743.61,GBP,MS-SQL-SERVER,ORACLE-GL,VALID,,2024-08
TXN-00727,2024-11-30,CORP-ZA,Procurement,CC005,6001-Salaries,Journal entry 727 - Payroll posting,5997.54,5997.54,USD,MS-SQL-SERVER,ORACLE-GL,VALID,,2024-11
TXN-00728,2024-03-13,CORP-ZA,Procurement,CC001,6003-Utilities,Journal entry 728 - Payroll posting,1940.2,1940.2,GBP,MS-SQL-SERVER,ORACLE-GL,VALID,,2024-03
TXN-00729,2024-03-07,CORP-UK,Operations,CC006,5001-Revenue,Journal entry 729 - Revenue recognition,35094.71,35094.71,GBP,MS-SQL-SERVER,ORACLE-GL,VALID,,2024-03
TXN-00730,2024-10-29,CORP-UK,Finance,CC001,6003-Utilities,Journal entry 730 - Payroll posting,30600.17,30600.17,USD,MS-SQL-SERVER,ORACLE-GL,VALID,,2024-10
TXN-00731,2024-08-06,CORP-NG,Procurement,CC006,6003-Utilities,Journal entry 731 - Revenue recognition,40242.23,40242.23,GBP,MS-SQL-SERVER,ORACLE-GL,VALID,,2024-08
TXN-00732,2024-04-19,CORP-UK,Sales,CC002,6002-Travel,Journal entry 732 - Monthly accrual,28840.75,6952.74,GBP,MS-SQL-SERVER,ORACLE-GL,PENDING,,2024-04
TXN-00733,2024-07-31,CORP-US,Procurement,CC003,7001-Depreciation,Journal entry 733 - Expense claim,7147.72,7147.72,NGN,MS-SQL-SERVER,ORACLE-GL,VALID,,2024-07
TXN-00734,2024-01-21,CORP-US,Finance,CC006,7001-Depreciation,Journal entry 734 - Asset write-off,46291.21,46291.21,USD,MS-SQL-SERVER,ORACLE-GL,VALID,,2024-01
TXN-00735,2024-02-11,CORP-UK,Finance,CC002,5001-Revenue,Journal entry 735 - Payroll posting,43993.38,43993.38,EUR,MS-SQL-SERVER,ORACLE-GL,VALID,,2024-02
TXN-00736,2024-08-31,CORP-US,Operations,CC002,8001-Tax,Journal entry 736 - Revenue recognition,34705.83,34705.83,NGN,MS-SQL-SERVER,ORACLE-GL,VALID,,2024-08
TXN-00737,2024-03-30,CORP-UK,Sales,CC002,8001-Tax,Journal entry 737 - Asset write-off,12038.76,12038.76,GBP,MS-SQL-SERVER,ORACLE-GL,VALID,,2024-03
TXN-00738,2024-08-02,CORP-UK,Sales,CC002,6001-Salaries,Journal entry 738 - Monthly accrual,41341.53,15129.87,GBP,MS-SQL-SERVER,ORACLE-GL,PENDING,,2024-08
TXN-00739,2024-09-16,CORP-US,IT,CC006,XXXX-UNKNOWN,Journal entry 739 - Expense claim,43150.28,49340.43,EUR,MS-SQL-SERVER,ORACLE-GL,ERROR,INVALID_ACCOUNT,2024-09
TXN-00740,2024-03-17,CORP-ZA,IT,CC002,6001-Salaries,Journal entry 740 - Monthly accrual,9766.58,9766.58,GBP,MS-SQL-SERVER,ORACLE-GL,VALID,,2024-03
TXN-00741,2024-05-08,CORP-NG,Sales,CC004,5001-Revenue,Journal entry 741 - Monthly accrual,18273.23,10558.53,GBP,MS-SQL-SERVER,ORACLE-GL,PENDING,,2024-05
TXN-00742,2024-09-20,CORP-UK,Finance,CC002,8001-Tax,Journal entry 742 - Asset write-off,7986.48,1550.35,EUR,MS-SQL-SERVER,ORACLE-GL,ERROR,,2024-09
TXN-00743,2024-12-12,CORP-NG,Operations,CC001,6002-Travel,Journal entry 743 - Expense claim,10017.69,10017.69,GBP,MS-SQL-SERVER,ORACLE-GL,VALID,,2024-12
TXN-00744,2024-04-12,CORP-ZA,Operations,CC001,6003-Utilities,Journal entry 744 - Payroll posting,36913.62,36913.62,NGN,MS-SQL-SERVER,ORACLE-GL,VALID,,2024-04
TXN-00745,2024-03-15,CORP-US,Sales,CC004,6001-Salaries,Journal entry 745 - Asset write-off,44535.39,44535.39,EUR,MS-SQL-SERVER,ORACLE-GL,VALID,,2024-03
TXN-00746,2024-04-09,CORP-NG,HR,CC002,6002-Travel,Journal entry 746 - Expense claim,22941.24,22941.24,GBP,MS-SQL-SERVER,ORACLE-GL,VALID,,2024-04
TXN-00747,2024-02-26,CORP-ZA,IT,CC004,6001-Salaries,Journal entry 747 - Revenue recognition,28476.43,14102.15,USD,MS-SQL-SERVER,ORACLE-GL,PENDING,,2024-02
TXN-00748,2024-11-22,CORP-US,Sales,CC005,6001-Salaries,Journal entry 748 - Monthly accrual,30221.44,30221.44,NGN,MS-SQL-SERVER,ORACLE-GL,VALID,,2024-11
TXN-00749,2024-08-30,CORP-ZA,HR,CC001,8001-Tax,Journal entry 749 - Asset write-off,43123.73,10900.49,USD,MS-SQL-SERVER,ORACLE-GL,ERROR,DUPLICATE_ENTRY,2024-08
TXN-00750,2024-10-23,CORP-US,Sales,CC002,7001-Depreciation,Journal entry 750 - Monthly accrual,16432.07,16432.07,NGN,MS-SQL-SERVER,ORACLE-GL,VALID,,2024-10
TXN-00751,2024-08-28,CORP-UK,IT,CC005,6003-Utilities,Journal entry 751 - Asset write-off,2098.93,2098.93,GBP,MS-SQL-SERVER,ORACLE-GL,VALID,,2024-08
TXN-00752,2024-02-12,CORP-UK,Procurement,CC006,6003-Utilities,Journal entry 752 - Expense claim,24814.72,24814.72,USD,MS-SQL-SERVER,ORACLE-GL,VALID,,2024-02
TXN-00753,2024-11-27,CORP-UK,Finance,CC004,8001-Tax,Journal entry 753 - Revenue recognition,14859.94,14859.94,USD,MS-SQL-SERVER,ORACLE-GL,VALID,,2024-11
TXN-00754,2024-10-25,CORP-UK,IT,CC004,6001-Salaries,Journal entry 754 - Asset write-off,23018.21,28562.0,USD,MS-SQL-SERVER,ORACLE-GL,PENDING,,2024-10
TXN-00755,2024-12-26,CORP-UK,Procurement,CC001,6003-Utilities,Journal entry 755 - Revenue recognition,31377.87,31377.87,GBP,MS-SQL-SERVER,ORACLE-GL,VALID,,2024-12
TXN-00756,2024-05-18,CORP-US,Procurement,CC001,7001-Depreciation,Journal entry 756 - Revenue recognition,21352.52,21352.52,GBP,MS-SQL-SERVER,ORACLE-GL,VALID,,2024-05
TXN-00757,2024-07-06,CORP-ZA,Sales,CC001,XXXX-UNKNOWN,Journal entry 757 - Revenue recognition,44410.1,5637.23,EUR,MS-SQL-SERVER,ORACLE-GL,ERROR,INVALID_ACCOUNT,2024-07
TXN-00758,2024-12-26,CORP-UK,Sales,CC006,6001-Salaries,Journal entry 758 - Expense claim,32443.82,32443.82,EUR,MS-SQL-SERVER,ORACLE-GL,VALID,,2024-12
TXN-00759,2024-11-28,CORP-ZA,Procurement,CC005,8001-Tax,Journal entry 759 - Expense claim,27027.73,27027.73,USD,MS-SQL-SERVER,ORACLE-GL,VALID,,2024-11
TXN-00760,2024-05-16,CORP-ZA,HR,CC001,5001-Revenue,Journal entry 760 - Revenue recognition,17700.31,17700.31,EUR,MS-SQL-SERVER,ORACLE-GL,VALID,,2024-05
TXN-00761,2024-09-26,CORP-UK,IT,CC006,7001-Depreciation,Journal entry 761 - Payroll posting,24362.72,24362.72,EUR,MS-SQL-SERVER,ORACLE-GL,VALID,,2024-09
TXN-00762,2024-12-10,CORP-UK,Operations,CC004,5001-Revenue,Journal entry 762 - Monthly accrual,31085.47,31085.47,NGN,MS-SQL-SERVER,ORACLE-GL,VALID,,2024-12
TXN-00763,2024-02-09,CORP-UK,Operations,CC003,5001-Revenue,Journal entry 763 - Expense claim,14489.8,14489.8,NGN,MS-SQL-SERVER,ORACLE-GL,VALID,,2024-02
TXN-00764,2024-09-23,CORP-UK,HR,CC004,8001-Tax,Journal entry 764 - Payroll posting,43762.16,43762.16,USD,MS-SQL-SERVER,ORACLE-GL,VALID,,2024-09
TXN-00765,2024-08-15,CORP-UK,HR,CC002,5001-Revenue,Journal entry 765 - Monthly accrual,17400.34,17400.34,USD,MS-SQL-SERVER,ORACLE-GL,VALID,,2024-08
TXN-00766,2024-11-26,CORP-NG,IT,CC005,XXXX-UNKNOWN,Journal entry 766 - Payroll posting,20643.42,17205.34,NGN,MS-SQL-SERVER,ORACLE-GL,ERROR,INVALID_ACCOUNT,2024-11
TXN-00767,2024-03-08,CORP-NG,Operations,CC003,6001-Salaries,Journal entry 767 - Asset write-off,15273.71,15273.71,EUR,MS-SQL-SERVER,ORACLE-GL,VALID,,2024-03
TXN-00768,2024-01-25,CORP-US,HR,CC003,6003-Utilities,Journal entry 768 - Expense claim,38510.51,38510.51,USD,MS-SQL-SERVER,ORACLE-GL,VALID,,2024-01
TXN-00769,2024-03-30,CORP-US,Operations,CC002,5001-Revenue,Journal entry 769 - Monthly accrual,26812.3,9195.8,EUR,MS-SQL-SERVER,ORACLE-GL,PENDING,,2024-03
TXN-00770,2024-04-15,CORP-UK,Procurement,CC003,6002-Travel,Journal entry 770 - Expense claim,22100.34,18546.64,EUR,MS-SQL-SERVER,ORACLE-GL,ERROR,,2024-04
TXN-00771,2024-03-24,CORP-NG,Finance,CC001,6003-Utilities,Journal entry 771 - Asset write-off,27039.34,27039.34,USD,MS-SQL-SERVER,ORACLE-GL,VALID,,2024-03
TXN-00772,2024-03-20,CORP-UK,Procurement,CC005,7001-Depreciation,Journal entry 772 - Revenue recognition,46397.78,46397.78,EUR,MS-SQL-SERVER,ORACLE-GL,VALID,,2024-03
TXN-00773,2024-10-20,CORP-US,Sales,CC006,6003-Utilities,Journal entry 773 - Revenue recognition,44809.27,44809.27,GBP,MS-SQL-SERVER,ORACLE-GL,VALID,,2024-10
TXN-00774,2024-12-13,CORP-UK,HR,CC001,6003-Utilities,Journal entry 774 - Payroll posting,24001.16,2100.04,USD,MS-SQL-SERVER,ORACLE-GL,PENDING,,2024-12
TXN-00775,2024-06-16,CORP-UK,Sales,CC006,6001-Salaries,Journal entry 775 - Payroll posting,17933.94,17933.94,USD,MS-SQL-SERVER,ORACLE-GL,VALID,,2024-06
TXN-00776,2024-02-12,CORP-ZA,Procurement,CC006,5001-Revenue,Journal entry 776 - Payroll posting,9866.21,9866.21,NGN,MS-SQL-SERVER,ORACLE-GL,VALID,,2024-02
TXN-00777,2024-11-04,CORP-UK,Procurement,CC003,6003-Utilities,Journal entry 777 - Expense claim,24574.22,24574.22,NGN,MS-SQL-SERVER,ORACLE-GL,VALID,,2024-11
TXN-00778,2024-01-07,CORP-NG,HR,CC003,6002-Travel,Journal entry 778 - Asset write-off,19367.02,19367.02,GBP,MS-SQL-SERVER,ORACLE-GL,VALID,,2024-01
TXN-00779,2024-08-15,CORP-ZA,IT,CC003,6001-Salaries,Journal entry 779 - Asset write-off,36419.88,36419.88,NGN,MS-SQL-SERVER,ORACLE-GL,VALID,,2024-08
TXN-00780,2024-11-02,CORP-UK,Operations,CC002,6002-Travel,Journal entry 780 - Asset write-off,41792.03,41792.03,EUR,MS-SQL-SERVER,ORACLE-GL,VALID,,2024-11
TXN-00781,2024-10-29,CORP-ZA,Finance,CC001,6003-Utilities,Journal entry 781 - Revenue recognition,46664.33,46664.33,NGN,MS-SQL-SERVER,ORACLE-GL,VALID,,2024-10
TXN-00782,2024-12-29,CORP-US,Operations,CC002,6003-Utilities,Journal entry 782 - Revenue recognition,27835.11,27835.11,NGN,MS-SQL-SERVER,ORACLE-GL,VALID,,2024-12
TXN-00783,2024-06-03,CORP-NG,IT,CC005,8001-Tax,Journal entry 783 - Asset write-off,41157.68,41157.68,USD,MS-SQL-SERVER,ORACLE-GL,VALID,,2024-06
TXN-00784,2024-03-19,CORP-NG,HR,CC006,8001-Tax,Journal entry 784 - Asset write-off,39581.86,39581.86,GBP,MS-SQL-SERVER,ORACLE-GL,VALID,,2024-03
TXN-00785,2024-04-01,CORP-ZA,Procurement,CC006,6001-Salaries,Journal entry 785 - Monthly accrual,33329.08,14455.68,GBP,MS-SQL-SERVER,ORACLE-GL,PENDING,,2024-04
TXN-00786,2024-02-04,CORP-NG,Sales,CC004,7001-Depreciation,Journal entry 786 - Asset write-off,24703.21,24703.21,EUR,MS-SQL-SERVER,ORACLE-GL,VALID,,2024-02
TXN-00787,2024-03-02,CORP-NG,Sales,CC006,7001-Depreciation,Journal entry 787 - Monthly accrual,34327.05,48715.51,EUR,MS-SQL-SERVER,ORACLE-GL,PENDING,,2024-03
TXN-00788,2024-03-15,CORP-NG,IT,CC006,6001-Salaries,Journal entry 788 - Revenue recognition,29124.56,29124.56,USD,MS-SQL-SERVER,ORACLE-GL,VALID,,2024-03
TXN-00789,2024-08-02,CORP-NG,Finance,CC003,6002-Travel,Journal entry 789 - Payroll posting,13706.25,13706.25,GBP,MS-SQL-SERVER,ORACLE-GL,VALID,,2024-08
TXN-00790,2024-02-18,CORP-US,Sales,CC003,6002-Travel,Journal entry 790 - Revenue recognition,38345.48,9244.05,EUR,MS-SQL-SERVER,ORACLE-GL,ERROR,,2024-02
TXN-00791,2024-09-30,CORP-NG,Operations,CC001,6001-Salaries,Journal entry 791 - Payroll posting,34928.58,18189.88,EUR,MS-SQL-SERVER,ORACLE-GL,PENDING,,2024-09
TXN-00792,2024-07-29,CORP-NG,Operations,CC001,6001-Salaries,Journal entry 792 - Expense claim,38962.51,38962.51,USD,MS-SQL-SERVER,ORACLE-GL,VALID,,2024-07
TXN-00793,2024-10-13,CORP-UK,IT,CC004,5001-Revenue,Journal entry 793 - Monthly accrual,39775.83,39775.83,USD,MS-SQL-SERVER,ORACLE-GL,VALID,,2024-10
TXN-00794,2024-06-08,CORP-NG,Operations,CC004,7001-Depreciation,Journal entry 794 - Payroll posting,24027.96,24027.96,EUR,MS-SQL-SERVER,ORACLE-GL,VALID,,2024-06
TXN-00795,2024-01-15,CORP-UK,Operations,CC002,8001-Tax,Journal entry 795 - Expense claim,35523.75,35523.75,USD,MS-SQL-SERVER,ORACLE-GL,VALID,,2024-01
TXN-00796,2024-03-07,CORP-UK,IT,CC006,5001-Revenue,Journal entry 796 - Monthly accrual,6354.67,6354.67,GBP,MS-SQL-SERVER,ORACLE-GL,VALID,,2024-03
TXN-00797,2024-01-22,CORP-US,Finance,CC001,8001-Tax,Journal entry 797 - Payroll posting,37890.97,37890.97,GBP,MS-SQL-SERVER,ORACLE-GL,VALID,,2024-01
TXN-00798,2024-05-09,CORP-UK,Finance,CC003,8001-Tax,Journal entry 798 - Monthly accrual,6034.22,6034.22,GBP,MS-SQL-SERVER,ORACLE-GL,VALID,,2024-05
TXN-00799,2024-04-15,CORP-US,Operations,CC006,6002-Travel,Journal entry 799 - Monthly accrual,46012.89,46012.89,GBP,MS-SQL-SERVER,ORACLE-GL,VALID,,2024-04
TXN-00800,2024-05-22,CORP-NG,HR,CC002,7001-Depreciation,Journal entry 800 - Payroll posting,42308.49,42308.49,USD,MS-SQL-SERVER,ORACLE-GL,VALID,,2024-05
TXN-00801,2024-01-08,CORP-US,Procurement,CC002,6002-Travel,Journal entry 801 - Expense claim,5045.37,28948.87,GBP,MS-SQL-SERVER,ORACLE-GL,ERROR,,2024-01
TXN-00802,2024-09-15,CORP-ZA,HR,CC006,7001-Depreciation,Journal entry 802 - Expense claim,5024.42,10779.37,NGN,MS-SQL-SERVER,ORACLE-GL,PENDING,,2024-09
TXN-00803,2024-06-30,CORP-ZA,IT,CC002,7001-Depreciation,Journal entry 803 - Expense claim,47891.61,9124.34,NGN,MS-SQL-SERVER,ORACLE-GL,PENDING,,2024-06
TXN-00804,2024-06-09,CORP-UK,IT,CC001,7001-Depreciation,Journal entry 804 - Expense claim,38094.33,38094.33,NGN,MS-SQL-SERVER,ORACLE-GL,VALID,,2024-06
TXN-00805,2024-10-12,CORP-UK,Finance,CC003,6003-Utilities,Journal entry 805 - Monthly accrual,35266.07,35266.07,NGN,MS-SQL-SERVER,ORACLE-GL,VALID,,2024-10
TXN-00806,2024-06-08,CORP-ZA,Operations,CC005,6003-Utilities,Journal entry 806 - Revenue recognition,22901.59,22901.59,NGN,MS-SQL-SERVER,ORACLE-GL,VALID,,2024-06
TXN-00807,2024-08-31,CORP-NG,Operations,CC001,8001-Tax,Journal entry 807 - Asset write-off,42853.01,42853.01,GBP,MS-SQL-SERVER,ORACLE-GL,VALID,,2024-08
TXN-00808,2024-12-03,CORP-UK,Finance,CC002,6003-Utilities,Journal entry 808 - Asset write-off,21959.11,21959.11,GBP,MS-SQL-SERVER,ORACLE-GL,VALID,,2024-12
TXN-00809,2024-02-03,CORP-NG,Operations,CC003,6001-Salaries,Journal entry 809 - Payroll posting,46271.99,48894.88,NGN,MS-SQL-SERVER,ORACLE-GL,PENDING,,2024-02
TXN-00810,2024-08-05,CORP-ZA,HR,CC006,7001-Depreciation,Journal entry 810 - Payroll posting,11720.19,11720.19,EUR,MS-SQL-SERVER,ORACLE-GL,VALID,,2024-08
TXN-00811,2024-12-07,CORP-ZA,IT,CC005,6002-Travel,Journal entry 811 - Expense claim,47166.93,17869.26,NGN,MS-SQL-SERVER,ORACLE-GL,PENDING,,2024-12
TXN-00812,2024-09-07,CORP-ZA,Operations,CC006,6001-Salaries,Journal entry 812 - Monthly accrual,6197.28,6197.28,GBP,MS-SQL-SERVER,ORACLE-GL,VALID,,2024-09
TXN-00813,2024-12-13,CORP-UK,Operations,CC004,7001-Depreciation,Journal entry 813 - Revenue recognition,2737.34,3504.61,USD,MS-SQL-SERVER,ORACLE-GL,PENDING,,2024-12
TXN-00814,2024-02-19,CORP-UK,Procurement,CC005,6003-Utilities,Journal entry 814 - Asset write-off,31136.14,31136.14,USD,MS-SQL-SERVER,ORACLE-GL,VALID,,2024-02
TXN-00815,2024-09-08,CORP-NG,Sales,CC003,7001-Depreciation,Journal entry 815 - Payroll posting,33138.45,33138.45,GBP,MS-SQL-SERVER,ORACLE-GL,VALID,,2024-09
TXN-00816,2024-03-01,CORP-ZA,IT,CC003,6003-Utilities,Journal entry 816 - Asset write-off,49536.51,49536.51,NGN,MS-SQL-SERVER,ORACLE-GL,VALID,,2024-03
TXN-00817,2024-10-12,CORP-NG,Procurement,CC002,6003-Utilities,Journal entry 817 - Asset write-off,1739.7,1739.7,USD,MS-SQL-SERVER,ORACLE-GL,VALID,,2024-10
TXN-00818,2024-09-06,CORP-UK,Sales,CC006,6003-Utilities,Journal entry 818 - Payroll posting,35814.59,35814.59,NGN,MS-SQL-SERVER,ORACLE-GL,VALID,,2024-09
TXN-00819,2024-03-21,CORP-UK,IT,CC003,6003-Utilities,Journal entry 819 - Payroll posting,28156.55,28156.55,NGN,MS-SQL-SERVER,ORACLE-GL,VALID,,2024-03
TXN-00820,2024-02-01,CORP-UK,Sales,CC001,XXXX-UNKNOWN,Journal entry 820 - Expense claim,38346.89,14293.43,EUR,MS-SQL-SERVER,ORACLE-GL,ERROR,INVALID_ACCOUNT,2024-02
TXN-00821,2024-10-25,CORP-UK,Procurement,CC003,6003-Utilities,Journal entry 821 - Monthly accrual,40496.72,40496.72,NGN,MS-SQL-SERVER,ORACLE-GL,VALID,,2024-10
TXN-00822,2024-07-29,CORP-NG,Finance,CC006,6001-Salaries,Journal entry 822 - Expense claim,49598.08,49598.08,USD,MS-SQL-SERVER,ORACLE-GL,VALID,,2024-07
TXN-00823,2024-12-18,CORP-UK,HR,CC001,6002-Travel,Journal entry 823 - Expense claim,15673.77,4338.59,GBP,MS-SQL-SERVER,ORACLE-GL,PENDING,,2024-12
TXN-00824,2024-08-04,CORP-ZA,HR,CC001,XXXX-UNKNOWN,Journal entry 824 - Asset write-off,1965.14,32922.61,GBP,MS-SQL-SERVER,ORACLE-GL,ERROR,INVALID_ACCOUNT,2024-08
TXN-00825,2024-07-18,CORP-NG,Sales,CC001,6003-Utilities,Journal entry 825 - Monthly accrual,18949.11,18949.11,USD,MS-SQL-SERVER,ORACLE-GL,VALID,,2024-07
TXN-00826,2024-12-07,CORP-NG,Operations,CC005,6002-Travel,Journal entry 826 - Revenue recognition,24886.9,24886.9,NGN,MS-SQL-SERVER,ORACLE-GL,VALID,,2024-12
TXN-00827,2024-02-08,CORP-US,HR,CC003,5001-Revenue,Journal entry 827 - Revenue recognition,24897.89,24897.89,NGN,MS-SQL-SERVER,ORACLE-GL,VALID,,2024-02
TXN-00828,2024-02-17,CORP-UK,Sales,CC003,6002-Travel,Journal entry 828 - Monthly accrual,31266.16,31266.16,NGN,MS-SQL-SERVER,ORACLE-GL,VALID,,2024-02
TXN-00829,2024-02-09,CORP-NG,Sales,CC003,6003-Utilities,Journal entry 829 - Payroll posting,10565.98,10565.98,EUR,MS-SQL-SERVER,ORACLE-GL,VALID,,2024-02
TXN-00830,2024-05-08,CORP-ZA,Procurement,CC005,6001-Salaries,Journal entry 830 - Monthly accrual,20774.28,20774.28,USD,MS-SQL-SERVER,ORACLE-GL,VALID,,2024-05
TXN-00831,2024-08-27,CORP-NG,Procurement,CC005,7001-Depreciation,Journal entry 831 - Asset write-off,10726.34,48109.64,GBP,MS-SQL-SERVER,ORACLE-GL,ERROR,DUPLICATE_ENTRY,2024-08
TXN-00832,2024-03-18,CORP-NG,IT,CC004,6002-Travel,Journal entry 832 - Monthly accrual,18277.31,7472.41,USD,MS-SQL-SERVER,ORACLE-GL,ERROR,,2024-03
TXN-00833,2024-05-26,CORP-US,HR,CC006,7001-Depreciation,Journal entry 833 - Expense claim,13420.04,13420.04,NGN,MS-SQL-SERVER,ORACLE-GL,VALID,,2024-05
TXN-00834,2024-04-08,CORP-UK,Operations,CC003,6003-Utilities,Journal entry 834 - Asset write-off,5766.57,5766.57,NGN,MS-SQL-SERVER,ORACLE-GL,VALID,,2024-04
TXN-00835,2024-01-19,CORP-US,Operations,CC003,6001-Salaries,Journal entry 835 - Monthly accrual,32381.41,32381.41,EUR,MS-SQL-SERVER,ORACLE-GL,VALID,,2024-01
TXN-00836,2024-03-31,CORP-UK,Procurement,CC004,5001-Revenue,Journal entry 836 - Monthly accrual,32967.67,32967.67,GBP,MS-SQL-SERVER,ORACLE-GL,VALID,,2024-03
TXN-00837,2024-02-02,CORP-ZA,HR,CC006,8001-Tax,Journal entry 837 - Monthly accrual,30119.83,30119.83,NGN,MS-SQL-SERVER,ORACLE-GL,VALID,,2024-02
TXN-00838,2024-10-19,CORP-UK,Sales,CC006,7001-Depreciation,Journal entry 838 - Payroll posting,42153.24,11878.45,EUR,MS-SQL-SERVER,ORACLE-GL,PENDING,,2024-10
TXN-00839,2024-05-01,CORP-UK,HR,CC003,7001-Depreciation,Journal entry 839 - Asset write-off,44239.79,44239.79,USD,MS-SQL-SERVER,ORACLE-GL,VALID,,2024-05
TXN-00840,2024-02-24,CORP-US,Operations,CC003,6003-Utilities,Journal entry 840 - Asset write-off,10978.62,10978.62,EUR,MS-SQL-SERVER,ORACLE-GL,VALID,,2024-02
TXN-00841,2024-02-27,CORP-NG,Sales,CC004,6003-Utilities,Journal entry 841 - Expense claim,24568.89,18797.78,EUR,MS-SQL-SERVER,ORACLE-GL,ERROR,,2024-02
TXN-00842,2024-07-07,CORP-NG,Finance,CC006,7001-Depreciation,Journal entry 842 - Monthly accrual,18213.6,18213.6,GBP,MS-SQL-SERVER,ORACLE-GL,VALID,,2024-07
TXN-00843,2024-05-09,CORP-ZA,HR,CC006,8001-Tax,Journal entry 843 - Revenue recognition,45881.12,33612.77,GBP,MS-SQL-SERVER,ORACLE-GL,PENDING,,2024-05
TXN-00844,2024-07-20,CORP-NG,HR,CC001,6001-Salaries,Journal entry 844 - Revenue recognition,42896.59,19484.7,USD,MS-SQL-SERVER,ORACLE-GL,ERROR,,2024-07
TXN-00845,2024-11-19,CORP-NG,Procurement,CC004,5001-Revenue,Journal entry 845 - Revenue recognition,45802.95,45802.95,GBP,MS-SQL-SERVER,ORACLE-GL,VALID,,2024-11
TXN-00846,2024-07-30,CORP-NG,Procurement,CC004,5001-Revenue,Journal entry 846 - Expense claim,23607.46,23607.46,EUR,MS-SQL-SERVER,ORACLE-GL,VALID,,2024-07
TXN-00847,2024-10-07,CORP-NG,IT,CC006,5001-Revenue,Journal entry 847 - Monthly accrual,17657.63,30145.59,USD,MS-SQL-SERVER,ORACLE-GL,ERROR,,2024-10
TXN-00848,2024-01-02,CORP-ZA,Operations,CC006,6002-Travel,Journal entry 848 - Revenue recognition,22225.91,32090.83,GBP,MS-SQL-SERVER,ORACLE-GL,PENDING,,2024-01
TXN-00849,2024-09-21,CORP-US,Sales,CC006,6003-Utilities,Journal entry 849 - Revenue recognition,7975.34,7975.34,NGN,MS-SQL-SERVER,ORACLE-GL,VALID,,2024-09
TXN-00850,2024-03-09,CORP-NG,Operations,CC006,7001-Depreciation,Journal entry 850 - Revenue recognition,43687.94,43687.94,EUR,MS-SQL-SERVER,ORACLE-GL,VALID,,2024-03
TXN-00851,2024-07-07,CORP-US,IT,CC004,7001-Depreciation,Journal entry 851 - Expense claim,4311.51,4311.51,GBP,MS-SQL-SERVER,ORACLE-GL,VALID,,2024-07
TXN-00852,2024-11-27,CORP-US,Finance,CC004,6001-Salaries,Journal entry 852 - Revenue recognition,46163.31,46163.31,USD,MS-SQL-SERVER,ORACLE-GL,VALID,,2024-11
TXN-00853,2024-08-07,CORP-NG,Operations,CC001,6002-Travel,Journal entry 853 - Expense claim,20111.64,20111.64,GBP,MS-SQL-SERVER,ORACLE-GL,VALID,,2024-08
TXN-00854,2024-08-10,CORP-ZA,Procurement,CC004,5001-Revenue,Journal entry 854 - Expense claim,35957.31,35957.31,USD,MS-SQL-SERVER,ORACLE-GL,VALID,,2024-08
TXN-00855,2024-05-16,CORP-NG,Procurement,CC004,6003-Utilities,Journal entry 855 - Expense claim,47308.01,47308.01,NGN,MS-SQL-SERVER,ORACLE-GL,VALID,,2024-05
TXN-00856,2024-05-24,CORP-US,IT,CC002,6003-Utilities,Journal entry 856 - Expense claim,30044.13,30044.13,GBP,MS-SQL-SERVER,ORACLE-GL,VALID,,2024-05
TXN-00857,2024-04-30,CORP-ZA,Operations,CC003,7001-Depreciation,Journal entry 857 - Asset write-off,48808.8,48808.8,GBP,MS-SQL-SERVER,ORACLE-GL,VALID,,2024-04
TXN-00858,2024-06-14,CORP-ZA,Procurement,CC002,8001-Tax,Journal entry 858 - Asset write-off,23497.19,23497.19,NGN,MS-SQL-SERVER,ORACLE-GL,VALID,,2024-06
TXN-00859,2024-10-12,CORP-UK,Finance,CC003,6001-Salaries,Journal entry 859 - Asset write-off,29900.08,3745.48,EUR,MS-SQL-SERVER,ORACLE-GL,PENDING,,2024-10
TXN-00860,2024-07-14,CORP-NG,IT,CC006,6002-Travel,Journal entry 860 - Expense claim,367.51,25276.65,GBP,MS-SQL-SERVER,ORACLE-GL,ERROR,,2024-07
TXN-00861,2024-06-22,CORP-ZA,Operations,CC001,6002-Travel,Journal entry 861 - Payroll posting,13088.55,25236.96,NGN,MS-SQL-SERVER,ORACLE-GL,ERROR,,2024-06
TXN-00862,2024-06-09,CORP-UK,Operations,CC004,6002-Travel,Journal entry 862 - Revenue recognition,13094.26,13094.26,NGN,MS-SQL-SERVER,ORACLE-GL,VALID,,2024-06
TXN-00863,2024-05-14,CORP-NG,Sales,CC003,6003-Utilities,Journal entry 863 - Expense claim,45149.35,45149.35,EUR,MS-SQL-SERVER,ORACLE-GL,VALID,,2024-05
TXN-00864,2024-03-18,CORP-ZA,Finance,CC002,6001-Salaries,Journal entry 864 - Monthly accrual,49728.8,38207.4,USD,MS-SQL-SERVER,ORACLE-GL,PENDING,,2024-03
TXN-00865,2024-05-13,CORP-US,Procurement,CC004,6003-Utilities,Journal entry 865 - Monthly accrual,1889.53,1889.53,NGN,MS-SQL-SERVER,ORACLE-GL,VALID,,2024-05
TXN-00866,2024-12-29,CORP-ZA,IT,CC004,5001-Revenue,Journal entry 866 - Expense claim,22131.83,22131.83,GBP,MS-SQL-SERVER,ORACLE-GL,VALID,,2024-12
TXN-00867,2024-05-25,CORP-US,Operations,CC006,7001-Depreciation,Journal entry 867 - Revenue recognition,4769.54,4769.54,USD,MS-SQL-SERVER,ORACLE-GL,VALID,,2024-05
TXN-00868,2024-08-01,CORP-UK,Operations,CC004,8001-Tax,Journal entry 868 - Monthly accrual,26348.17,28582.31,EUR,MS-SQL-SERVER,ORACLE-GL,ERROR,,2024-08
TXN-00869,2024-12-14,CORP-UK,IT,CC003,7001-Depreciation,Journal entry 869 - Monthly accrual,14285.63,14285.63,EUR,MS-SQL-SERVER,ORACLE-GL,VALID,,2024-12
TXN-00870,2024-08-23,CORP-ZA,IT,CC006,6002-Travel,Journal entry 870 - Payroll posting,1540.84,1540.84,GBP,MS-SQL-SERVER,ORACLE-GL,VALID,,2024-08
TXN-00871,2024-12-01,CORP-ZA,HR,CC006,8001-Tax,Journal entry 871 - Payroll posting,48491.55,48491.55,USD,MS-SQL-SERVER,ORACLE-GL,VALID,,2024-12
TXN-00872,2024-11-25,CORP-NG,HR,CC001,8001-Tax,Journal entry 872 - Monthly accrual,43177.61,43177.61,NGN,MS-SQL-SERVER,ORACLE-GL,VALID,,2024-11
TXN-00873,2024-04-01,CORP-US,IT,CC001,5001-Revenue,Journal entry 873 - Expense claim,20003.04,20003.04,USD,MS-SQL-SERVER,ORACLE-GL,VALID,,2024-04
TXN-00874,2024-05-25,CORP-US,Finance,CC003,6003-Utilities,Journal entry 874 - Asset write-off,38996.68,38996.68,EUR,MS-SQL-SERVER,ORACLE-GL,VALID,,2024-05
TXN-00875,2024-02-19,CORP-NG,Sales,CC002,6003-Utilities,Journal entry 875 - Asset write-off,30215.33,18016.31,NGN,MS-SQL-SERVER,ORACLE-GL,PENDING,,2024-02
TXN-00876,2024-11-03,CORP-ZA,Finance,CC004,6002-Travel,Journal entry 876 - Payroll posting,13497.12,13497.12,USD,MS-SQL-SERVER,ORACLE-GL,VALID,,2024-11
TXN-00877,2024-02-17,CORP-UK,Sales,CC003,6003-Utilities,Journal entry 877 - Expense claim,31571.24,31571.24,USD,MS-SQL-SERVER,ORACLE-GL,VALID,,2024-02
TXN-00878,2024-11-27,CORP-UK,HR,CC004,6003-Utilities,Journal entry 878 - Monthly accrual,26411.21,26411.21,NGN,MS-SQL-SERVER,ORACLE-GL,VALID,,2024-11
TXN-00879,2024-03-06,CORP-NG,Operations,CC005,6003-Utilities,Journal entry 879 - Revenue recognition,7515.47,7515.47,GBP,MS-SQL-SERVER,ORACLE-GL,VALID,,2024-03
TXN-00880,2024-09-18,CORP-ZA,IT,CC001,6003-Utilities,Journal entry 880 - Payroll posting,45873.37,25719.38,EUR,MS-SQL-SERVER,ORACLE-GL,ERROR,,2024-09
TXN-00881,2024-02-11,CORP-UK,Finance,CC006,8001-Tax,Journal entry 881 - Asset write-off,12817.52,12817.52,USD,MS-SQL-SERVER,ORACLE-GL,VALID,,2024-02
TXN-00882,2024-01-24,CORP-UK,IT,CC006,6002-Travel,Journal entry 882 - Revenue recognition,42161.2,42161.2,NGN,MS-SQL-SERVER,ORACLE-GL,VALID,,2024-01
TXN-00883,2024-06-23,CORP-US,Operations,CC002,5001-Revenue,Journal entry 883 - Payroll posting,22552.4,40410.92,EUR,MS-SQL-SERVER,ORACLE-GL,PENDING,,2024-06
TXN-00884,2024-01-03,CORP-ZA,Finance,CC001,6001-Salaries,Journal entry 884 - Asset write-off,5405.9,26765.36,NGN,MS-SQL-SERVER,ORACLE-GL,PENDING,,2024-01
TXN-00885,2024-11-04,CORP-ZA,HR,CC005,7001-Depreciation,Journal entry 885 - Revenue recognition,20314.07,32920.08,NGN,MS-SQL-SERVER,ORACLE-GL,PENDING,,2024-11
TXN-00886,2024-03-10,CORP-UK,Operations,CC001,5001-Revenue,Journal entry 886 - Expense claim,4472.99,4472.99,GBP,MS-SQL-SERVER,ORACLE-GL,VALID,,2024-03
TXN-00887,2024-03-15,CORP-US,IT,CC006,7001-Depreciation,Journal entry 887 - Expense claim,24107.75,24107.75,GBP,MS-SQL-SERVER,ORACLE-GL,VALID,,2024-03
TXN-00888,2024-03-16,CORP-ZA,IT,CC001,5001-Revenue,Journal entry 888 - Expense claim,38509.09,38509.09,USD,MS-SQL-SERVER,ORACLE-GL,VALID,,2024-03
TXN-00889,2024-08-29,CORP-UK,IT,CC005,6001-Salaries,Journal entry 889 - Expense claim,35159.65,48196.96,EUR,MS-SQL-SERVER,ORACLE-GL,PENDING,,2024-08
TXN-00890,2024-11-18,CORP-ZA,IT,CC004,8001-Tax,Journal entry 890 - Payroll posting,2641.02,492.93,EUR,MS-SQL-SERVER,ORACLE-GL,ERROR,CURRENCY_MISMATCH,2024-11
TXN-00891,2024-09-05,CORP-ZA,Operations,CC006,5001-Revenue,Journal entry 891 - Payroll posting,24426.08,24426.08,GBP,MS-SQL-SERVER,ORACLE-GL,VALID,,2024-09
TXN-00892,2024-10-10,CORP-UK,HR,CC006,6003-Utilities,Journal entry 892 - Asset write-off,28862.53,28862.53,GBP,MS-SQL-SERVER,ORACLE-GL,VALID,,2024-10
TXN-00893,2024-11-26,CORP-NG,IT,CC006,6003-Utilities,Journal entry 893 - Monthly accrual,31172.56,31172.56,USD,MS-SQL-SERVER,ORACLE-GL,VALID,,2024-11
TXN-00894,2024-08-28,CORP-NG,IT,CC002,7001-Depreciation,Journal entry 894 - Expense claim,36337.84,36337.84,EUR,MS-SQL-SERVER,ORACLE-GL,VALID,,2024-08
TXN-00895,2024-12-30,CORP-ZA,IT,CC006,8001-Tax,Journal entry 895 - Revenue recognition,6644.81,14740.36,NGN,MS-SQL-SERVER,ORACLE-GL,ERROR,DUPLICATE_ENTRY,2024-12
TXN-00896,2024-05-24,CORP-UK,Procurement,CC004,6001-Salaries,Journal entry 896 - Expense claim,31129.93,31129.93,USD,MS-SQL-SERVER,ORACLE-GL,VALID,,2024-05
TXN-00897,2024-02-21,CORP-ZA,IT,CC003,6001-Salaries,Journal entry 897 - Expense claim,30326.88,30326.88,GBP,MS-SQL-SERVER,ORACLE-GL,VALID,,2024-02
TXN-00898,2024-05-13,CORP-NG,Procurement,CC002,6001-Salaries,Journal entry 898 - Payroll posting,18003.46,18003.46,GBP,MS-SQL-SERVER,ORACLE-GL,VALID,,2024-05
TXN-00899,2024-02-28,CORP-US,Finance,CC005,6001-Salaries,Journal entry 899 - Asset write-off,16952.96,16952.96,EUR,MS-SQL-SERVER,ORACLE-GL,VALID,,2024-02
TXN-00900,2024-01-24,CORP-NG,Operations,CC006,7001-Depreciation,Journal entry 900 - Payroll posting,39265.8,39265.8,GBP,MS-SQL-SERVER,ORACLE-GL,VALID,,2024-01
TXN-00901,2024-08-22,CORP-UK,Finance,CC005,7001-Depreciation,Journal entry 901 - Monthly accrual,2616.06,47318.76,GBP,MS-SQL-SERVER,ORACLE-GL,PENDING,,2024-08
TXN-00902,2024-04-15,CORP-NG,Operations,CC006,6002-Travel,Journal entry 902 - Asset write-off,8435.61,5991.16,NGN,MS-SQL-SERVER,ORACLE-GL,ERROR,,2024-04
TXN-00903,2024-07-05,CORP-NG,Operations,CC001,6001-Salaries,Journal entry 903 - Asset write-off,43537.59,7799.36,NGN,MS-SQL-SERVER,ORACLE-GL,PENDING,,2024-07
TXN-00904,2024-08-30,CORP-NG,HR,CC005,6001-Salaries,Journal entry 904 - Monthly accrual,12341.27,12341.27,EUR,MS-SQL-SERVER,ORACLE-GL,VALID,,2024-08
TXN-00905,2024-07-31,CORP-NG,Procurement,CC006,6001-Salaries,Journal entry 905 - Expense claim,35788.47,35788.47,NGN,MS-SQL-SERVER,ORACLE-GL,VALID,,2024-07
TXN-00906,2024-08-07,CORP-ZA,IT,CC004,7001-Depreciation,Journal entry 906 - Revenue recognition,6985.92,6985.92,GBP,MS-SQL-SERVER,ORACLE-GL,VALID,,2024-08
TXN-00907,2024-01-06,CORP-UK,Finance,CC003,6002-Travel,Journal entry 907 - Asset write-off,7364.66,7364.66,USD,MS-SQL-SERVER,ORACLE-GL,VALID,,2024-01
TXN-00908,2024-01-19,CORP-US,Sales,CC001,8001-Tax,Journal entry 908 - Payroll posting,3167.27,3167.27,EUR,MS-SQL-SERVER,ORACLE-GL,VALID,,2024-01
TXN-00909,2024-12-14,CORP-NG,Procurement,CC006,6002-Travel,Journal entry 909 - Revenue recognition,20159.94,20159.94,GBP,MS-SQL-SERVER,ORACLE-GL,VALID,,2024-12
TXN-00910,2024-11-08,CORP-US,Procurement,CC004,6003-Utilities,Journal entry 910 - Expense claim,45020.41,45020.41,NGN,MS-SQL-SERVER,ORACLE-GL,VALID,,2024-11
TXN-00911,2024-11-28,CORP-ZA,Operations,CC003,5001-Revenue,Journal entry 911 - Monthly accrual,17328.01,40610.37,EUR,MS-SQL-SERVER,ORACLE-GL,PENDING,,2024-11
TXN-00912,2024-03-05,CORP-NG,Operations,CC001,7001-Depreciation,Journal entry 912 - Payroll posting,36282.42,36282.42,EUR,MS-SQL-SERVER,ORACLE-GL,VALID,,2024-03
TXN-00913,2024-01-15,CORP-NG,Operations,CC003,XXXX-UNKNOWN,Journal entry 913 - Asset write-off,37876.61,8085.36,GBP,MS-SQL-SERVER,ORACLE-GL,ERROR,INVALID_ACCOUNT,2024-01
TXN-00914,2024-11-17,CORP-NG,Finance,CC001,8001-Tax,Journal entry 914 - Monthly accrual,3091.29,18711.65,NGN,MS-SQL-SERVER,ORACLE-GL,PENDING,,2024-11
TXN-00915,2024-01-03,CORP-ZA,HR,CC002,8001-Tax,Journal entry 915 - Payroll posting,28664.52,28664.52,USD,MS-SQL-SERVER,ORACLE-GL,VALID,,2024-01
TXN-00916,2024-12-07,CORP-US,Procurement,CC004,7001-Depreciation,Journal entry 916 - Expense claim,15030.16,15030.16,GBP,MS-SQL-SERVER,ORACLE-GL,VALID,,2024-12
TXN-00917,2024-04-08,CORP-NG,IT,CC001,6001-Salaries,Journal entry 917 - Asset write-off,25870.95,25870.95,NGN,MS-SQL-SERVER,ORACLE-GL,VALID,,2024-04
TXN-00918,2024-08-05,CORP-US,IT,CC002,6003-Utilities,Journal entry 918 - Monthly accrual,4703.21,4703.21,EUR,MS-SQL-SERVER,ORACLE-GL,VALID,,2024-08
TXN-00919,2024-09-22,CORP-ZA,HR,CC005,6003-Utilities,Journal entry 919 - Asset write-off,26360.15,29453.15,NGN,MS-SQL-SERVER,ORACLE-GL,PENDING,,2024-09
TXN-00920,2024-08-01,CORP-US,Operations,CC005,6001-Salaries,Journal entry 920 - Asset write-off,46558.68,24528.1,NGN,MS-SQL-SERVER,ORACLE-GL,PENDING,,2024-08
TXN-00921,2024-09-19,CORP-UK,Procurement,CC002,6003-Utilities,Journal entry 921 - Asset write-off,48404.79,48404.79,GBP,MS-SQL-SERVER,ORACLE-GL,VALID,,2024-09
TXN-00922,2024-03-01,CORP-ZA,Finance,CC001,6002-Travel,Journal entry 922 - Payroll posting,7926.3,27995.43,EUR,MS-SQL-SERVER,ORACLE-GL,PENDING,,2024-03
TXN-00923,2024-03-01,CORP-NG,HR,CC003,6002-Travel,Journal entry 923 - Revenue recognition,26186.6,26186.6,NGN,MS-SQL-SERVER,ORACLE-GL,VALID,,2024-03
TXN-00924,2024-03-13,CORP-ZA,Finance,CC003,6002-Travel,Journal entry 924 - Expense claim,39581.06,39581.06,USD,MS-SQL-SERVER,ORACLE-GL,VALID,,2024-03
TXN-00925,2024-06-27,CORP-UK,Finance,CC004,6003-Utilities,Journal entry 925 - Payroll posting,24490.8,6204.16,EUR,MS-SQL-SERVER,ORACLE-GL,PENDING,,2024-06
TXN-00926,2024-08-31,CORP-US,Operations,CC005,8001-Tax,Journal entry 926 - Asset write-off,45024.34,39089.33,NGN,MS-SQL-SERVER,ORACLE-GL,ERROR,DUPLICATE_ENTRY,2024-08
TXN-00927,2024-06-15,CORP-UK,Sales,CC006,7001-Depreciation,Journal entry 927 - Asset write-off,22508.83,43330.64,NGN,MS-SQL-SERVER,ORACLE-GL,PENDING,,2024-06
TXN-00928,2024-06-22,CORP-UK,Procurement,CC004,8001-Tax,Journal entry 928 - Revenue recognition,45022.2,45022.2,GBP,MS-SQL-SERVER,ORACLE-GL,VALID,,2024-06
TXN-00929,2024-10-19,CORP-NG,Sales,CC006,5001-Revenue,Journal entry 929 - Payroll posting,35389.71,35389.71,GBP,MS-SQL-SERVER,ORACLE-GL,VALID,,2024-10
TXN-00930,2024-10-04,CORP-UK,Sales,CC005,6001-Salaries,Journal entry 930 - Asset write-off,47762.9,47762.9,GBP,MS-SQL-SERVER,ORACLE-GL,VALID,,2024-10
TXN-00931,2024-09-29,CORP-US,Finance,CC003,6001-Salaries,Journal entry 931 - Expense claim,32946.9,32946.9,NGN,MS-SQL-SERVER,ORACLE-GL,VALID,,2024-09
TXN-00932,2024-11-06,CORP-NG,IT,CC005,5001-Revenue,Journal entry 932 - Asset write-off,40365.36,40365.36,GBP,MS-SQL-SERVER,ORACLE-GL,VALID,,2024-11
TXN-00933,2024-07-31,CORP-UK,Sales,CC003,6003-Utilities,Journal entry 933 - Revenue recognition,21907.17,21907.17,GBP,MS-SQL-SERVER,ORACLE-GL,VALID,,2024-07
TXN-00934,2024-10-04,CORP-US,HR,CC002,6001-Salaries,Journal entry 934 - Revenue recognition,48991.33,48991.33,GBP,MS-SQL-SERVER,ORACLE-GL,VALID,,2024-10
TXN-00935,2024-07-27,CORP-US,Finance,CC005,6002-Travel,Journal entry 935 - Expense claim,15409.03,15409.03,GBP,MS-SQL-SERVER,ORACLE-GL,VALID,,2024-07
TXN-00936,2024-06-12,CORP-US,IT,CC003,6002-Travel,Journal entry 936 - Asset write-off,3019.24,19557.99,GBP,MS-SQL-SERVER,ORACLE-GL,PENDING,,2024-06
TXN-00937,2024-11-01,CORP-US,IT,CC005,7001-Depreciation,Journal entry 937 - Asset write-off,10207.72,10207.72,GBP,MS-SQL-SERVER,ORACLE-GL,VALID,,2024-11
TXN-00938,2024-08-25,CORP-ZA,Finance,CC004,5001-Revenue,Journal entry 938 - Asset write-off,3125.54,3125.54,USD,MS-SQL-SERVER,ORACLE-GL,VALID,,2024-08
TXN-00939,2024-10-27,CORP-UK,Operations,CC005,8001-Tax,Journal entry 939 - Expense claim,13531.07,13531.07,EUR,MS-SQL-SERVER,ORACLE-GL,VALID,,2024-10
TXN-00940,2024-09-13,CORP-US,Operations,CC003,7001-Depreciation,Journal entry 940 - Expense claim,22354.51,42329.26,USD,MS-SQL-SERVER,ORACLE-GL,ERROR,CURRENCY_MISMATCH,2024-09
TXN-00941,2024-01-22,CORP-UK,IT,CC005,6002-Travel,Journal entry 941 - Expense claim,48071.47,27802.1,GBP,MS-SQL-SERVER,ORACLE-GL,ERROR,CURRENCY_MISMATCH,2024-01
TXN-00942,2024-09-03,CORP-NG,Sales,CC003,8001-Tax,Journal entry 942 - Asset write-off,46681.99,46681.99,EUR,MS-SQL-SERVER,ORACLE-GL,VALID,,2024-09
TXN-00943,2024-05-24,CORP-UK,Operations,CC006,7001-Depreciation,Journal entry 943 - Payroll posting,10716.43,42050.14,GBP,MS-SQL-SERVER,ORACLE-GL,PENDING,,2024-05
TXN-00944,2024-12-23,CORP-UK,Operations,CC006,7001-Depreciation,Journal entry 944 - Revenue recognition,4576.78,4576.78,NGN,MS-SQL-SERVER,ORACLE-GL,VALID,,2024-12
TXN-00945,2024-06-11,CORP-NG,Procurement,CC003,8001-Tax,Journal entry 945 - Asset write-off,30561.22,30561.22,EUR,MS-SQL-SERVER,ORACLE-GL,VALID,,2024-06
TXN-00946,2024-06-13,CORP-NG,Operations,CC004,7001-Depreciation,Journal entry 946 - Revenue recognition,33147.62,33147.62,GBP,MS-SQL-SERVER,ORACLE-GL,VALID,,2024-06
TXN-00947,2024-11-07,CORP-ZA,Finance,CC001,8001-Tax,Journal entry 947 - Expense claim,6772.91,46120.66,NGN,MS-SQL-SERVER,ORACLE-GL,PENDING,,2024-11
TXN-00948,2024-11-28,CORP-UK,Sales,CC001,8001-Tax,Journal entry 948 - Asset write-off,38147.02,26952.76,GBP,MS-SQL-SERVER,ORACLE-GL,ERROR,DUPLICATE_ENTRY,2024-11
TXN-00949,2024-07-11,CORP-NG,IT,CC002,8001-Tax,Journal entry 949 - Monthly accrual,48604.75,48604.75,GBP,MS-SQL-SERVER,ORACLE-GL,VALID,,2024-07
TXN-00950,2024-04-08,CORP-ZA,Finance,CC002,8001-Tax,Journal entry 950 - Monthly accrual,18586.98,18586.98,EUR,MS-SQL-SERVER,ORACLE-GL,VALID,,2024-04
TXN-00951,2024-02-16,CORP-NG,Procurement,CC002,6001-Salaries,Journal entry 951 - Asset write-off,46077.79,17955.27,EUR,MS-SQL-SERVER,ORACLE-GL,PENDING,,2024-02
TXN-00952,2024-12-26,CORP-US,Finance,CC002,8001-Tax,Journal entry 952 - Asset write-off,14109.74,14109.74,GBP,MS-SQL-SERVER,ORACLE-GL,VALID,,2024-12
TXN-00953,2024-09-09,CORP-US,Sales,CC002,8001-Tax,Journal entry 953 - Payroll posting,28498.2,28498.2,USD,MS-SQL-SERVER,ORACLE-GL,VALID,,2024-09
TXN-00954,2024-02-03,CORP-US,HR,CC005,6001-Salaries,Journal entry 954 - Payroll posting,29449.41,29449.41,EUR,MS-SQL-SERVER,ORACLE-GL,VALID,,2024-02
TXN-00955,2024-01-12,CORP-NG,Procurement,CC005,6003-Utilities,Journal entry 955 - Monthly accrual,42398.59,42398.59,NGN,MS-SQL-SERVER,ORACLE-GL,VALID,,2024-01
TXN-00956,2024-06-14,CORP-ZA,IT,CC003,5001-Revenue,Journal entry 956 - Payroll posting,33687.68,32536.5,NGN,MS-SQL-SERVER,ORACLE-GL,PENDING,,2024-06
TXN-00957,2024-01-23,CORP-US,Finance,CC003,6003-Utilities,Journal entry 957 - Payroll posting,18137.44,18137.44,NGN,MS-SQL-SERVER,ORACLE-GL,VALID,,2024-01
TXN-00958,2024-04-09,CORP-NG,Finance,CC005,5001-Revenue,Journal entry 958 - Expense claim,357.45,357.45,NGN,MS-SQL-SERVER,ORACLE-GL,VALID,,2024-04
TXN-00959,2024-04-10,CORP-US,HR,CC003,5001-Revenue,Journal entry 959 - Monthly accrual,45858.06,45858.06,GBP,MS-SQL-SERVER,ORACLE-GL,VALID,,2024-04
TXN-00960,2024-01-13,CORP-NG,HR,CC002,5001-Revenue,Journal entry 960 - Asset write-off,21654.25,21654.25,USD,MS-SQL-SERVER,ORACLE-GL,VALID,,2024-01
TXN-00961,2024-06-19,CORP-US,Finance,CC005,7001-Depreciation,Journal entry 961 - Asset write-off,41642.62,41642.62,GBP,MS-SQL-SERVER,ORACLE-GL,VALID,,2024-06
TXN-00962,2024-02-01,CORP-UK,IT,CC003,8001-Tax,Journal entry 962 - Monthly accrual,22378.16,6328.84,USD,MS-SQL-SERVER,ORACLE-GL,PENDING,,2024-02
TXN-00963,2024-08-14,CORP-UK,HR,CC005,8001-Tax,Journal entry 963 - Asset write-off,45963.88,45963.88,GBP,MS-SQL-SERVER,ORACLE-GL,VALID,,2024-08
TXN-00964,2024-10-13,CORP-UK,HR,CC004,6003-Utilities,Journal entry 964 - Monthly accrual,33910.47,33910.47,NGN,MS-SQL-SERVER,ORACLE-GL,VALID,,2024-10
TXN-00965,2024-12-03,CORP-UK,IT,CC004,6003-Utilities,Journal entry 965 - Asset write-off,43242.68,43242.68,GBP,MS-SQL-SERVER,ORACLE-GL,VALID,,2024-12
TXN-00966,2024-12-11,CORP-UK,IT,CC005,6002-Travel,Journal entry 966 - Payroll posting,32580.98,32580.98,USD,MS-SQL-SERVER,ORACLE-GL,VALID,,2024-12
TXN-00967,2024-10-31,CORP-UK,Sales,CC002,7001-Depreciation,Journal entry 967 - Expense claim,5224.21,5224.21,EUR,MS-SQL-SERVER,ORACLE-GL,VALID,,2024-10
TXN-00968,2024-11-13,CORP-ZA,Operations,CC002,6001-Salaries,Journal entry 968 - Monthly accrual,21108.25,21108.25,GBP,MS-SQL-SERVER,ORACLE-GL,VALID,,2024-11
TXN-00969,2024-08-11,CORP-NG,HR,CC005,7001-Depreciation,Journal entry 969 - Expense claim,15652.18,15652.18,USD,MS-SQL-SERVER,ORACLE-GL,VALID,,2024-08
TXN-00970,2024-06-24,CORP-NG,HR,CC001,7001-Depreciation,Journal entry 970 - Payroll posting,15502.85,15502.85,USD,MS-SQL-SERVER,ORACLE-GL,VALID,,2024-06
TXN-00971,2024-10-13,CORP-UK,IT,CC003,6001-Salaries,Journal entry 971 - Expense claim,11945.63,11945.63,USD,MS-SQL-SERVER,ORACLE-GL,VALID,,2024-10
TXN-00972,2024-12-07,CORP-ZA,Procurement,CC006,6003-Utilities,Journal entry 972 - Payroll posting,17143.44,17143.44,EUR,MS-SQL-SERVER,ORACLE-GL,VALID,,2024-12
TXN-00973,2024-03-24,CORP-UK,IT,CC001,XXXX-UNKNOWN,Journal entry 973 - Asset write-off,30843.55,20992.89,USD,MS-SQL-SERVER,ORACLE-GL,ERROR,INVALID_ACCOUNT,2024-03
TXN-00974,2024-12-20,CORP-US,IT,CC005,6001-Salaries,Journal entry 974 - Expense claim,31974.48,31974.48,NGN,MS-SQL-SERVER,ORACLE-GL,VALID,,2024-12
TXN-00975,2024-07-11,CORP-US,IT,CC002,5001-Revenue,Journal entry 975 - Revenue recognition,38440.59,40751.17,GBP,MS-SQL-SERVER,ORACLE-GL,PENDING,,2024-07
TXN-00976,2024-10-11,CORP-UK,Operations,CC003,6003-Utilities,Journal entry 976 - Expense claim,17958.54,17958.54,EUR,MS-SQL-SERVER,ORACLE-GL,VALID,,2024-10
TXN-00977,2024-04-11,CORP-US,HR,CC002,6001-Salaries,Journal entry 977 - Revenue recognition,48767.93,48767.93,USD,MS-SQL-SERVER,ORACLE-GL,VALID,,2024-04
TXN-00978,2024-05-05,CORP-US,Operations,CC001,6001-Salaries,Journal entry 978 - Revenue recognition,42391.96,42391.96,GBP,MS-SQL-SERVER,ORACLE-GL,VALID,,2024-05
TXN-00979,2024-03-11,CORP-ZA,Procurement,CC001,6002-Travel,Journal entry 979 - Expense claim,41589.14,41589.14,EUR,MS-SQL-SERVER,ORACLE-GL,VALID,,2024-03
TXN-00980,2024-07-09,CORP-US,Sales,CC005,6003-Utilities,Journal entry 980 - Monthly accrual,12083.48,12083.48,GBP,MS-SQL-SERVER,ORACLE-GL,VALID,,2024-07
TXN-00981,2024-03-07,CORP-US,Operations,CC005,6003-Utilities,Journal entry 981 - Revenue recognition,44147.88,44147.88,EUR,MS-SQL-SERVER,ORACLE-GL,VALID,,2024-03
TXN-00982,2024-01-24,CORP-US,Sales,CC003,6001-Salaries,Journal entry 982 - Revenue recognition,48851.38,12303.03,USD,MS-SQL-SERVER,ORACLE-GL,ERROR,CURRENCY_MISMATCH,2024-01
TXN-00983,2024-05-23,CORP-US,Sales,CC005,6003-Utilities,Journal entry 983 - Expense claim,31510.01,31510.01,GBP,MS-SQL-SERVER,ORACLE-GL,VALID,,2024-05
TXN-00984,2024-11-10,CORP-UK,Operations,CC005,6003-Utilities,Journal entry 984 - Payroll posting,39570.76,39570.76,EUR,MS-SQL-SERVER,ORACLE-GL,VALID,,2024-11
TXN-00985,2024-04-01,CORP-NG,Procurement,CC003,7001-Depreciation,Journal entry 985 - Asset write-off,25992.73,25992.73,NGN,MS-SQL-SERVER,ORACLE-GL,VALID,,2024-04
TXN-00986,2024-07-24,CORP-UK,Operations,CC002,6001-Salaries,Journal entry 986 - Asset write-off,13489.94,13489.94,USD,MS-SQL-SERVER,ORACLE-GL,VALID,,2024-07
TXN-00987,2024-08-05,CORP-ZA,Sales,CC002,6002-Travel,Journal entry 987 - Revenue recognition,11007.83,11007.83,GBP,MS-SQL-SERVER,ORACLE-GL,VALID,,2024-08
TXN-00988,2024-05-31,CORP-ZA,Sales,CC003,6001-Salaries,Journal entry 988 - Payroll posting,37605.98,37605.98,GBP,MS-SQL-SERVER,ORACLE-GL,VALID,,2024-05
TXN-00989,2024-06-21,CORP-ZA,IT,CC004,6003-Utilities,Journal entry 989 - Asset write-off,25661.88,25661.88,EUR,MS-SQL-SERVER,ORACLE-GL,VALID,,2024-06
TXN-00990,2024-07-14,CORP-UK,Operations,CC004,6001-Salaries,Journal entry 990 - Revenue recognition,15919.32,15919.32,GBP,MS-SQL-SERVER,ORACLE-GL,VALID,,2024-07
TXN-00991,2024-05-30,CORP-UK,HR,CC002,5001-Revenue,Journal entry 991 - Monthly accrual,45083.64,45083.64,GBP,MS-SQL-SERVER,ORACLE-GL,VALID,,2024-05
TXN-00992,2024-04-12,CORP-NG,Operations,CC006,6002-Travel,Journal entry 992 - Revenue recognition,2010.24,2010.24,EUR,MS-SQL-SERVER,ORACLE-GL,VALID,,2024-04
TXN-00993,2024-05-20,CORP-US,Procurement,CC005,6001-Salaries,Journal entry 993 - Payroll posting,40796.68,34208.61,EUR,MS-SQL-SERVER,ORACLE-GL,PENDING,,2024-05
TXN-00994,2024-05-24,CORP-NG,IT,CC004,7001-Depreciation,Journal entry 994 - Monthly accrual,38526.8,38526.8,NGN,MS-SQL-SERVER,ORACLE-GL,VALID,,2024-05
TXN-00995,2024-03-17,CORP-ZA,Operations,CC002,8001-Tax,Journal entry 995 - Expense claim,25681.08,38081.91,NGN,MS-SQL-SERVER,ORACLE-GL,PENDING,,2024-03
TXN-00996,2024-10-09,CORP-ZA,Procurement,CC004,6002-Travel,Journal entry 996 - Monthly accrual,25839.68,25839.68,EUR,MS-SQL-SERVER,ORACLE-GL,VALID,,2024-10
TXN-00997,2024-12-23,CORP-ZA,Operations,CC004,6003-Utilities,Journal entry 997 - Payroll posting,21496.77,21496.77,GBP,MS-SQL-SERVER,ORACLE-GL,VALID,,2024-12
TXN-00998,2024-03-06,CORP-NG,Procurement,CC001,6003-Utilities,Journal entry 998 - Revenue recognition,7033.62,7033.62,EUR,MS-SQL-SERVER,ORACLE-GL,VALID,,2024-03
TXN-00999,2024-12-17,CORP-ZA,Procurement,CC005,6002-Travel,Journal entry 999 - Revenue recognition,21015.45,21015.45,GBP,MS-SQL-SERVER,ORACLE-GL,VALID,,2024-12
TXN-01000,2024-06-18,CORP-ZA,IT,CC002,6003-Utilities,Journal entry 1000 - Monthly accrual,46115.0,7769.19,NGN,MS-SQL-SERVER,ORACLE-GL,ERROR,,2024-06
