TIMESHEET_ID,EMPLOYEE_ID,JOB_TITLE,WEEK_STARTING,HOURS_WORKED,HOURLY_RATE_GBP,TOTAL_AMOUNT_GBP,PO_NUMBER,PO_APPROVED_HOURS,PO_BUDGET_GBP,MATCH_STATUS,VARIANCE_HOURS,DEPARTMENT,COST_CENTRE,SOURCE_SYSTEM,TARGET_SYSTEM,PERIOD
TS-00001,EMP-0020,Analyst,2024-03-25,31.9,56.24,1794.06,PO-01044,41.1,2311.46,OVER_CLAIMED,-9.2,Finance,CC006,MS-SQL-SERVER,ORACLE-GL,2024-03
TS-00002,EMP-0012,Consultant,2024-09-02,24.4,103.52,2525.89,PO-01018,26.5,2743.28,MATCHED,0.0,IT,CC003,MS-SQL-SERVER,ORACLE-GL,2024-09
TS-00003,EMP-0024,Engineer,2024-04-01,25.8,87.66,2261.63,PO-01003,17.2,1507.75,MATCHED,0.0,Operations,CC003,MS-SQL-SERVER,ORACLE-GL,2024-04
TS-00004,EMP-0031,Coordinator,2024-07-01,29.8,119.01,3546.5,PO-01018,22.4,2665.82,UNMATCHED,7.4,IT,CC002,MS-SQL-SERVER,ORACLE-GL,2024-07
TS-00005,EMP-0031,Consultant,2024-02-26,41.8,54.43,2275.17,PO-01155,48.2,2623.53,OVER_CLAIMED,-6.4,Sales,CC003,MS-SQL-SERVER,ORACLE-GL,2024-02
TS-00006,EMP-0001,Consultant,2024-09-16,25.1,93.09,2336.56,PO-01115,24.3,2262.09,MATCHED,0.0,Finance,CC004,MS-SQL-SERVER,ORACLE-GL,2024-09
TS-00007,EMP-0030,Developer,2024-09-23,40.2,74.96,3013.39,PO-01148,48.4,3628.06,UNMATCHED,-8.2,Finance,CC006,MS-SQL-SERVER,ORACLE-GL,2024-09
TS-00008,EMP-0046,Manager,2024-02-05,27.2,108.69,2956.37,PO-01101,26.3,2858.55,OVER_CLAIMED,0.9,Sales,CC002,MS-SQL-SERVER,ORACLE-GL,2024-02
TS-00009,EMP-0025,Coordinator,2024-07-01,26.2,110.5,2895.1,PO-01047,30.9,3414.45,UNMATCHED,-4.7,Procurement,CC005,MS-SQL-SERVER,ORACLE-GL,2024-07
TS-00010,EMP-0018,Coordinator,2024-02-12,29.8,114.84,3422.23,PO-01138,24.6,2825.06,MATCHED,0.0,HR,CC006,MS-SQL-SERVER,ORACLE-GL,2024-02
TS-00011,EMP-0027,Engineer,2024-01-29,37.5,93.63,3511.12,PO-01032,31.8,2977.43,UNMATCHED,5.7,HR,CC001,MS-SQL-SERVER,ORACLE-GL,2024-01
TS-00012,EMP-0011,Manager,2024-12-02,22.6,97.82,2210.73,PO-01054,19.1,1868.36,UNMATCHED,3.5,Sales,CC001,MS-SQL-SERVER,ORACLE-GL,2024-12
TS-00013,EMP-0025,Manager,2024-07-22,20.7,85.69,1773.78,PO-01191,24.2,2073.7,UNMATCHED,-3.5,IT,CC002,MS-SQL-SERVER,ORACLE-GL,2024-07
TS-00014,EMP-0021,Coordinator,2024-06-24,20.9,48.81,1020.13,PO-01192,25.1,1225.13,MATCHED,0.0,IT,CC004,MS-SQL-SERVER,ORACLE-GL,2024-06
TS-00015,EMP-0009,Developer,2024-07-22,21.7,77.1,1673.07,PO-01072,16.5,1272.15,UNMATCHED,5.2,Operations,CC002,MS-SQL-SERVER,ORACLE-GL,2024-07
TS-00016,EMP-0026,Consultant,2024-01-08,35.2,41.84,1472.77,PO-01020,27.7,1158.97,OVER_CLAIMED,7.5,Procurement,CC001,MS-SQL-SERVER,ORACLE-GL,2024-01
TS-00017,EMP-0003,Coordinator,2024-10-28,26.8,66.86,1791.85,PO-01137,20.4,1363.94,OVER_CLAIMED,6.4,Operations,CC004,MS-SQL-SERVER,ORACLE-GL,2024-10
TS-00018,EMP-0046,Coordinator,2024-11-04,21.2,85.31,1808.57,PO-01027,21.7,1851.23,OVER_CLAIMED,-0.5,IT,CC006,MS-SQL-SERVER,ORACLE-GL,2024-11
TS-00019,EMP-0050,Consultant,2024-05-13,31.1,81.83,2544.91,PO-01064,22.1,1808.44,UNMATCHED,9.0,HR,CC002,MS-SQL-SERVER,ORACLE-GL,2024-05
TS-00020,EMP-0013,Coordinator,2024-03-25,22.3,65.06,1450.84,PO-01172,32.1,2088.43,MATCHED,0.0,Finance,CC002,MS-SQL-SERVER,ORACLE-GL,2024-03
TS-00021,EMP-0003,Developer,2024-02-12,39.9,103.89,4145.21,PO-01132,33.3,3459.54,MATCHED,0.0,Finance,CC003,MS-SQL-SERVER,ORACLE-GL,2024-02
TS-00022,EMP-0026,Developer,2024-05-20,34.1,43.01,1466.64,PO-01031,28.2,1212.88,PARTIAL,5.9,Operations,CC002,MS-SQL-SERVER,ORACLE-GL,2024-05
TS-00023,EMP-0001,Developer,2024-02-12,28.9,41.49,1199.06,PO-01055,26.9,1116.08,MATCHED,0.0,IT,CC002,MS-SQL-SERVER,ORACLE-GL,2024-02
TS-00024,EMP-0005,Consultant,2024-01-29,36.4,51.45,1872.78,PO-01106,38.9,2001.4,MATCHED,0.0,HR,CC005,MS-SQL-SERVER,ORACLE-GL,2024-01
TS-00025,EMP-0011,Manager,2024-08-05,44.6,34.67,1546.28,PO-01025,45.3,1570.55,PARTIAL,-0.7,Sales,CC003,MS-SQL-SERVER,ORACLE-GL,2024-08
TS-00026,EMP-0009,Manager,2024-10-07,37.4,89.4,3343.56,PO-01045,46.8,4183.92,OVER_CLAIMED,-9.4,Procurement,CC006,MS-SQL-SERVER,ORACLE-GL,2024-10
TS-00027,EMP-0039,Engineer,2024-05-20,44.5,88.31,3929.8,PO-01115,35.9,3170.33,MATCHED,0.0,IT,CC005,MS-SQL-SERVER,ORACLE-GL,2024-05
TS-00028,EMP-0015,Analyst,2024-10-07,38.5,72.82,2803.57,PO-01158,42.6,3102.13,MATCHED,0.0,Finance,CC003,MS-SQL-SERVER,ORACLE-GL,2024-10
TS-00029,EMP-0009,Manager,2024-04-15,38.4,96.94,3722.5,PO-01128,40.8,3955.15,MATCHED,0.0,HR,CC002,MS-SQL-SERVER,ORACLE-GL,2024-04
TS-00030,EMP-0039,Developer,2024-03-04,29.4,85.99,2528.11,PO-01190,24.2,2080.96,OVER_CLAIMED,5.2,HR,CC002,MS-SQL-SERVER,ORACLE-GL,2024-03
TS-00031,EMP-0042,Manager,2024-04-29,27.9,99.76,2783.3,PO-01193,18.7,1865.51,UNMATCHED,9.2,Finance,CC002,MS-SQL-SERVER,ORACLE-GL,2024-04
TS-00032,EMP-0016,Coordinator,2024-11-18,28.3,48.01,1358.68,PO-01179,29.1,1397.09,OVER_CLAIMED,-0.8,Procurement,CC002,MS-SQL-SERVER,ORACLE-GL,2024-11
TS-00033,EMP-0001,Analyst,2024-09-23,41.8,74.54,3115.77,PO-01126,35.5,2646.17,OVER_CLAIMED,6.3,Finance,CC002,MS-SQL-SERVER,ORACLE-GL,2024-09
TS-00034,EMP-0012,Engineer,2024-01-22,35.9,38.45,1380.36,PO-01141,30.0,1153.5,MATCHED,0.0,Operations,CC002,MS-SQL-SERVER,ORACLE-GL,2024-01
TS-00035,EMP-0013,Consultant,2024-08-12,22.0,93.87,2065.14,PO-01109,18.2,1708.43,OVER_CLAIMED,3.8,Operations,CC005,MS-SQL-SERVER,ORACLE-GL,2024-08
TS-00036,EMP-0018,Developer,2024-04-15,27.6,79.76,2201.38,PO-01021,37.0,2951.12,MATCHED,0.0,HR,CC004,MS-SQL-SERVER,ORACLE-GL,2024-04
TS-00037,EMP-0028,Consultant,2024-06-17,24.2,66.93,1619.71,PO-01124,24.3,1626.4,OVER_CLAIMED,-0.1,Finance,CC004,MS-SQL-SERVER,ORACLE-GL,2024-06
TS-00038,EMP-0035,Consultant,2024-07-08,41.4,97.09,4019.53,PO-01142,49.8,4835.08,PARTIAL,-8.4,Procurement,CC002,MS-SQL-SERVER,ORACLE-GL,2024-07
TS-00039,EMP-0039,Developer,2024-04-22,29.5,54.06,1594.77,PO-01019,25.2,1362.31,PARTIAL,4.3,HR,CC002,MS-SQL-SERVER,ORACLE-GL,2024-04
TS-00040,EMP-0033,Coordinator,2024-11-11,31.7,39.7,1258.49,PO-01186,25.5,1012.35,MATCHED,0.0,HR,CC004,MS-SQL-SERVER,ORACLE-GL,2024-11
TS-00041,EMP-0025,Developer,2024-06-24,43.1,114.33,4927.62,PO-01079,52.5,6002.32,MATCHED,0.0,Procurement,CC005,MS-SQL-SERVER,ORACLE-GL,2024-06
TS-00042,EMP-0037,Consultant,2024-01-29,30.2,28.69,866.44,PO-01050,38.6,1107.43,UNMATCHED,-8.4,IT,CC003,MS-SQL-SERVER,ORACLE-GL,2024-01
TS-00043,EMP-0041,Coordinator,2024-12-09,42.8,93.61,4006.51,PO-01095,43.0,4025.23,UNMATCHED,-0.2,Procurement,CC001,MS-SQL-SERVER,ORACLE-GL,2024-12
TS-00044,EMP-0003,Manager,2024-10-14,29.6,65.28,1932.29,PO-01162,24.5,1599.36,UNMATCHED,5.1,Procurement,CC006,MS-SQL-SERVER,ORACLE-GL,2024-10
TS-00045,EMP-0044,Consultant,2024-01-08,37.4,86.31,3227.99,PO-01066,32.6,2813.71,UNMATCHED,4.8,Operations,CC005,MS-SQL-SERVER,ORACLE-GL,2024-01
TS-00046,EMP-0042,Coordinator,2024-09-16,43.8,104.94,4596.37,PO-01099,34.0,3567.96,MATCHED,0.0,IT,CC006,MS-SQL-SERVER,ORACLE-GL,2024-09
TS-00047,EMP-0011,Developer,2024-09-16,44.4,32.63,1448.77,PO-01065,52.6,1716.34,UNMATCHED,-8.2,Procurement,CC003,MS-SQL-SERVER,ORACLE-GL,2024-09
TS-00048,EMP-0047,Developer,2024-08-12,44.2,87.56,3870.15,PO-01193,41.9,3668.76,MATCHED,0.0,Procurement,CC001,MS-SQL-SERVER,ORACLE-GL,2024-08
TS-00049,EMP-0018,Coordinator,2024-02-12,35.9,98.79,3546.56,PO-01054,32.8,3240.31,MATCHED,0.0,Procurement,CC004,MS-SQL-SERVER,ORACLE-GL,2024-02
TS-00050,EMP-0007,Analyst,2024-11-04,27.7,118.77,3289.93,PO-01199,34.0,4038.18,MATCHED,0.0,Procurement,CC004,MS-SQL-SERVER,ORACLE-GL,2024-11
TS-00051,EMP-0024,Consultant,2024-08-19,30.4,52.39,1592.66,PO-01181,29.0,1519.31,MATCHED,0.0,Operations,CC002,MS-SQL-SERVER,ORACLE-GL,2024-08
TS-00052,EMP-0012,Consultant,2024-08-05,24.5,115.11,2820.2,PO-01016,23.5,2705.09,MATCHED,0.0,Procurement,CC002,MS-SQL-SERVER,ORACLE-GL,2024-08
TS-00053,EMP-0029,Coordinator,2024-12-23,39.0,49.64,1935.96,PO-01160,47.0,2333.08,UNMATCHED,-8.0,Finance,CC006,MS-SQL-SERVER,ORACLE-GL,2024-12
TS-00054,EMP-0022,Analyst,2024-03-11,22.0,33.14,729.08,PO-01150,14.5,480.53,MATCHED,0.0,Operations,CC004,MS-SQL-SERVER,ORACLE-GL,2024-03
TS-00055,EMP-0043,Engineer,2024-08-05,36.8,34.58,1272.54,PO-01011,28.0,968.24,MATCHED,0.0,Finance,CC002,MS-SQL-SERVER,ORACLE-GL,2024-08
TS-00056,EMP-0032,Developer,2024-08-19,39.8,60.69,2415.46,PO-01194,40.2,2439.74,MATCHED,0.0,HR,CC005,MS-SQL-SERVER,ORACLE-GL,2024-08
TS-00057,EMP-0016,Manager,2024-07-08,28.4,89.78,2549.75,PO-01171,25.3,2271.43,MATCHED,0.0,IT,CC004,MS-SQL-SERVER,ORACLE-GL,2024-07
TS-00058,EMP-0001,Developer,2024-09-30,21.4,58.82,1258.75,PO-01179,18.0,1058.76,MATCHED,0.0,IT,CC006,MS-SQL-SERVER,ORACLE-GL,2024-09
TS-00059,EMP-0049,Consultant,2024-02-26,20.6,36.67,755.4,PO-01095,21.2,777.4,OVER_CLAIMED,-0.6,IT,CC005,MS-SQL-SERVER,ORACLE-GL,2024-02
TS-00060,EMP-0001,Coordinator,2024-10-28,36.5,70.14,2560.11,PO-01083,34.8,2440.87,MATCHED,0.0,Finance,CC006,MS-SQL-SERVER,ORACLE-GL,2024-10
TS-00061,EMP-0029,Consultant,2024-06-10,41.8,117.11,4895.2,PO-01156,46.5,5445.61,OVER_CLAIMED,-4.7,IT,CC004,MS-SQL-SERVER,ORACLE-GL,2024-06
TS-00062,EMP-0043,Coordinator,2024-11-25,35.3,32.73,1155.37,PO-01026,33.9,1109.55,UNMATCHED,1.4,Procurement,CC004,MS-SQL-SERVER,ORACLE-GL,2024-11
TS-00063,EMP-0046,Engineer,2024-05-06,35.2,92.63,3260.58,PO-01009,42.6,3946.04,PARTIAL,-7.4,Operations,CC004,MS-SQL-SERVER,ORACLE-GL,2024-05
TS-00064,EMP-0011,Developer,2024-12-16,22.2,104.07,2310.35,PO-01030,32.1,3340.65,UNMATCHED,-9.9,IT,CC006,MS-SQL-SERVER,ORACLE-GL,2024-12
TS-00065,EMP-0045,Analyst,2024-08-26,26.0,45.11,1172.86,PO-01028,31.1,1402.92,OVER_CLAIMED,-5.1,IT,CC006,MS-SQL-SERVER,ORACLE-GL,2024-08
TS-00066,EMP-0015,Coordinator,2024-01-08,24.0,113.25,2718.0,PO-01066,32.1,3635.33,MATCHED,0.0,Procurement,CC004,MS-SQL-SERVER,ORACLE-GL,2024-01
TS-00067,EMP-0032,Analyst,2024-10-21,23.1,37.9,875.49,PO-01178,23.8,902.02,OVER_CLAIMED,-0.7,HR,CC002,MS-SQL-SERVER,ORACLE-GL,2024-10
TS-00068,EMP-0046,Coordinator,2024-09-09,39.2,82.06,3216.75,PO-01189,42.1,3454.73,UNMATCHED,-2.9,Procurement,CC004,MS-SQL-SERVER,ORACLE-GL,2024-09
TS-00069,EMP-0015,Manager,2024-10-14,36.1,78.38,2829.52,PO-01030,43.2,3386.02,MATCHED,0.0,HR,CC001,MS-SQL-SERVER,ORACLE-GL,2024-10
TS-00070,EMP-0008,Engineer,2024-02-19,22.2,95.36,2116.99,PO-01095,30.9,2946.62,OVER_CLAIMED,-8.7,Operations,CC003,MS-SQL-SERVER,ORACLE-GL,2024-02
TS-00071,EMP-0013,Developer,2024-06-17,34.4,25.16,865.5,PO-01109,25.6,644.1,PARTIAL,8.8,HR,CC003,MS-SQL-SERVER,ORACLE-GL,2024-06
TS-00072,EMP-0038,Consultant,2024-12-23,37.0,100.67,3724.79,PO-01028,37.4,3765.06,PARTIAL,-0.4,IT,CC001,MS-SQL-SERVER,ORACLE-GL,2024-12
TS-00073,EMP-0015,Developer,2024-08-26,41.3,55.01,2271.91,PO-01175,47.6,2618.48,MATCHED,0.0,IT,CC002,MS-SQL-SERVER,ORACLE-GL,2024-08
TS-00074,EMP-0003,Engineer,2024-09-23,27.1,95.97,2600.79,PO-01082,34.1,3272.58,OVER_CLAIMED,-7.0,HR,CC005,MS-SQL-SERVER,ORACLE-GL,2024-09
TS-00075,EMP-0041,Consultant,2024-11-04,23.1,119.7,2765.07,PO-01127,27.2,3255.84,UNMATCHED,-4.1,HR,CC006,MS-SQL-SERVER,ORACLE-GL,2024-11
TS-00076,EMP-0014,Coordinator,2024-06-17,21.5,101.97,2192.36,PO-01058,14.6,1488.76,OVER_CLAIMED,6.9,Procurement,CC006,MS-SQL-SERVER,ORACLE-GL,2024-06
TS-00077,EMP-0026,Manager,2024-01-22,43.1,98.72,4254.83,PO-01169,50.2,4955.74,OVER_CLAIMED,-7.1,Operations,CC001,MS-SQL-SERVER,ORACLE-GL,2024-01
TS-00078,EMP-0049,Developer,2024-09-02,29.8,65.13,1940.87,PO-01101,29.3,1908.31,MATCHED,0.0,Finance,CC005,MS-SQL-SERVER,ORACLE-GL,2024-09
TS-00079,EMP-0026,Analyst,2024-11-18,27.1,91.16,2470.44,PO-01034,21.0,1914.36,PARTIAL,6.1,HR,CC005,MS-SQL-SERVER,ORACLE-GL,2024-11
TS-00080,EMP-0011,Engineer,2024-12-23,21.4,113.78,2434.89,PO-01036,17.5,1991.15,OVER_CLAIMED,3.9,IT,CC006,MS-SQL-SERVER,ORACLE-GL,2024-12
TS-00081,EMP-0013,Coordinator,2024-07-29,27.3,38.76,1058.15,PO-01167,21.7,841.09,OVER_CLAIMED,5.6,Finance,CC003,MS-SQL-SERVER,ORACLE-GL,2024-07
TS-00082,EMP-0025,Developer,2024-11-18,41.4,34.69,1436.17,PO-01174,47.1,1633.9,MATCHED,0.0,Operations,CC001,MS-SQL-SERVER,ORACLE-GL,2024-11
TS-00083,EMP-0033,Coordinator,2024-02-12,28.9,70.02,2023.58,PO-01087,37.8,2646.76,MATCHED,0.0,Sales,CC004,MS-SQL-SERVER,ORACLE-GL,2024-02
TS-00084,EMP-0026,Developer,2024-03-04,35.7,63.38,2262.67,PO-01078,26.4,1673.23,MATCHED,0.0,Procurement,CC005,MS-SQL-SERVER,ORACLE-GL,2024-03
TS-00085,EMP-0043,Analyst,2024-03-18,36.3,60.66,2201.96,PO-01200,40.1,2432.47,OVER_CLAIMED,-3.8,IT,CC006,MS-SQL-SERVER,ORACLE-GL,2024-03
TS-00086,EMP-0008,Analyst,2024-06-17,26.9,87.05,2341.64,PO-01032,24.2,2106.61,MATCHED,0.0,IT,CC006,MS-SQL-SERVER,ORACLE-GL,2024-06
TS-00087,EMP-0031,Manager,2024-10-21,42.7,46.37,1980.0,PO-01178,44.4,2058.83,PARTIAL,-1.7,Procurement,CC001,MS-SQL-SERVER,ORACLE-GL,2024-10
TS-00088,EMP-0028,Manager,2024-12-16,34.8,61.48,2139.5,PO-01147,44.8,2754.3,OVER_CLAIMED,-10.0,Operations,CC001,MS-SQL-SERVER,ORACLE-GL,2024-12
TS-00089,EMP-0026,Coordinator,2024-05-20,21.6,111.34,2404.94,PO-01006,27.5,3061.85,MATCHED,0.0,IT,CC005,MS-SQL-SERVER,ORACLE-GL,2024-05
TS-00090,EMP-0035,Coordinator,2024-08-26,39.6,75.36,2984.26,PO-01167,30.9,2328.62,PARTIAL,8.7,Finance,CC002,MS-SQL-SERVER,ORACLE-GL,2024-08
TS-00091,EMP-0001,Engineer,2024-10-21,42.4,42.16,1787.58,PO-01115,44.4,1871.9,MATCHED,0.0,HR,CC001,MS-SQL-SERVER,ORACLE-GL,2024-10
TS-00092,EMP-0017,Analyst,2024-01-15,23.2,44.59,1034.49,PO-01022,16.4,731.28,PARTIAL,6.8,Finance,CC005,MS-SQL-SERVER,ORACLE-GL,2024-01
TS-00093,EMP-0001,Consultant,2024-05-13,29.1,76.72,2232.55,PO-01077,27.6,2117.47,OVER_CLAIMED,1.5,Finance,CC005,MS-SQL-SERVER,ORACLE-GL,2024-05
TS-00094,EMP-0045,Manager,2024-12-16,27.3,75.74,2067.7,PO-01134,20.1,1522.37,UNMATCHED,7.2,HR,CC005,MS-SQL-SERVER,ORACLE-GL,2024-12
TS-00095,EMP-0016,Analyst,2024-08-26,32.8,90.35,2963.48,PO-01049,36.1,3261.63,MATCHED,0.0,Operations,CC003,MS-SQL-SERVER,ORACLE-GL,2024-08
TS-00096,EMP-0018,Consultant,2024-04-01,43.9,82.2,3608.58,PO-01187,38.2,3140.04,MATCHED,0.0,Sales,CC004,MS-SQL-SERVER,ORACLE-GL,2024-04
TS-00097,EMP-0026,Developer,2024-01-29,33.7,49.76,1676.91,PO-01022,36.7,1826.19,MATCHED,0.0,HR,CC006,MS-SQL-SERVER,ORACLE-GL,2024-01
TS-00098,EMP-0047,Manager,2024-07-08,43.5,38.61,1679.54,PO-01163,37.6,1451.74,OVER_CLAIMED,5.9,Procurement,CC006,MS-SQL-SERVER,ORACLE-GL,2024-07
TS-00099,EMP-0039,Consultant,2024-03-25,37.9,78.55,2977.04,PO-01108,40.9,3212.69,PARTIAL,-3.0,Operations,CC003,MS-SQL-SERVER,ORACLE-GL,2024-03
TS-00100,EMP-0018,Analyst,2024-12-16,30.8,27.46,845.77,PO-01137,32.9,903.43,MATCHED,0.0,Finance,CC006,MS-SQL-SERVER,ORACLE-GL,2024-12
TS-00101,EMP-0050,Manager,2024-09-02,30.2,56.29,1699.96,PO-01038,22.0,1238.38,MATCHED,0.0,Operations,CC003,MS-SQL-SERVER,ORACLE-GL,2024-09
TS-00102,EMP-0008,Consultant,2024-01-01,22.4,118.05,2644.32,PO-01135,16.8,1983.24,MATCHED,0.0,Procurement,CC003,MS-SQL-SERVER,ORACLE-GL,2024-01
TS-00103,EMP-0037,Manager,2024-09-16,40.5,71.51,2896.16,PO-01142,41.1,2939.06,OVER_CLAIMED,-0.6,HR,CC005,MS-SQL-SERVER,ORACLE-GL,2024-09
TS-00104,EMP-0012,Manager,2024-02-12,42.4,41.22,1747.73,PO-01190,51.3,2114.59,UNMATCHED,-8.9,Procurement,CC005,MS-SQL-SERVER,ORACLE-GL,2024-02
TS-00105,EMP-0017,Analyst,2024-09-02,34.9,105.71,3689.28,PO-01176,34.4,3636.42,MATCHED,0.0,Sales,CC006,MS-SQL-SERVER,ORACLE-GL,2024-09
TS-00106,EMP-0004,Coordinator,2024-03-04,36.4,38.55,1403.22,PO-01164,37.8,1457.19,MATCHED,0.0,HR,CC006,MS-SQL-SERVER,ORACLE-GL,2024-03
TS-00107,EMP-0029,Manager,2024-12-09,26.2,82.83,2170.15,PO-01120,30.3,2509.75,MATCHED,0.0,Sales,CC003,MS-SQL-SERVER,ORACLE-GL,2024-12
TS-00108,EMP-0020,Coordinator,2024-04-29,43.8,74.46,3261.35,PO-01023,48.2,3588.97,MATCHED,0.0,HR,CC004,MS-SQL-SERVER,ORACLE-GL,2024-04
TS-00109,EMP-0016,Analyst,2024-12-09,27.8,33.56,932.97,PO-01043,19.4,651.06,OVER_CLAIMED,8.4,Sales,CC001,MS-SQL-SERVER,ORACLE-GL,2024-12
TS-00110,EMP-0028,Coordinator,2024-02-05,38.6,77.65,2997.29,PO-01131,38.5,2989.53,MATCHED,0.0,Procurement,CC002,MS-SQL-SERVER,ORACLE-GL,2024-02
TS-00111,EMP-0045,Analyst,2024-07-29,32.4,90.09,2918.92,PO-01104,35.9,3234.23,PARTIAL,-3.5,Finance,CC005,MS-SQL-SERVER,ORACLE-GL,2024-07
TS-00112,EMP-0035,Coordinator,2024-03-25,42.8,95.86,4102.81,PO-01089,47.1,4515.01,OVER_CLAIMED,-4.3,Operations,CC006,MS-SQL-SERVER,ORACLE-GL,2024-03
TS-00113,EMP-0044,Engineer,2024-10-21,43.8,103.22,4521.04,PO-01011,51.4,5305.51,PARTIAL,-7.6,Sales,CC004,MS-SQL-SERVER,ORACLE-GL,2024-10
TS-00114,EMP-0012,Analyst,2024-03-11,36.9,108.78,4013.98,PO-01094,37.4,4068.37,MATCHED,0.0,Operations,CC005,MS-SQL-SERVER,ORACLE-GL,2024-03
TS-00115,EMP-0008,Manager,2024-06-03,43.8,65.16,2854.01,PO-01174,41.4,2697.62,MATCHED,0.0,Operations,CC005,MS-SQL-SERVER,ORACLE-GL,2024-06
TS-00116,EMP-0014,Analyst,2024-12-09,41.4,52.56,2175.98,PO-01189,41.1,2160.22,MATCHED,0.0,Procurement,CC005,MS-SQL-SERVER,ORACLE-GL,2024-12
TS-00117,EMP-0033,Analyst,2024-06-24,25.4,53.96,1370.58,PO-01119,34.1,1840.04,OVER_CLAIMED,-8.7,Sales,CC004,MS-SQL-SERVER,ORACLE-GL,2024-06
TS-00118,EMP-0007,Analyst,2024-01-22,28.9,83.48,2412.57,PO-01090,25.5,2128.74,MATCHED,0.0,Procurement,CC002,MS-SQL-SERVER,ORACLE-GL,2024-01
TS-00119,EMP-0034,Engineer,2024-06-24,28.9,34.63,1000.81,PO-01040,28.7,993.88,MATCHED,0.0,IT,CC001,MS-SQL-SERVER,ORACLE-GL,2024-06
TS-00120,EMP-0026,Manager,2024-08-05,20.2,98.1,1981.62,PO-01077,15.2,1491.12,UNMATCHED,5.0,HR,CC004,MS-SQL-SERVER,ORACLE-GL,2024-08
TS-00121,EMP-0029,Consultant,2024-03-18,33.4,50.6,1690.04,PO-01036,43.2,2185.92,OVER_CLAIMED,-9.8,HR,CC006,MS-SQL-SERVER,ORACLE-GL,2024-03
TS-00122,EMP-0013,Manager,2024-07-08,20.1,108.94,2189.69,PO-01011,24.3,2647.24,MATCHED,0.0,Operations,CC004,MS-SQL-SERVER,ORACLE-GL,2024-07
TS-00123,EMP-0031,Coordinator,2024-07-01,38.6,110.59,4268.77,PO-01069,31.8,3516.76,MATCHED,0.0,Finance,CC004,MS-SQL-SERVER,ORACLE-GL,2024-07
TS-00124,EMP-0049,Developer,2024-08-05,33.8,100.98,3413.12,PO-01129,38.1,3847.34,MATCHED,0.0,Procurement,CC006,MS-SQL-SERVER,ORACLE-GL,2024-08
TS-00125,EMP-0010,Manager,2024-06-17,23.3,115.98,2702.33,PO-01129,29.2,3386.62,MATCHED,0.0,Finance,CC006,MS-SQL-SERVER,ORACLE-GL,2024-06
TS-00126,EMP-0048,Analyst,2024-04-15,21.3,103.83,2211.58,PO-01112,19.9,2066.22,PARTIAL,1.4,IT,CC003,MS-SQL-SERVER,ORACLE-GL,2024-04
TS-00127,EMP-0047,Engineer,2024-05-06,32.1,97.29,3123.01,PO-01048,27.1,2636.56,MATCHED,0.0,Operations,CC003,MS-SQL-SERVER,ORACLE-GL,2024-05
TS-00128,EMP-0028,Consultant,2024-12-09,22.9,50.04,1145.92,PO-01122,26.9,1346.08,OVER_CLAIMED,-4.0,Procurement,CC001,MS-SQL-SERVER,ORACLE-GL,2024-12
TS-00129,EMP-0041,Coordinator,2024-11-04,38.3,83.05,3180.81,PO-01039,32.1,2665.91,PARTIAL,6.2,Operations,CC001,MS-SQL-SERVER,ORACLE-GL,2024-11
TS-00130,EMP-0028,Analyst,2024-02-26,30.0,51.02,1530.6,PO-01158,23.8,1214.28,MATCHED,0.0,Operations,CC001,MS-SQL-SERVER,ORACLE-GL,2024-02
TS-00131,EMP-0015,Manager,2024-01-22,29.5,74.87,2208.66,PO-01110,33.5,2508.14,MATCHED,0.0,IT,CC001,MS-SQL-SERVER,ORACLE-GL,2024-01
TS-00132,EMP-0018,Manager,2024-08-12,30.7,29.91,918.24,PO-01183,22.9,684.94,MATCHED,0.0,IT,CC002,MS-SQL-SERVER,ORACLE-GL,2024-08
TS-00133,EMP-0048,Manager,2024-05-20,42.4,42.27,1792.25,PO-01055,32.4,1369.55,OVER_CLAIMED,10.0,HR,CC004,MS-SQL-SERVER,ORACLE-GL,2024-05
TS-00134,EMP-0024,Manager,2024-04-29,42.7,34.57,1476.14,PO-01078,36.4,1258.35,UNMATCHED,6.3,Finance,CC001,MS-SQL-SERVER,ORACLE-GL,2024-04
TS-00135,EMP-0024,Coordinator,2024-10-21,20.3,77.42,1571.63,PO-01093,27.5,2129.05,MATCHED,0.0,Procurement,CC005,MS-SQL-SERVER,ORACLE-GL,2024-10
TS-00136,EMP-0025,Analyst,2024-08-19,35.1,47.63,1671.81,PO-01028,30.6,1457.48,PARTIAL,4.5,Operations,CC006,MS-SQL-SERVER,ORACLE-GL,2024-08
TS-00137,EMP-0013,Consultant,2024-11-25,35.0,28.9,1011.5,PO-01181,44.4,1283.16,OVER_CLAIMED,-9.4,IT,CC001,MS-SQL-SERVER,ORACLE-GL,2024-11
TS-00138,EMP-0049,Consultant,2024-01-29,43.5,83.81,3645.74,PO-01137,39.5,3310.49,UNMATCHED,4.0,Procurement,CC002,MS-SQL-SERVER,ORACLE-GL,2024-01
TS-00139,EMP-0023,Manager,2024-01-15,23.2,64.73,1501.74,PO-01115,27.4,1773.6,PARTIAL,-4.2,Procurement,CC006,MS-SQL-SERVER,ORACLE-GL,2024-01
TS-00140,EMP-0002,Consultant,2024-02-19,42.8,31.43,1345.2,PO-01154,41.2,1294.92,PARTIAL,1.6,HR,CC006,MS-SQL-SERVER,ORACLE-GL,2024-02
TS-00141,EMP-0013,Coordinator,2024-02-26,27.2,115.8,3149.76,PO-01102,18.4,2130.72,OVER_CLAIMED,8.8,IT,CC006,MS-SQL-SERVER,ORACLE-GL,2024-02
TS-00142,EMP-0025,Engineer,2024-08-26,41.8,117.3,4903.14,PO-01200,35.1,4117.23,PARTIAL,6.7,IT,CC004,MS-SQL-SERVER,ORACLE-GL,2024-08
TS-00143,EMP-0038,Coordinator,2024-09-23,26.8,42.49,1138.73,PO-01003,20.0,849.8,MATCHED,0.0,Sales,CC004,MS-SQL-SERVER,ORACLE-GL,2024-09
TS-00144,EMP-0019,Coordinator,2024-08-12,37.7,74.88,2822.98,PO-01069,33.8,2530.94,MATCHED,0.0,Sales,CC001,MS-SQL-SERVER,ORACLE-GL,2024-08
TS-00145,EMP-0010,Manager,2024-03-11,25.6,75.69,1937.66,PO-01035,21.4,1619.77,OVER_CLAIMED,4.2,HR,CC001,MS-SQL-SERVER,ORACLE-GL,2024-03
TS-00146,EMP-0001,Coordinator,2024-10-14,44.5,119.01,5295.95,PO-01089,38.7,4605.69,MATCHED,0.0,Procurement,CC005,MS-SQL-SERVER,ORACLE-GL,2024-10
TS-00147,EMP-0047,Consultant,2024-06-10,28.1,114.91,3228.97,PO-01105,35.8,4113.78,MATCHED,0.0,Sales,CC003,MS-SQL-SERVER,ORACLE-GL,2024-06
TS-00148,EMP-0015,Coordinator,2024-05-20,44.6,84.47,3767.36,PO-01072,34.8,2939.56,MATCHED,0.0,Operations,CC003,MS-SQL-SERVER,ORACLE-GL,2024-05
TS-00149,EMP-0007,Coordinator,2024-01-08,33.4,117.98,3940.53,PO-01191,39.0,4601.22,PARTIAL,-5.6,Procurement,CC004,MS-SQL-SERVER,ORACLE-GL,2024-01
TS-00150,EMP-0029,Consultant,2024-10-14,26.4,84.49,2230.54,PO-01084,28.5,2407.96,MATCHED,0.0,HR,CC002,MS-SQL-SERVER,ORACLE-GL,2024-10
TS-00151,EMP-0015,Coordinator,2024-09-16,35.7,106.53,3803.12,PO-01186,33.6,3579.41,UNMATCHED,2.1,IT,CC003,MS-SQL-SERVER,ORACLE-GL,2024-09
TS-00152,EMP-0012,Consultant,2024-03-04,42.6,33.9,1444.14,PO-01146,36.2,1227.18,MATCHED,0.0,IT,CC006,MS-SQL-SERVER,ORACLE-GL,2024-03
TS-00153,EMP-0026,Coordinator,2024-03-18,36.2,27.0,977.4,PO-01156,29.5,796.5,MATCHED,0.0,Operations,CC001,MS-SQL-SERVER,ORACLE-GL,2024-03
TS-00154,EMP-0007,Coordinator,2024-03-04,21.8,48.3,1052.94,PO-01135,30.0,1449.0,UNMATCHED,-8.2,Operations,CC006,MS-SQL-SERVER,ORACLE-GL,2024-03
TS-00155,EMP-0008,Analyst,2024-12-02,40.2,82.31,3308.86,PO-01196,37.8,3111.32,MATCHED,0.0,Procurement,CC001,MS-SQL-SERVER,ORACLE-GL,2024-12
TS-00156,EMP-0039,Analyst,2024-02-26,26.2,32.94,863.03,PO-01003,19.1,629.15,OVER_CLAIMED,7.1,Finance,CC005,MS-SQL-SERVER,ORACLE-GL,2024-02
TS-00157,EMP-0031,Engineer,2024-11-25,40.5,106.01,4293.41,PO-01114,32.2,3413.52,MATCHED,0.0,Operations,CC003,MS-SQL-SERVER,ORACLE-GL,2024-11
TS-00158,EMP-0041,Engineer,2024-05-27,32.0,48.16,1541.12,PO-01032,32.9,1584.46,MATCHED,0.0,Finance,CC001,MS-SQL-SERVER,ORACLE-GL,2024-05
TS-00159,EMP-0010,Analyst,2024-02-12,33.6,34.74,1167.26,PO-01058,41.3,1434.76,UNMATCHED,-7.7,Finance,CC002,MS-SQL-SERVER,ORACLE-GL,2024-02
TS-00160,EMP-0025,Coordinator,2024-07-08,29.6,58.56,1733.38,PO-01184,25.3,1481.57,OVER_CLAIMED,4.3,Finance,CC004,MS-SQL-SERVER,ORACLE-GL,2024-07
TS-00161,EMP-0023,Analyst,2024-03-11,44.8,46.33,2075.58,PO-01158,53.9,2497.19,MATCHED,0.0,HR,CC001,MS-SQL-SERVER,ORACLE-GL,2024-03
TS-00162,EMP-0010,Consultant,2024-06-10,43.1,112.39,4844.01,PO-01110,51.0,5731.89,PARTIAL,-7.9,Sales,CC003,MS-SQL-SERVER,ORACLE-GL,2024-06
TS-00163,EMP-0020,Engineer,2024-09-23,24.5,65.4,1602.3,PO-01074,32.4,2118.96,OVER_CLAIMED,-7.9,HR,CC001,MS-SQL-SERVER,ORACLE-GL,2024-09
TS-00164,EMP-0005,Analyst,2024-04-29,42.9,87.86,3769.19,PO-01039,51.6,4533.58,OVER_CLAIMED,-8.7,Procurement,CC002,MS-SQL-SERVER,ORACLE-GL,2024-04
TS-00165,EMP-0005,Analyst,2024-05-20,23.7,67.44,1598.33,PO-01148,29.6,1996.22,UNMATCHED,-5.9,IT,CC006,MS-SQL-SERVER,ORACLE-GL,2024-05
TS-00166,EMP-0023,Manager,2024-04-29,23.6,55.69,1314.28,PO-01127,16.2,902.18,UNMATCHED,7.4,IT,CC004,MS-SQL-SERVER,ORACLE-GL,2024-04
TS-00167,EMP-0042,Consultant,2024-11-04,44.3,82.17,3640.13,PO-01099,47.0,3861.99,MATCHED,0.0,IT,CC005,MS-SQL-SERVER,ORACLE-GL,2024-11
TS-00168,EMP-0025,Analyst,2024-08-05,33.5,71.8,2405.3,PO-01149,34.2,2455.56,MATCHED,0.0,Procurement,CC004,MS-SQL-SERVER,ORACLE-GL,2024-08
TS-00169,EMP-0006,Consultant,2024-08-19,34.4,90.88,3126.27,PO-01093,39.4,3580.67,OVER_CLAIMED,-5.0,Finance,CC002,MS-SQL-SERVER,ORACLE-GL,2024-08
TS-00170,EMP-0004,Manager,2024-01-08,29.1,70.02,2037.58,PO-01093,21.8,1526.44,MATCHED,0.0,Operations,CC003,MS-SQL-SERVER,ORACLE-GL,2024-01
TS-00171,EMP-0016,Consultant,2024-07-22,23.6,106.06,2503.02,PO-01058,33.0,3499.98,UNMATCHED,-9.4,Finance,CC006,MS-SQL-SERVER,ORACLE-GL,2024-07
TS-00172,EMP-0002,Coordinator,2024-02-26,22.9,91.1,2086.19,PO-01109,15.8,1439.38,OVER_CLAIMED,7.1,HR,CC001,MS-SQL-SERVER,ORACLE-GL,2024-02
TS-00173,EMP-0011,Analyst,2024-11-04,22.7,80.25,1821.67,PO-01038,22.2,1781.55,PARTIAL,0.5,HR,CC002,MS-SQL-SERVER,ORACLE-GL,2024-11
TS-00174,EMP-0010,Consultant,2024-02-05,26.1,26.19,683.56,PO-01121,32.7,856.41,UNMATCHED,-6.6,Procurement,CC002,MS-SQL-SERVER,ORACLE-GL,2024-02
TS-00175,EMP-0022,Developer,2024-11-25,33.2,115.13,3822.32,PO-01166,32.6,3753.24,OVER_CLAIMED,0.6,Procurement,CC001,MS-SQL-SERVER,ORACLE-GL,2024-11
TS-00176,EMP-0049,Consultant,2024-05-06,22.8,30.7,699.96,PO-01129,25.6,785.92,PARTIAL,-2.8,Operations,CC001,MS-SQL-SERVER,ORACLE-GL,2024-05
TS-00177,EMP-0046,Manager,2024-06-24,40.8,89.59,3655.27,PO-01147,48.3,4327.2,PARTIAL,-7.5,Sales,CC003,MS-SQL-SERVER,ORACLE-GL,2024-06
TS-00178,EMP-0034,Developer,2024-11-11,25.7,113.49,2916.69,PO-01033,21.1,2394.64,MATCHED,0.0,Procurement,CC002,MS-SQL-SERVER,ORACLE-GL,2024-11
TS-00179,EMP-0036,Engineer,2024-06-24,35.5,45.8,1625.9,PO-01020,29.2,1337.36,OVER_CLAIMED,6.3,Procurement,CC004,MS-SQL-SERVER,ORACLE-GL,2024-06
TS-00180,EMP-0004,Manager,2024-07-29,27.8,85.98,2390.24,PO-01166,34.3,2949.11,MATCHED,0.0,IT,CC002,MS-SQL-SERVER,ORACLE-GL,2024-07
TS-00181,EMP-0002,Consultant,2024-04-29,22.7,32.39,735.25,PO-01073,24.8,803.27,MATCHED,0.0,Operations,CC005,MS-SQL-SERVER,ORACLE-GL,2024-04
TS-00182,EMP-0013,Engineer,2024-02-12,21.6,81.73,1765.37,PO-01052,26.7,2182.19,MATCHED,0.0,Procurement,CC001,MS-SQL-SERVER,ORACLE-GL,2024-02
TS-00183,EMP-0031,Analyst,2024-04-15,26.7,117.78,3144.73,PO-01013,28.0,3297.84,PARTIAL,-1.3,HR,CC001,MS-SQL-SERVER,ORACLE-GL,2024-04
TS-00184,EMP-0033,Consultant,2024-05-13,20.2,58.88,1189.38,PO-01081,15.8,930.3,UNMATCHED,4.4,IT,CC006,MS-SQL-SERVER,ORACLE-GL,2024-05
TS-00185,EMP-0048,Engineer,2024-06-03,44.3,91.75,4064.52,PO-01026,36.2,3321.35,UNMATCHED,8.1,Sales,CC002,MS-SQL-SERVER,ORACLE-GL,2024-06
TS-00186,EMP-0019,Consultant,2024-01-08,34.7,61.3,2127.11,PO-01039,36.4,2231.32,MATCHED,0.0,Procurement,CC004,MS-SQL-SERVER,ORACLE-GL,2024-01
TS-00187,EMP-0044,Coordinator,2024-02-05,42.1,33.86,1425.51,PO-01037,46.5,1574.49,MATCHED,0.0,Procurement,CC002,MS-SQL-SERVER,ORACLE-GL,2024-02
TS-00188,EMP-0029,Consultant,2024-08-12,32.9,94.23,3100.17,PO-01087,35.9,3382.86,MATCHED,0.0,HR,CC003,MS-SQL-SERVER,ORACLE-GL,2024-08
TS-00189,EMP-0025,Consultant,2024-09-30,41.4,65.94,2729.92,PO-01054,49.2,3244.25,OVER_CLAIMED,-7.8,Sales,CC005,MS-SQL-SERVER,ORACLE-GL,2024-09
TS-00190,EMP-0001,Consultant,2024-01-29,44.0,78.86,3469.84,PO-01197,53.9,4250.55,MATCHED,0.0,HR,CC005,MS-SQL-SERVER,ORACLE-GL,2024-01
TS-00191,EMP-0011,Manager,2024-12-23,39.5,33.28,1314.56,PO-01042,31.4,1044.99,MATCHED,0.0,Finance,CC003,MS-SQL-SERVER,ORACLE-GL,2024-12
TS-00192,EMP-0017,Developer,2024-09-09,29.1,33.48,974.27,PO-01066,22.7,760.0,UNMATCHED,6.4,IT,CC006,MS-SQL-SERVER,ORACLE-GL,2024-09
TS-00193,EMP-0019,Developer,2024-02-26,43.5,117.31,5102.98,PO-01105,43.3,5079.52,MATCHED,0.0,Sales,CC006,MS-SQL-SERVER,ORACLE-GL,2024-02
TS-00194,EMP-0024,Analyst,2024-02-26,31.0,73.69,2284.39,PO-01175,33.5,2468.61,MATCHED,0.0,IT,CC005,MS-SQL-SERVER,ORACLE-GL,2024-02
TS-00195,EMP-0042,Analyst,2024-07-15,26.6,108.18,2877.59,PO-01190,30.3,3277.85,PARTIAL,-3.7,Operations,CC006,MS-SQL-SERVER,ORACLE-GL,2024-07
TS-00196,EMP-0037,Developer,2024-09-02,20.2,106.04,2142.01,PO-01019,16.0,1696.64,MATCHED,0.0,Operations,CC004,MS-SQL-SERVER,ORACLE-GL,2024-09
TS-00197,EMP-0030,Analyst,2024-07-22,36.7,58.15,2134.11,PO-01022,36.1,2099.22,PARTIAL,0.6,Operations,CC006,MS-SQL-SERVER,ORACLE-GL,2024-07
TS-00198,EMP-0026,Manager,2024-02-12,42.9,112.64,4832.26,PO-01017,48.3,5440.51,MATCHED,0.0,HR,CC003,MS-SQL-SERVER,ORACLE-GL,2024-02
TS-00199,EMP-0030,Analyst,2024-09-23,32.2,91.72,2953.38,PO-01140,31.7,2907.52,MATCHED,0.0,Operations,CC004,MS-SQL-SERVER,ORACLE-GL,2024-09
TS-00200,EMP-0050,Developer,2024-03-04,36.0,55.42,1995.12,PO-01016,26.6,1474.17,PARTIAL,9.4,HR,CC004,MS-SQL-SERVER,ORACLE-GL,2024-03
TS-00201,EMP-0028,Manager,2024-07-29,25.3,45.09,1140.78,PO-01065,15.8,712.42,OVER_CLAIMED,9.5,Procurement,CC002,MS-SQL-SERVER,ORACLE-GL,2024-07
TS-00202,EMP-0029,Developer,2024-02-05,23.5,51.02,1198.97,PO-01135,15.1,770.4,OVER_CLAIMED,8.4,Operations,CC006,MS-SQL-SERVER,ORACLE-GL,2024-02
TS-00203,EMP-0022,Manager,2024-04-22,24.6,30.11,740.71,PO-01043,32.5,978.57,UNMATCHED,-7.9,Operations,CC003,MS-SQL-SERVER,ORACLE-GL,2024-04
TS-00204,EMP-0028,Manager,2024-07-01,32.0,75.87,2427.84,PO-01178,37.7,2860.3,OVER_CLAIMED,-5.7,Sales,CC004,MS-SQL-SERVER,ORACLE-GL,2024-07
TS-00205,EMP-0043,Engineer,2024-01-01,34.0,109.91,3736.94,PO-01158,28.0,3077.48,OVER_CLAIMED,6.0,Operations,CC003,MS-SQL-SERVER,ORACLE-GL,2024-01
TS-00206,EMP-0047,Manager,2024-10-21,44.7,114.2,5104.74,PO-01004,49.6,5664.32,OVER_CLAIMED,-4.9,Operations,CC004,MS-SQL-SERVER,ORACLE-GL,2024-10
TS-00207,EMP-0027,Manager,2024-03-04,32.5,55.06,1789.45,PO-01134,38.3,2108.8,OVER_CLAIMED,-5.8,Procurement,CC001,MS-SQL-SERVER,ORACLE-GL,2024-03
TS-00208,EMP-0038,Analyst,2024-07-15,43.6,106.44,4640.78,PO-01010,46.3,4928.17,OVER_CLAIMED,-2.7,Operations,CC006,MS-SQL-SERVER,ORACLE-GL,2024-07
TS-00209,EMP-0014,Manager,2024-03-25,30.5,76.88,2344.84,PO-01054,23.8,1829.74,UNMATCHED,6.7,Operations,CC006,MS-SQL-SERVER,ORACLE-GL,2024-03
TS-00210,EMP-0020,Engineer,2024-09-09,43.9,60.17,2641.46,PO-01032,41.2,2479.0,MATCHED,0.0,Procurement,CC004,MS-SQL-SERVER,ORACLE-GL,2024-09
TS-00211,EMP-0028,Engineer,2024-10-14,45.0,64.34,2895.3,PO-01196,42.0,2702.28,PARTIAL,3.0,HR,CC001,MS-SQL-SERVER,ORACLE-GL,2024-10
TS-00212,EMP-0035,Developer,2024-03-18,31.5,60.45,1904.18,PO-01098,32.6,1970.67,MATCHED,0.0,HR,CC006,MS-SQL-SERVER,ORACLE-GL,2024-03
TS-00213,EMP-0006,Analyst,2024-11-04,37.0,85.24,3153.88,PO-01023,41.0,3494.84,MATCHED,0.0,Procurement,CC001,MS-SQL-SERVER,ORACLE-GL,2024-11
TS-00214,EMP-0035,Analyst,2024-09-30,43.3,34.85,1509.0,PO-01163,48.3,1683.25,PARTIAL,-5.0,IT,CC005,MS-SQL-SERVER,ORACLE-GL,2024-09
TS-00215,EMP-0015,Developer,2024-09-16,40.1,88.43,3546.04,PO-01142,47.1,4165.05,MATCHED,0.0,IT,CC001,MS-SQL-SERVER,ORACLE-GL,2024-09
TS-00216,EMP-0027,Coordinator,2024-03-25,41.4,115.3,4773.42,PO-01181,38.4,4427.52,UNMATCHED,3.0,Procurement,CC004,MS-SQL-SERVER,ORACLE-GL,2024-03
TS-00217,EMP-0043,Manager,2024-01-01,43.5,99.31,4319.98,PO-01079,43.7,4339.85,MATCHED,0.0,IT,CC006,MS-SQL-SERVER,ORACLE-GL,2024-01
TS-00218,EMP-0010,Manager,2024-04-15,20.1,111.36,2238.34,PO-01133,10.8,1202.69,MATCHED,0.0,Procurement,CC005,MS-SQL-SERVER,ORACLE-GL,2024-04
TS-00219,EMP-0036,Developer,2024-05-20,28.4,116.12,3297.81,PO-01050,38.3,4447.4,MATCHED,0.0,Sales,CC006,MS-SQL-SERVER,ORACLE-GL,2024-05
TS-00220,EMP-0041,Developer,2024-06-24,40.7,101.13,4115.99,PO-01187,42.3,4277.8,MATCHED,0.0,Operations,CC004,MS-SQL-SERVER,ORACLE-GL,2024-06
TS-00221,EMP-0033,Analyst,2024-05-20,32.9,66.55,2189.49,PO-01162,24.9,1657.09,MATCHED,0.0,Sales,CC004,MS-SQL-SERVER,ORACLE-GL,2024-05
TS-00222,EMP-0014,Analyst,2024-12-02,35.7,49.72,1775.0,PO-01024,36.8,1829.7,MATCHED,0.0,Finance,CC004,MS-SQL-SERVER,ORACLE-GL,2024-12
TS-00223,EMP-0035,Analyst,2024-01-01,35.7,81.36,2904.55,PO-01147,26.3,2139.77,OVER_CLAIMED,9.4,IT,CC001,MS-SQL-SERVER,ORACLE-GL,2024-01
TS-00224,EMP-0012,Consultant,2024-11-25,38.4,118.42,4547.33,PO-01168,41.1,4867.06,MATCHED,0.0,Operations,CC003,MS-SQL-SERVER,ORACLE-GL,2024-11
TS-00225,EMP-0050,Manager,2024-03-25,33.4,48.3,1613.22,PO-01169,39.0,1883.7,UNMATCHED,-5.6,Finance,CC003,MS-SQL-SERVER,ORACLE-GL,2024-03
TS-00226,EMP-0007,Analyst,2024-02-05,43.4,84.61,3672.07,PO-01118,46.2,3908.98,PARTIAL,-2.8,Sales,CC001,MS-SQL-SERVER,ORACLE-GL,2024-02
TS-00227,EMP-0032,Manager,2024-02-12,23.5,49.89,1172.41,PO-01054,17.1,853.12,MATCHED,0.0,IT,CC001,MS-SQL-SERVER,ORACLE-GL,2024-02
TS-00228,EMP-0005,Consultant,2024-08-05,39.9,64.31,2565.97,PO-01176,39.6,2546.68,OVER_CLAIMED,0.3,IT,CC004,MS-SQL-SERVER,ORACLE-GL,2024-08
TS-00229,EMP-0001,Consultant,2024-05-20,35.8,67.83,2428.31,PO-01169,29.0,1967.07,MATCHED,0.0,Sales,CC006,MS-SQL-SERVER,ORACLE-GL,2024-05
TS-00230,EMP-0031,Engineer,2024-09-23,41.4,36.13,1495.78,PO-01154,38.3,1383.78,MATCHED,0.0,Sales,CC001,MS-SQL-SERVER,ORACLE-GL,2024-09
TS-00231,EMP-0002,Engineer,2024-03-11,33.0,49.18,1622.94,PO-01006,25.4,1249.17,PARTIAL,7.6,Sales,CC005,MS-SQL-SERVER,ORACLE-GL,2024-03
TS-00232,EMP-0002,Manager,2024-12-02,23.8,107.35,2554.93,PO-01036,16.1,1728.34,MATCHED,0.0,Operations,CC001,MS-SQL-SERVER,ORACLE-GL,2024-12
TS-00233,EMP-0006,Manager,2024-11-18,37.3,37.03,1381.22,PO-01182,32.8,1214.58,MATCHED,0.0,Sales,CC006,MS-SQL-SERVER,ORACLE-GL,2024-11
TS-00234,EMP-0013,Manager,2024-05-06,31.7,101.86,3228.96,PO-01045,30.4,3096.54,UNMATCHED,1.3,Operations,CC006,MS-SQL-SERVER,ORACLE-GL,2024-05
TS-00235,EMP-0020,Consultant,2024-11-11,27.0,62.32,1682.64,PO-01053,28.7,1788.58,PARTIAL,-1.7,Procurement,CC004,MS-SQL-SERVER,ORACLE-GL,2024-11
TS-00236,EMP-0040,Analyst,2024-07-08,42.1,65.26,2747.45,PO-01156,47.0,3067.22,MATCHED,0.0,IT,CC004,MS-SQL-SERVER,ORACLE-GL,2024-07
TS-00237,EMP-0029,Consultant,2024-03-25,34.2,60.53,2070.13,PO-01009,36.9,2233.56,MATCHED,0.0,Sales,CC003,MS-SQL-SERVER,ORACLE-GL,2024-03
TS-00238,EMP-0023,Developer,2024-09-16,30.2,82.37,2487.57,PO-01008,37.7,3105.35,PARTIAL,-7.5,Finance,CC002,MS-SQL-SERVER,ORACLE-GL,2024-09
TS-00239,EMP-0014,Coordinator,2024-12-23,28.1,100.14,2813.93,PO-01096,25.3,2533.54,MATCHED,0.0,HR,CC002,MS-SQL-SERVER,ORACLE-GL,2024-12
TS-00240,EMP-0022,Consultant,2024-12-09,27.9,25.92,723.17,PO-01120,31.7,821.66,OVER_CLAIMED,-3.8,Sales,CC003,MS-SQL-SERVER,ORACLE-GL,2024-12
TS-00241,EMP-0014,Analyst,2024-04-08,34.0,61.63,2095.42,PO-01144,36.0,2218.68,PARTIAL,-2.0,HR,CC006,MS-SQL-SERVER,ORACLE-GL,2024-04
TS-00242,EMP-0042,Developer,2024-09-23,43.7,101.71,4444.73,PO-01175,47.1,4790.54,PARTIAL,-3.4,IT,CC003,MS-SQL-SERVER,ORACLE-GL,2024-09
TS-00243,EMP-0018,Developer,2024-05-20,25.0,29.72,743.0,PO-01031,24.9,740.03,MATCHED,0.0,Finance,CC004,MS-SQL-SERVER,ORACLE-GL,2024-05
TS-00244,EMP-0019,Analyst,2024-03-11,35.0,81.16,2840.6,PO-01165,29.7,2410.45,MATCHED,0.0,Sales,CC001,MS-SQL-SERVER,ORACLE-GL,2024-03
TS-00245,EMP-0034,Analyst,2024-07-22,27.1,104.96,2844.42,PO-01087,25.2,2644.99,PARTIAL,1.9,Procurement,CC001,MS-SQL-SERVER,ORACLE-GL,2024-07
TS-00246,EMP-0018,Manager,2024-01-29,31.7,103.84,3291.73,PO-01193,30.0,3115.2,MATCHED,0.0,HR,CC004,MS-SQL-SERVER,ORACLE-GL,2024-01
TS-00247,EMP-0020,Coordinator,2024-02-05,33.9,54.75,1856.02,PO-01117,36.1,1976.48,UNMATCHED,-2.2,IT,CC006,MS-SQL-SERVER,ORACLE-GL,2024-02
TS-00248,EMP-0004,Analyst,2024-02-19,41.1,114.08,4688.69,PO-01036,33.2,3787.46,MATCHED,0.0,Finance,CC003,MS-SQL-SERVER,ORACLE-GL,2024-02
TS-00249,EMP-0024,Engineer,2024-11-04,38.1,46.5,1771.65,PO-01002,29.9,1390.35,OVER_CLAIMED,8.2,Procurement,CC001,MS-SQL-SERVER,ORACLE-GL,2024-11
TS-00250,EMP-0005,Manager,2024-04-22,42.1,29.09,1224.69,PO-01085,33.1,962.88,MATCHED,0.0,Procurement,CC005,MS-SQL-SERVER,ORACLE-GL,2024-04
TS-00251,EMP-0038,Developer,2024-12-16,40.3,50.64,2040.79,PO-01031,33.7,1706.57,MATCHED,0.0,Operations,CC003,MS-SQL-SERVER,ORACLE-GL,2024-12
TS-00252,EMP-0041,Developer,2024-03-04,38.8,109.34,4242.39,PO-01172,48.1,5259.25,UNMATCHED,-9.3,Finance,CC005,MS-SQL-SERVER,ORACLE-GL,2024-03
TS-00253,EMP-0021,Coordinator,2024-08-19,26.0,70.4,1830.4,PO-01124,25.8,1816.32,MATCHED,0.0,Operations,CC001,MS-SQL-SERVER,ORACLE-GL,2024-08
TS-00254,EMP-0043,Coordinator,2024-04-22,39.2,92.58,3629.14,PO-01189,36.3,3360.65,MATCHED,0.0,Operations,CC006,MS-SQL-SERVER,ORACLE-GL,2024-04
TS-00255,EMP-0014,Developer,2024-01-29,21.9,71.99,1576.58,PO-01099,16.1,1159.04,OVER_CLAIMED,5.8,Operations,CC004,MS-SQL-SERVER,ORACLE-GL,2024-01
TS-00256,EMP-0021,Manager,2024-02-12,28.5,102.33,2916.4,PO-01182,33.7,3448.52,PARTIAL,-5.2,IT,CC006,MS-SQL-SERVER,ORACLE-GL,2024-02
TS-00257,EMP-0025,Developer,2024-03-04,41.2,35.04,1443.65,PO-01159,33.8,1184.35,MATCHED,0.0,Sales,CC002,MS-SQL-SERVER,ORACLE-GL,2024-03
TS-00258,EMP-0020,Engineer,2024-12-09,30.0,31.52,945.6,PO-01166,28.5,898.32,OVER_CLAIMED,1.5,Finance,CC002,MS-SQL-SERVER,ORACLE-GL,2024-12
TS-00259,EMP-0012,Manager,2024-07-22,41.9,95.78,4013.18,PO-01008,36.7,3515.13,UNMATCHED,5.2,IT,CC006,MS-SQL-SERVER,ORACLE-GL,2024-07
TS-00260,EMP-0023,Developer,2024-08-19,31.3,50.23,1572.2,PO-01055,39.8,1999.15,MATCHED,0.0,Operations,CC004,MS-SQL-SERVER,ORACLE-GL,2024-08
TS-00261,EMP-0007,Analyst,2024-08-12,30.8,56.71,1746.67,PO-01167,29.6,1678.62,MATCHED,0.0,IT,CC006,MS-SQL-SERVER,ORACLE-GL,2024-08
TS-00262,EMP-0034,Engineer,2024-07-08,24.8,43.0,1066.4,PO-01127,18.3,786.9,MATCHED,0.0,Sales,CC004,MS-SQL-SERVER,ORACLE-GL,2024-07
TS-00263,EMP-0008,Analyst,2024-02-12,37.0,86.4,3196.8,PO-01010,46.2,3991.68,MATCHED,0.0,Sales,CC003,MS-SQL-SERVER,ORACLE-GL,2024-02
TS-00264,EMP-0045,Coordinator,2024-04-15,21.6,34.6,747.36,PO-01104,16.1,557.06,PARTIAL,5.5,IT,CC004,MS-SQL-SERVER,ORACLE-GL,2024-04
TS-00265,EMP-0014,Consultant,2024-02-12,25.5,103.29,2633.89,PO-01053,29.3,3026.4,UNMATCHED,-3.8,HR,CC006,MS-SQL-SERVER,ORACLE-GL,2024-02
TS-00266,EMP-0033,Coordinator,2024-05-06,37.6,52.36,1968.74,PO-01160,27.7,1450.37,MATCHED,0.0,IT,CC006,MS-SQL-SERVER,ORACLE-GL,2024-05
TS-00267,EMP-0005,Consultant,2024-05-13,41.3,90.35,3731.45,PO-01048,34.7,3135.14,OVER_CLAIMED,6.6,HR,CC004,MS-SQL-SERVER,ORACLE-GL,2024-05
TS-00268,EMP-0012,Manager,2024-03-04,44.1,88.27,3892.71,PO-01020,42.7,3769.13,MATCHED,0.0,Operations,CC006,MS-SQL-SERVER,ORACLE-GL,2024-03
TS-00269,EMP-0001,Developer,2024-12-02,41.3,81.43,3363.06,PO-01064,50.7,4128.5,PARTIAL,-9.4,IT,CC001,MS-SQL-SERVER,ORACLE-GL,2024-12
TS-00270,EMP-0034,Engineer,2024-01-15,40.5,78.89,3195.05,PO-01043,50.3,3968.17,MATCHED,0.0,Operations,CC001,MS-SQL-SERVER,ORACLE-GL,2024-01
TS-00271,EMP-0023,Engineer,2024-02-12,27.6,94.94,2620.34,PO-01066,26.7,2534.9,OVER_CLAIMED,0.9,Procurement,CC004,MS-SQL-SERVER,ORACLE-GL,2024-02
TS-00272,EMP-0022,Engineer,2024-04-22,29.1,26.29,765.04,PO-01199,26.2,688.8,OVER_CLAIMED,2.9,Procurement,CC005,MS-SQL-SERVER,ORACLE-GL,2024-04
TS-00273,EMP-0010,Developer,2024-07-29,22.8,90.15,2055.42,PO-01057,27.4,2470.11,MATCHED,0.0,Procurement,CC002,MS-SQL-SERVER,ORACLE-GL,2024-07
TS-00274,EMP-0024,Consultant,2024-06-03,32.4,48.21,1562.0,PO-01191,37.2,1793.41,UNMATCHED,-4.8,Finance,CC002,MS-SQL-SERVER,ORACLE-GL,2024-06
TS-00275,EMP-0035,Developer,2024-06-17,36.0,116.72,4201.92,PO-01135,43.5,5077.32,OVER_CLAIMED,-7.5,Operations,CC003,MS-SQL-SERVER,ORACLE-GL,2024-06
TS-00276,EMP-0020,Consultant,2024-10-28,28.7,56.46,1620.4,PO-01011,30.5,1722.03,MATCHED,0.0,Sales,CC005,MS-SQL-SERVER,ORACLE-GL,2024-10
TS-00277,EMP-0037,Manager,2024-11-04,28.6,83.17,2378.66,PO-01074,27.3,2270.54,UNMATCHED,1.3,Finance,CC001,MS-SQL-SERVER,ORACLE-GL,2024-11
TS-00278,EMP-0019,Engineer,2024-08-05,43.2,38.98,1683.94,PO-01143,46.8,1824.26,PARTIAL,-3.6,Procurement,CC002,MS-SQL-SERVER,ORACLE-GL,2024-08
TS-00279,EMP-0003,Consultant,2024-05-13,32.2,31.14,1002.71,PO-01073,28.1,875.03,UNMATCHED,4.1,Sales,CC001,MS-SQL-SERVER,ORACLE-GL,2024-05
TS-00280,EMP-0004,Manager,2024-01-22,32.2,25.48,820.46,PO-01036,29.2,744.02,MATCHED,0.0,HR,CC003,MS-SQL-SERVER,ORACLE-GL,2024-01
TS-00281,EMP-0006,Coordinator,2024-12-16,41.5,88.21,3660.71,PO-01070,46.9,4137.05,MATCHED,0.0,Operations,CC006,MS-SQL-SERVER,ORACLE-GL,2024-12
TS-00282,EMP-0031,Manager,2024-03-25,30.8,112.23,3456.68,PO-01064,26.6,2985.32,MATCHED,0.0,Procurement,CC006,MS-SQL-SERVER,ORACLE-GL,2024-03
TS-00283,EMP-0020,Engineer,2024-06-17,30.6,116.86,3575.92,PO-01080,22.6,2641.04,MATCHED,0.0,Operations,CC005,MS-SQL-SERVER,ORACLE-GL,2024-06
TS-00284,EMP-0050,Consultant,2024-07-08,37.0,55.64,2058.68,PO-01065,38.6,2147.7,OVER_CLAIMED,-1.6,Operations,CC004,MS-SQL-SERVER,ORACLE-GL,2024-07
TS-00285,EMP-0030,Engineer,2024-09-02,25.0,53.97,1349.25,PO-01047,20.9,1127.97,OVER_CLAIMED,4.1,IT,CC004,MS-SQL-SERVER,ORACLE-GL,2024-09
TS-00286,EMP-0046,Manager,2024-02-12,23.5,66.98,1574.03,PO-01120,19.8,1326.2,OVER_CLAIMED,3.7,HR,CC004,MS-SQL-SERVER,ORACLE-GL,2024-02
TS-00287,EMP-0002,Developer,2024-07-22,30.5,63.97,1951.09,PO-01023,21.1,1349.77,PARTIAL,9.4,Operations,CC005,MS-SQL-SERVER,ORACLE-GL,2024-07
TS-00288,EMP-0035,Engineer,2024-05-13,39.7,80.13,3181.16,PO-01076,37.2,2980.84,PARTIAL,2.5,Finance,CC004,MS-SQL-SERVER,ORACLE-GL,2024-05
TS-00289,EMP-0030,Analyst,2024-02-26,30.1,25.57,769.66,PO-01022,36.2,925.63,PARTIAL,-6.1,Finance,CC003,MS-SQL-SERVER,ORACLE-GL,2024-02
TS-00290,EMP-0031,Coordinator,2024-10-14,22.7,81.46,1849.14,PO-01085,29.1,2370.49,PARTIAL,-6.4,Finance,CC001,MS-SQL-SERVER,ORACLE-GL,2024-10
TS-00291,EMP-0014,Engineer,2024-11-25,34.6,73.53,2544.14,PO-01037,38.9,2860.32,OVER_CLAIMED,-4.3,Sales,CC006,MS-SQL-SERVER,ORACLE-GL,2024-11
TS-00292,EMP-0020,Coordinator,2024-08-05,23.4,110.03,2574.7,PO-01080,26.2,2882.79,MATCHED,0.0,Procurement,CC001,MS-SQL-SERVER,ORACLE-GL,2024-08
TS-00293,EMP-0010,Engineer,2024-12-23,32.1,90.34,2899.91,PO-01031,24.4,2204.3,MATCHED,0.0,Sales,CC001,MS-SQL-SERVER,ORACLE-GL,2024-12
TS-00294,EMP-0026,Analyst,2024-04-15,25.1,70.01,1757.25,PO-01032,31.8,2226.32,UNMATCHED,-6.7,HR,CC004,MS-SQL-SERVER,ORACLE-GL,2024-04
TS-00295,EMP-0017,Engineer,2024-07-29,44.6,102.93,4590.68,PO-01175,51.4,5290.6,PARTIAL,-6.8,IT,CC006,MS-SQL-SERVER,ORACLE-GL,2024-07
TS-00296,EMP-0048,Coordinator,2024-09-30,23.1,38.89,898.36,PO-01062,13.5,525.01,MATCHED,0.0,Operations,CC005,MS-SQL-SERVER,ORACLE-GL,2024-09
TS-00297,EMP-0043,Analyst,2024-11-25,37.5,44.03,1651.12,PO-01151,37.1,1633.51,MATCHED,0.0,IT,CC003,MS-SQL-SERVER,ORACLE-GL,2024-11
TS-00298,EMP-0027,Developer,2024-10-21,26.9,61.65,1658.38,PO-01038,32.9,2028.28,UNMATCHED,-6.0,Finance,CC003,MS-SQL-SERVER,ORACLE-GL,2024-10
TS-00299,EMP-0042,Coordinator,2024-07-22,23.0,62.0,1426.0,PO-01169,24.6,1525.2,MATCHED,0.0,Sales,CC004,MS-SQL-SERVER,ORACLE-GL,2024-07
TS-00300,EMP-0030,Manager,2024-01-15,42.7,58.7,2506.49,PO-01003,35.5,2083.85,OVER_CLAIMED,7.2,Operations,CC003,MS-SQL-SERVER,ORACLE-GL,2024-01
TS-00301,EMP-0034,Developer,2024-08-12,41.4,72.8,3013.92,PO-01132,38.4,2795.52,OVER_CLAIMED,3.0,Finance,CC002,MS-SQL-SERVER,ORACLE-GL,2024-08
TS-00302,EMP-0046,Consultant,2024-10-14,23.8,87.31,2077.98,PO-01072,25.1,2191.48,UNMATCHED,-1.3,Procurement,CC003,MS-SQL-SERVER,ORACLE-GL,2024-10
TS-00303,EMP-0039,Coordinator,2024-06-24,21.7,104.74,2272.86,PO-01047,21.4,2241.44,UNMATCHED,0.3,Sales,CC006,MS-SQL-SERVER,ORACLE-GL,2024-06
TS-00304,EMP-0038,Engineer,2024-08-12,39.4,74.92,2951.85,PO-01090,32.0,2397.44,MATCHED,0.0,Sales,CC005,MS-SQL-SERVER,ORACLE-GL,2024-08
TS-00305,EMP-0007,Coordinator,2024-06-24,21.7,27.8,603.26,PO-01028,26.4,733.92,MATCHED,0.0,IT,CC006,MS-SQL-SERVER,ORACLE-GL,2024-06
TS-00306,EMP-0016,Analyst,2024-07-29,28.1,47.0,1320.7,PO-01045,33.5,1574.5,OVER_CLAIMED,-5.4,Procurement,CC004,MS-SQL-SERVER,ORACLE-GL,2024-07
TS-00307,EMP-0008,Analyst,2024-12-02,44.3,112.63,4989.51,PO-01192,35.5,3998.36,MATCHED,0.0,Finance,CC004,MS-SQL-SERVER,ORACLE-GL,2024-12
TS-00308,EMP-0021,Analyst,2024-12-02,29.4,84.97,2498.12,PO-01179,20.0,1699.4,MATCHED,0.0,IT,CC004,MS-SQL-SERVER,ORACLE-GL,2024-12
TS-00309,EMP-0032,Developer,2024-02-26,44.7,79.51,3554.1,PO-01174,38.7,3077.04,MATCHED,0.0,HR,CC002,MS-SQL-SERVER,ORACLE-GL,2024-02
TS-00310,EMP-0006,Engineer,2024-03-25,38.6,66.24,2556.86,PO-01007,39.2,2596.61,MATCHED,0.0,Procurement,CC006,MS-SQL-SERVER,ORACLE-GL,2024-03
TS-00311,EMP-0050,Developer,2024-02-12,25.1,101.95,2558.95,PO-01146,33.0,3364.35,MATCHED,0.0,Sales,CC001,MS-SQL-SERVER,ORACLE-GL,2024-02
TS-00312,EMP-0034,Developer,2024-05-27,24.6,94.35,2321.01,PO-01049,32.8,3094.68,OVER_CLAIMED,-8.2,Operations,CC005,MS-SQL-SERVER,ORACLE-GL,2024-05
TS-00313,EMP-0005,Developer,2024-07-29,32.5,58.87,1913.27,PO-01110,40.5,2384.23,MATCHED,0.0,Procurement,CC004,MS-SQL-SERVER,ORACLE-GL,2024-07
TS-00314,EMP-0008,Developer,2024-01-29,34.2,37.08,1268.14,PO-01060,34.5,1279.26,MATCHED,0.0,Finance,CC005,MS-SQL-SERVER,ORACLE-GL,2024-01
TS-00315,EMP-0025,Coordinator,2024-08-26,28.3,46.28,1309.72,PO-01092,37.1,1716.99,MATCHED,0.0,Finance,CC002,MS-SQL-SERVER,ORACLE-GL,2024-08
TS-00316,EMP-0033,Manager,2024-05-06,21.9,79.66,1744.55,PO-01103,29.0,2310.14,PARTIAL,-7.1,Sales,CC001,MS-SQL-SERVER,ORACLE-GL,2024-05
TS-00317,EMP-0042,Analyst,2024-08-26,37.4,35.53,1328.82,PO-01009,36.8,1307.5,MATCHED,0.0,HR,CC004,MS-SQL-SERVER,ORACLE-GL,2024-08
TS-00318,EMP-0036,Coordinator,2024-04-22,25.0,109.36,2734.0,PO-01085,16.2,1771.63,MATCHED,0.0,Procurement,CC001,MS-SQL-SERVER,ORACLE-GL,2024-04
TS-00319,EMP-0045,Analyst,2024-04-15,32.3,101.54,3279.74,PO-01089,33.6,3411.74,PARTIAL,-1.3,Finance,CC004,MS-SQL-SERVER,ORACLE-GL,2024-04
TS-00320,EMP-0009,Manager,2024-09-23,38.5,113.29,4361.66,PO-01186,46.3,5245.33,UNMATCHED,-7.8,Finance,CC001,MS-SQL-SERVER,ORACLE-GL,2024-09
TS-00321,EMP-0020,Consultant,2024-01-15,32.4,46.4,1503.36,PO-01006,29.4,1364.16,UNMATCHED,3.0,Finance,CC001,MS-SQL-SERVER,ORACLE-GL,2024-01
TS-00322,EMP-0044,Coordinator,2024-12-09,39.5,43.64,1723.78,PO-01189,41.7,1819.79,UNMATCHED,-2.2,Finance,CC005,MS-SQL-SERVER,ORACLE-GL,2024-12
TS-00323,EMP-0045,Developer,2024-07-29,21.3,97.74,2081.86,PO-01141,25.2,2463.05,UNMATCHED,-3.9,Operations,CC001,MS-SQL-SERVER,ORACLE-GL,2024-07
TS-00324,EMP-0013,Manager,2024-07-15,22.9,83.49,1911.92,PO-01112,31.0,2588.19,MATCHED,0.0,Finance,CC002,MS-SQL-SERVER,ORACLE-GL,2024-07
TS-00325,EMP-0037,Analyst,2024-04-08,22.3,25.95,578.69,PO-01004,20.6,534.57,PARTIAL,1.7,Procurement,CC002,MS-SQL-SERVER,ORACLE-GL,2024-04
TS-00326,EMP-0021,Manager,2024-01-22,21.9,37.04,811.18,PO-01155,15.5,574.12,MATCHED,0.0,Procurement,CC002,MS-SQL-SERVER,ORACLE-GL,2024-01
TS-00327,EMP-0005,Analyst,2024-05-06,23.2,62.79,1456.73,PO-01065,26.4,1657.66,OVER_CLAIMED,-3.2,Sales,CC002,MS-SQL-SERVER,ORACLE-GL,2024-05
TS-00328,EMP-0029,Coordinator,2024-08-05,37.6,102.28,3845.73,PO-01078,45.6,4663.97,MATCHED,0.0,HR,CC005,MS-SQL-SERVER,ORACLE-GL,2024-08
TS-00329,EMP-0045,Engineer,2024-05-06,41.7,48.2,2009.94,PO-01129,49.6,2390.72,MATCHED,0.0,Finance,CC001,MS-SQL-SERVER,ORACLE-GL,2024-05
TS-00330,EMP-0006,Consultant,2024-06-03,42.5,92.02,3910.85,PO-01036,44.9,4131.7,MATCHED,0.0,Sales,CC002,MS-SQL-SERVER,ORACLE-GL,2024-06
TS-00331,EMP-0003,Consultant,2024-05-13,38.5,45.02,1733.27,PO-01179,35.9,1616.22,MATCHED,0.0,IT,CC006,MS-SQL-SERVER,ORACLE-GL,2024-05
TS-00332,EMP-0018,Manager,2024-12-02,31.3,35.85,1122.11,PO-01151,31.3,1122.11,MATCHED,0.0,IT,CC003,MS-SQL-SERVER,ORACLE-GL,2024-12
TS-00333,EMP-0025,Developer,2024-02-05,21.5,106.18,2282.87,PO-01114,19.2,2038.66,MATCHED,0.0,Finance,CC002,MS-SQL-SERVER,ORACLE-GL,2024-02
TS-00334,EMP-0020,Analyst,2024-04-01,29.5,87.69,2586.86,PO-01139,30.1,2639.47,OVER_CLAIMED,-0.6,HR,CC001,MS-SQL-SERVER,ORACLE-GL,2024-04
TS-00335,EMP-0049,Engineer,2024-09-23,38.9,56.94,2214.97,PO-01056,45.5,2590.77,MATCHED,0.0,Finance,CC003,MS-SQL-SERVER,ORACLE-GL,2024-09
TS-00336,EMP-0048,Analyst,2024-11-18,40.7,66.24,2695.97,PO-01028,39.3,2603.23,OVER_CLAIMED,1.4,Sales,CC004,MS-SQL-SERVER,ORACLE-GL,2024-11
TS-00337,EMP-0030,Developer,2024-11-18,43.3,52.3,2264.59,PO-01147,53.1,2777.13,PARTIAL,-9.8,Procurement,CC005,MS-SQL-SERVER,ORACLE-GL,2024-11
TS-00338,EMP-0016,Consultant,2024-12-09,33.0,40.44,1334.52,PO-01004,30.6,1237.46,OVER_CLAIMED,2.4,HR,CC006,MS-SQL-SERVER,ORACLE-GL,2024-12
TS-00339,EMP-0037,Developer,2024-04-29,22.1,48.74,1077.15,PO-01010,23.0,1121.02,MATCHED,0.0,Sales,CC003,MS-SQL-SERVER,ORACLE-GL,2024-04
TS-00340,EMP-0001,Analyst,2024-06-10,26.7,48.8,1302.96,PO-01079,29.8,1454.24,PARTIAL,-3.1,Sales,CC006,MS-SQL-SERVER,ORACLE-GL,2024-06
TS-00341,EMP-0029,Analyst,2024-05-20,40.9,105.52,4315.77,PO-01120,39.8,4199.7,MATCHED,0.0,Finance,CC003,MS-SQL-SERVER,ORACLE-GL,2024-05
TS-00342,EMP-0006,Manager,2024-07-29,35.9,77.88,2795.89,PO-01157,34.1,2655.71,PARTIAL,1.8,Sales,CC003,MS-SQL-SERVER,ORACLE-GL,2024-07
TS-00343,EMP-0032,Consultant,2024-01-29,31.0,49.51,1534.81,PO-01059,36.7,1817.02,MATCHED,0.0,Procurement,CC002,MS-SQL-SERVER,ORACLE-GL,2024-01
TS-00344,EMP-0003,Consultant,2024-03-04,41.8,87.32,3649.98,PO-01176,36.5,3187.18,OVER_CLAIMED,5.3,Sales,CC004,MS-SQL-SERVER,ORACLE-GL,2024-03
TS-00345,EMP-0017,Manager,2024-09-16,27.9,77.57,2164.2,PO-01005,22.5,1745.32,OVER_CLAIMED,5.4,Procurement,CC003,MS-SQL-SERVER,ORACLE-GL,2024-09
TS-00346,EMP-0033,Developer,2024-08-26,38.0,82.05,3117.9,PO-01029,35.0,2871.75,MATCHED,0.0,Sales,CC001,MS-SQL-SERVER,ORACLE-GL,2024-08
TS-00347,EMP-0027,Analyst,2024-04-15,25.1,79.18,1987.42,PO-01165,31.7,2510.01,OVER_CLAIMED,-6.6,IT,CC003,MS-SQL-SERVER,ORACLE-GL,2024-04
TS-00348,EMP-0042,Manager,2024-03-04,20.6,82.66,1702.8,PO-01121,17.8,1471.35,UNMATCHED,2.8,HR,CC005,MS-SQL-SERVER,ORACLE-GL,2024-03
TS-00349,EMP-0002,Analyst,2024-01-08,24.0,29.24,701.76,PO-01156,32.6,953.22,PARTIAL,-8.6,Operations,CC003,MS-SQL-SERVER,ORACLE-GL,2024-01
TS-00350,EMP-0023,Consultant,2024-08-12,37.9,95.49,3619.07,PO-01097,43.6,4163.36,OVER_CLAIMED,-5.7,Sales,CC001,MS-SQL-SERVER,ORACLE-GL,2024-08
TS-00351,EMP-0005,Consultant,2024-10-21,38.2,61.2,2337.84,PO-01145,48.2,2949.84,MATCHED,0.0,Sales,CC005,MS-SQL-SERVER,ORACLE-GL,2024-10
TS-00352,EMP-0004,Engineer,2024-10-07,33.7,64.72,2181.06,PO-01121,38.4,2485.25,PARTIAL,-4.7,Procurement,CC005,MS-SQL-SERVER,ORACLE-GL,2024-10
TS-00353,EMP-0016,Manager,2024-08-19,31.0,50.57,1567.67,PO-01063,37.7,1906.49,MATCHED,0.0,HR,CC002,MS-SQL-SERVER,ORACLE-GL,2024-08
TS-00354,EMP-0047,Developer,2024-07-22,27.9,117.38,3274.9,PO-01093,31.8,3732.68,UNMATCHED,-3.9,Finance,CC003,MS-SQL-SERVER,ORACLE-GL,2024-07
TS-00355,EMP-0015,Developer,2024-09-02,32.6,111.89,3647.61,PO-01108,35.7,3994.47,PARTIAL,-3.1,Operations,CC005,MS-SQL-SERVER,ORACLE-GL,2024-09
TS-00356,EMP-0038,Coordinator,2024-02-26,43.1,48.27,2080.44,PO-01036,51.3,2476.25,OVER_CLAIMED,-8.2,Sales,CC003,MS-SQL-SERVER,ORACLE-GL,2024-02
TS-00357,EMP-0033,Consultant,2024-12-16,27.2,54.82,1491.1,PO-01148,18.8,1030.62,UNMATCHED,8.4,IT,CC006,MS-SQL-SERVER,ORACLE-GL,2024-12
TS-00358,EMP-0008,Developer,2024-12-09,25.0,42.09,1052.25,PO-01068,24.1,1014.37,MATCHED,0.0,Sales,CC006,MS-SQL-SERVER,ORACLE-GL,2024-12
TS-00359,EMP-0002,Coordinator,2024-07-29,38.6,37.01,1428.59,PO-01043,29.3,1084.39,UNMATCHED,9.3,Finance,CC002,MS-SQL-SERVER,ORACLE-GL,2024-07
TS-00360,EMP-0009,Developer,2024-08-12,41.7,112.27,4681.66,PO-01179,49.8,5591.05,MATCHED,0.0,Sales,CC002,MS-SQL-SERVER,ORACLE-GL,2024-08
TS-00361,EMP-0038,Engineer,2024-11-11,27.3,57.0,1556.1,PO-01158,33.8,1926.6,MATCHED,0.0,Finance,CC006,MS-SQL-SERVER,ORACLE-GL,2024-11
TS-00362,EMP-0041,Developer,2024-01-15,21.8,112.47,2451.85,PO-01190,30.8,3464.08,UNMATCHED,-9.0,IT,CC003,MS-SQL-SERVER,ORACLE-GL,2024-01
TS-00363,EMP-0033,Analyst,2024-12-02,31.9,37.79,1205.5,PO-01039,25.6,967.42,PARTIAL,6.3,Finance,CC005,MS-SQL-SERVER,ORACLE-GL,2024-12
TS-00364,EMP-0012,Engineer,2024-09-16,29.2,86.69,2531.35,PO-01185,26.8,2323.29,UNMATCHED,2.4,Sales,CC003,MS-SQL-SERVER,ORACLE-GL,2024-09
TS-00365,EMP-0034,Engineer,2024-12-09,22.4,53.25,1192.8,PO-01149,19.2,1022.4,PARTIAL,3.2,Sales,CC004,MS-SQL-SERVER,ORACLE-GL,2024-12
TS-00366,EMP-0003,Coordinator,2024-05-06,28.1,55.26,1552.81,PO-01188,21.7,1199.14,MATCHED,0.0,Operations,CC004,MS-SQL-SERVER,ORACLE-GL,2024-05
TS-00367,EMP-0019,Consultant,2024-08-19,27.0,108.56,2931.12,PO-01031,23.3,2529.45,MATCHED,0.0,HR,CC003,MS-SQL-SERVER,ORACLE-GL,2024-08
TS-00368,EMP-0039,Analyst,2024-08-05,31.0,109.11,3382.41,PO-01060,26.8,2924.15,MATCHED,0.0,Procurement,CC003,MS-SQL-SERVER,ORACLE-GL,2024-08
TS-00369,EMP-0002,Engineer,2024-03-04,22.4,77.46,1735.1,PO-01011,22.6,1750.6,MATCHED,0.0,Sales,CC005,MS-SQL-SERVER,ORACLE-GL,2024-03
TS-00370,EMP-0014,Manager,2024-12-23,24.9,71.39,1777.61,PO-01147,31.3,2234.51,MATCHED,0.0,IT,CC006,MS-SQL-SERVER,ORACLE-GL,2024-12
TS-00371,EMP-0046,Coordinator,2024-07-15,33.0,103.95,3430.35,PO-01031,28.9,3004.15,MATCHED,0.0,IT,CC004,MS-SQL-SERVER,ORACLE-GL,2024-07
TS-00372,EMP-0043,Analyst,2024-08-05,26.6,107.13,2849.66,PO-01091,36.5,3910.24,OVER_CLAIMED,-9.9,Finance,CC006,MS-SQL-SERVER,ORACLE-GL,2024-08
TS-00373,EMP-0018,Developer,2024-12-16,25.6,32.06,820.74,PO-01162,18.7,599.52,MATCHED,0.0,Procurement,CC005,MS-SQL-SERVER,ORACLE-GL,2024-12
TS-00374,EMP-0028,Analyst,2024-10-28,39.4,92.15,3630.71,PO-01181,35.7,3289.76,MATCHED,0.0,Sales,CC003,MS-SQL-SERVER,ORACLE-GL,2024-10
TS-00375,EMP-0041,Coordinator,2024-03-25,41.0,87.81,3600.21,PO-01003,48.6,4267.57,MATCHED,0.0,Operations,CC002,MS-SQL-SERVER,ORACLE-GL,2024-03
TS-00376,EMP-0031,Consultant,2024-09-16,29.4,114.6,3369.24,PO-01125,32.9,3770.34,MATCHED,0.0,Operations,CC006,MS-SQL-SERVER,ORACLE-GL,2024-09
TS-00377,EMP-0047,Coordinator,2024-08-05,27.1,43.86,1188.61,PO-01055,34.6,1517.56,PARTIAL,-7.5,Finance,CC004,MS-SQL-SERVER,ORACLE-GL,2024-08
TS-00378,EMP-0027,Coordinator,2024-01-29,32.3,83.07,2683.16,PO-01068,36.5,3032.05,MATCHED,0.0,Sales,CC004,MS-SQL-SERVER,ORACLE-GL,2024-01
TS-00379,EMP-0012,Manager,2024-10-07,34.6,85.58,2961.07,PO-01060,34.3,2935.39,OVER_CLAIMED,0.3,HR,CC006,MS-SQL-SERVER,ORACLE-GL,2024-10
TS-00380,EMP-0031,Manager,2024-08-05,32.3,84.85,2740.65,PO-01025,34.3,2910.35,PARTIAL,-2.0,Operations,CC001,MS-SQL-SERVER,ORACLE-GL,2024-08
TS-00381,EMP-0043,Developer,2024-12-02,39.1,64.86,2536.03,PO-01030,38.0,2464.68,MATCHED,0.0,Operations,CC004,MS-SQL-SERVER,ORACLE-GL,2024-12
TS-00382,EMP-0050,Developer,2024-05-20,36.5,58.02,2117.73,PO-01126,34.5,2001.69,MATCHED,0.0,Sales,CC004,MS-SQL-SERVER,ORACLE-GL,2024-05
TS-00383,EMP-0004,Engineer,2024-10-28,25.9,52.64,1363.38,PO-01198,26.0,1368.64,UNMATCHED,-0.1,HR,CC003,MS-SQL-SERVER,ORACLE-GL,2024-10
TS-00384,EMP-0017,Analyst,2024-10-28,27.9,62.18,1734.82,PO-01069,26.7,1660.21,UNMATCHED,1.2,IT,CC006,MS-SQL-SERVER,ORACLE-GL,2024-10
TS-00385,EMP-0015,Engineer,2024-04-08,28.5,102.76,2928.66,PO-01043,24.7,2538.17,UNMATCHED,3.8,Sales,CC002,MS-SQL-SERVER,ORACLE-GL,2024-04
TS-00386,EMP-0009,Engineer,2024-12-09,35.6,115.05,4095.78,PO-01139,37.9,4360.39,MATCHED,0.0,Finance,CC006,MS-SQL-SERVER,ORACLE-GL,2024-12
TS-00387,EMP-0050,Engineer,2024-01-08,40.1,33.57,1346.16,PO-01017,44.2,1483.79,MATCHED,0.0,Procurement,CC001,MS-SQL-SERVER,ORACLE-GL,2024-01
TS-00388,EMP-0026,Coordinator,2024-08-19,25.3,75.87,1919.51,PO-01059,35.0,2655.45,PARTIAL,-9.7,HR,CC002,MS-SQL-SERVER,ORACLE-GL,2024-08
TS-00389,EMP-0003,Analyst,2024-06-10,28.3,45.48,1287.08,PO-01194,33.0,1500.84,MATCHED,0.0,Sales,CC001,MS-SQL-SERVER,ORACLE-GL,2024-06
TS-00390,EMP-0002,Consultant,2024-08-12,29.9,71.07,2124.99,PO-01162,23.0,1634.61,MATCHED,0.0,Procurement,CC002,MS-SQL-SERVER,ORACLE-GL,2024-08
TS-00391,EMP-0026,Consultant,2024-01-15,26.8,36.75,984.9,PO-01190,32.5,1194.38,OVER_CLAIMED,-5.7,HR,CC001,MS-SQL-SERVER,ORACLE-GL,2024-01
TS-00392,EMP-0002,Analyst,2024-01-29,21.8,93.6,2040.48,PO-01191,27.0,2527.2,UNMATCHED,-5.2,Sales,CC005,MS-SQL-SERVER,ORACLE-GL,2024-01
TS-00393,EMP-0020,Manager,2024-03-04,22.4,80.88,1811.71,PO-01109,20.2,1633.78,PARTIAL,2.2,Sales,CC006,MS-SQL-SERVER,ORACLE-GL,2024-03
TS-00394,EMP-0037,Developer,2024-01-08,27.6,68.6,1893.36,PO-01097,19.6,1344.56,OVER_CLAIMED,8.0,HR,CC004,MS-SQL-SERVER,ORACLE-GL,2024-01
TS-00395,EMP-0045,Engineer,2024-02-05,25.6,63.6,1628.16,PO-01130,21.2,1348.32,MATCHED,0.0,Operations,CC004,MS-SQL-SERVER,ORACLE-GL,2024-02
TS-00396,EMP-0046,Analyst,2024-01-08,44.8,94.12,4216.58,PO-01116,53.8,5063.66,PARTIAL,-9.0,Operations,CC005,MS-SQL-SERVER,ORACLE-GL,2024-01
TS-00397,EMP-0007,Coordinator,2024-01-08,29.9,47.05,1406.79,PO-01080,27.3,1284.46,PARTIAL,2.6,HR,CC002,MS-SQL-SERVER,ORACLE-GL,2024-01
TS-00398,EMP-0032,Engineer,2024-12-23,35.7,32.95,1176.32,PO-01064,36.9,1215.86,MATCHED,0.0,Finance,CC002,MS-SQL-SERVER,ORACLE-GL,2024-12
TS-00399,EMP-0049,Consultant,2024-06-24,35.4,69.98,2477.29,PO-01016,39.9,2792.2,PARTIAL,-4.5,IT,CC003,MS-SQL-SERVER,ORACLE-GL,2024-06
TS-00400,EMP-0045,Engineer,2024-07-01,27.8,57.1,1587.38,PO-01154,20.8,1187.68,MATCHED,0.0,IT,CC001,MS-SQL-SERVER,ORACLE-GL,2024-07
TS-00401,EMP-0032,Manager,2024-04-29,37.3,96.73,3608.03,PO-01167,43.2,4178.74,PARTIAL,-5.9,Operations,CC003,MS-SQL-SERVER,ORACLE-GL,2024-04
TS-00402,EMP-0006,Analyst,2024-07-22,37.7,73.87,2784.9,PO-01109,44.9,3316.76,OVER_CLAIMED,-7.2,Procurement,CC001,MS-SQL-SERVER,ORACLE-GL,2024-07
TS-00403,EMP-0011,Consultant,2024-06-17,23.2,26.29,609.93,PO-01113,23.6,620.44,MATCHED,0.0,Finance,CC001,MS-SQL-SERVER,ORACLE-GL,2024-06
TS-00404,EMP-0048,Engineer,2024-07-08,32.4,84.49,2737.48,PO-01108,32.9,2779.72,MATCHED,0.0,IT,CC001,MS-SQL-SERVER,ORACLE-GL,2024-07
TS-00405,EMP-0018,Engineer,2024-05-06,22.9,119.6,2738.84,PO-01083,27.3,3265.08,OVER_CLAIMED,-4.4,Sales,CC003,MS-SQL-SERVER,ORACLE-GL,2024-05
TS-00406,EMP-0040,Coordinator,2024-09-09,36.3,38.44,1395.37,PO-01096,36.8,1414.59,MATCHED,0.0,Sales,CC005,MS-SQL-SERVER,ORACLE-GL,2024-09
TS-00407,EMP-0047,Consultant,2024-04-22,31.8,45.01,1431.32,PO-01043,28.4,1278.28,OVER_CLAIMED,3.4,Sales,CC006,MS-SQL-SERVER,ORACLE-GL,2024-04
TS-00408,EMP-0001,Manager,2024-07-29,20.2,64.55,1303.91,PO-01180,13.2,852.06,MATCHED,0.0,Operations,CC002,MS-SQL-SERVER,ORACLE-GL,2024-07
TS-00409,EMP-0030,Engineer,2024-11-04,22.3,68.57,1529.11,PO-01041,14.2,973.69,PARTIAL,8.1,Finance,CC003,MS-SQL-SERVER,ORACLE-GL,2024-11
TS-00410,EMP-0018,Manager,2024-10-07,34.0,46.47,1579.98,PO-01110,36.6,1700.8,MATCHED,0.0,Sales,CC006,MS-SQL-SERVER,ORACLE-GL,2024-10
TS-00411,EMP-0035,Coordinator,2024-05-13,29.2,97.86,2857.51,PO-01169,37.9,3708.89,PARTIAL,-8.7,Operations,CC001,MS-SQL-SERVER,ORACLE-GL,2024-05
TS-00412,EMP-0037,Analyst,2024-09-16,23.8,94.41,2246.96,PO-01033,19.4,1831.55,MATCHED,0.0,Sales,CC005,MS-SQL-SERVER,ORACLE-GL,2024-09
TS-00413,EMP-0039,Manager,2024-10-14,39.2,56.37,2209.7,PO-01189,44.6,2514.1,PARTIAL,-5.4,Sales,CC006,MS-SQL-SERVER,ORACLE-GL,2024-10
TS-00414,EMP-0006,Engineer,2024-07-29,25.2,25.25,636.3,PO-01038,19.8,499.95,MATCHED,0.0,Operations,CC002,MS-SQL-SERVER,ORACLE-GL,2024-07
TS-00415,EMP-0009,Engineer,2024-07-29,41.9,55.72,2334.67,PO-01113,49.8,2774.86,MATCHED,0.0,IT,CC006,MS-SQL-SERVER,ORACLE-GL,2024-07
TS-00416,EMP-0026,Developer,2024-07-29,28.2,72.54,2045.63,PO-01199,20.5,1487.07,PARTIAL,7.7,IT,CC006,MS-SQL-SERVER,ORACLE-GL,2024-07
TS-00417,EMP-0039,Consultant,2024-07-29,28.9,104.67,3024.96,PO-01043,25.2,2637.68,MATCHED,0.0,Procurement,CC003,MS-SQL-SERVER,ORACLE-GL,2024-07
TS-00418,EMP-0017,Coordinator,2024-11-11,23.6,66.54,1570.34,PO-01031,22.4,1490.5,OVER_CLAIMED,1.2,Sales,CC004,MS-SQL-SERVER,ORACLE-GL,2024-11
TS-00419,EMP-0050,Coordinator,2024-10-14,28.7,27.4,786.38,PO-01089,26.0,712.4,UNMATCHED,2.7,Procurement,CC004,MS-SQL-SERVER,ORACLE-GL,2024-10
TS-00420,EMP-0025,Manager,2024-04-01,35.4,108.25,3832.05,PO-01046,43.8,4741.35,MATCHED,0.0,Procurement,CC001,MS-SQL-SERVER,ORACLE-GL,2024-04
TS-00421,EMP-0022,Analyst,2024-03-25,31.1,74.97,2331.57,PO-01095,21.2,1589.36,MATCHED,0.0,HR,CC005,MS-SQL-SERVER,ORACLE-GL,2024-03
TS-00422,EMP-0026,Analyst,2024-01-01,35.2,28.19,992.29,PO-01179,30.7,865.43,UNMATCHED,4.5,Procurement,CC003,MS-SQL-SERVER,ORACLE-GL,2024-01
TS-00423,EMP-0031,Engineer,2024-04-29,35.6,117.26,4174.46,PO-01162,42.1,4936.65,OVER_CLAIMED,-6.5,IT,CC004,MS-SQL-SERVER,ORACLE-GL,2024-04
TS-00424,EMP-0003,Manager,2024-03-18,31.8,108.12,3438.22,PO-01008,36.8,3978.82,MATCHED,0.0,Sales,CC006,MS-SQL-SERVER,ORACLE-GL,2024-03
TS-00425,EMP-0027,Analyst,2024-03-04,37.6,41.81,1572.06,PO-01015,44.6,1864.73,MATCHED,0.0,IT,CC006,MS-SQL-SERVER,ORACLE-GL,2024-03
TS-00426,EMP-0042,Engineer,2024-11-11,21.6,34.26,740.02,PO-01189,22.5,770.85,MATCHED,0.0,Finance,CC003,MS-SQL-SERVER,ORACLE-GL,2024-11
TS-00427,EMP-0047,Manager,2024-10-28,41.2,55.07,2268.88,PO-01133,45.4,2500.18,PARTIAL,-4.2,Finance,CC006,MS-SQL-SERVER,ORACLE-GL,2024-10
TS-00428,EMP-0049,Engineer,2024-06-24,30.4,88.43,2688.27,PO-01038,21.6,1910.09,MATCHED,0.0,Procurement,CC003,MS-SQL-SERVER,ORACLE-GL,2024-06
TS-00429,EMP-0033,Developer,2024-02-05,24.3,29.23,710.29,PO-01045,26.5,774.6,OVER_CLAIMED,-2.2,Procurement,CC006,MS-SQL-SERVER,ORACLE-GL,2024-02
TS-00430,EMP-0037,Coordinator,2024-01-01,27.8,78.25,2175.35,PO-01023,20.2,1580.65,UNMATCHED,7.6,Sales,CC004,MS-SQL-SERVER,ORACLE-GL,2024-01
TS-00431,EMP-0021,Engineer,2024-02-05,22.9,33.6,769.44,PO-01161,27.5,924.0,MATCHED,0.0,Finance,CC002,MS-SQL-SERVER,ORACLE-GL,2024-02
TS-00432,EMP-0016,Manager,2024-12-16,20.3,85.6,1737.68,PO-01175,19.5,1669.2,OVER_CLAIMED,0.8,Procurement,CC002,MS-SQL-SERVER,ORACLE-GL,2024-12
TS-00433,EMP-0019,Consultant,2024-11-25,38.9,37.61,1463.03,PO-01072,30.0,1128.3,OVER_CLAIMED,8.9,Operations,CC005,MS-SQL-SERVER,ORACLE-GL,2024-11
TS-00434,EMP-0012,Manager,2024-05-20,30.3,104.35,3161.8,PO-01067,25.8,2692.23,MATCHED,0.0,Procurement,CC004,MS-SQL-SERVER,ORACLE-GL,2024-05
TS-00435,EMP-0034,Developer,2024-04-22,22.3,58.74,1309.9,PO-01162,19.6,1151.3,OVER_CLAIMED,2.7,Procurement,CC002,MS-SQL-SERVER,ORACLE-GL,2024-04
TS-00436,EMP-0014,Coordinator,2024-01-15,43.7,80.6,3522.22,PO-01112,36.8,2966.08,PARTIAL,6.9,HR,CC006,MS-SQL-SERVER,ORACLE-GL,2024-01
TS-00437,EMP-0036,Coordinator,2024-12-23,37.1,52.43,1945.15,PO-01069,33.9,1777.38,PARTIAL,3.2,Finance,CC005,MS-SQL-SERVER,ORACLE-GL,2024-12
TS-00438,EMP-0034,Coordinator,2024-12-09,25.3,45.73,1156.97,PO-01162,20.5,937.46,MATCHED,0.0,Operations,CC004,MS-SQL-SERVER,ORACLE-GL,2024-12
TS-00439,EMP-0038,Analyst,2024-02-26,31.7,55.68,1765.06,PO-01083,33.0,1837.44,OVER_CLAIMED,-1.3,Procurement,CC001,MS-SQL-SERVER,ORACLE-GL,2024-02
TS-00440,EMP-0022,Manager,2024-10-07,29.0,110.6,3207.4,PO-01166,22.2,2455.32,UNMATCHED,6.8,Finance,CC002,MS-SQL-SERVER,ORACLE-GL,2024-10
TS-00441,EMP-0029,Engineer,2024-06-03,27.7,69.35,1920.99,PO-01117,21.4,1484.09,MATCHED,0.0,Sales,CC005,MS-SQL-SERVER,ORACLE-GL,2024-06
TS-00442,EMP-0047,Manager,2024-11-04,30.9,62.94,1944.85,PO-01154,37.6,2366.54,MATCHED,0.0,HR,CC004,MS-SQL-SERVER,ORACLE-GL,2024-11
TS-00443,EMP-0049,Engineer,2024-10-28,30.0,28.81,864.3,PO-01028,38.6,1112.07,MATCHED,0.0,IT,CC004,MS-SQL-SERVER,ORACLE-GL,2024-10
TS-00444,EMP-0033,Consultant,2024-12-09,26.7,79.86,2132.26,PO-01077,28.6,2284.0,MATCHED,0.0,Sales,CC006,MS-SQL-SERVER,ORACLE-GL,2024-12
TS-00445,EMP-0043,Manager,2024-08-19,25.0,117.38,2934.5,PO-01014,30.0,3521.4,MATCHED,0.0,Finance,CC003,MS-SQL-SERVER,ORACLE-GL,2024-08
TS-00446,EMP-0030,Analyst,2024-12-16,39.1,101.14,3954.57,PO-01169,38.3,3873.66,MATCHED,0.0,Operations,CC002,MS-SQL-SERVER,ORACLE-GL,2024-12
TS-00447,EMP-0028,Analyst,2024-03-18,27.5,32.64,897.6,PO-01186,22.2,724.61,MATCHED,0.0,Operations,CC002,MS-SQL-SERVER,ORACLE-GL,2024-03
TS-00448,EMP-0023,Analyst,2024-10-28,33.9,98.68,3345.25,PO-01121,24.0,2368.32,MATCHED,0.0,Sales,CC006,MS-SQL-SERVER,ORACLE-GL,2024-10
TS-00449,EMP-0046,Consultant,2024-06-24,37.5,111.72,4189.5,PO-01196,40.9,4569.35,UNMATCHED,-3.4,Finance,CC004,MS-SQL-SERVER,ORACLE-GL,2024-06
TS-00450,EMP-0019,Coordinator,2024-02-26,28.0,113.85,3187.8,PO-01187,26.0,2960.1,MATCHED,0.0,IT,CC005,MS-SQL-SERVER,ORACLE-GL,2024-02
TS-00451,EMP-0002,Consultant,2024-06-24,33.4,57.95,1935.53,PO-01156,36.8,2132.56,PARTIAL,-3.4,Operations,CC002,MS-SQL-SERVER,ORACLE-GL,2024-06
TS-00452,EMP-0049,Developer,2024-06-10,29.1,72.64,2113.82,PO-01020,19.1,1387.42,PARTIAL,10.0,Procurement,CC002,MS-SQL-SERVER,ORACLE-GL,2024-06
TS-00453,EMP-0022,Developer,2024-02-26,32.5,29.2,949.0,PO-01168,28.5,832.2,MATCHED,0.0,Operations,CC004,MS-SQL-SERVER,ORACLE-GL,2024-02
TS-00454,EMP-0017,Developer,2024-03-04,27.1,61.75,1673.43,PO-01046,33.5,2068.62,MATCHED,0.0,Operations,CC004,MS-SQL-SERVER,ORACLE-GL,2024-03
TS-00455,EMP-0044,Coordinator,2024-10-28,32.9,35.11,1155.12,PO-01026,39.0,1369.29,MATCHED,0.0,Procurement,CC004,MS-SQL-SERVER,ORACLE-GL,2024-10
TS-00456,EMP-0025,Coordinator,2024-12-23,40.2,40.28,1619.26,PO-01117,32.8,1321.18,PARTIAL,7.4,Finance,CC004,MS-SQL-SERVER,ORACLE-GL,2024-12
TS-00457,EMP-0028,Manager,2024-10-14,44.0,63.16,2779.04,PO-01190,49.4,3120.1,MATCHED,0.0,Procurement,CC001,MS-SQL-SERVER,ORACLE-GL,2024-10
TS-00458,EMP-0046,Manager,2024-09-23,40.2,111.28,4473.46,PO-01137,40.2,4473.46,UNMATCHED,0.0,HR,CC001,MS-SQL-SERVER,ORACLE-GL,2024-09
TS-00459,EMP-0006,Consultant,2024-12-16,24.5,65.29,1599.61,PO-01002,29.7,1939.11,OVER_CLAIMED,-5.2,HR,CC006,MS-SQL-SERVER,ORACLE-GL,2024-12
TS-00460,EMP-0028,Analyst,2024-09-16,26.4,73.92,1951.49,PO-01119,28.7,2121.5,UNMATCHED,-2.3,HR,CC001,MS-SQL-SERVER,ORACLE-GL,2024-09
TS-00461,EMP-0044,Manager,2024-02-19,41.7,68.72,2865.62,PO-01065,32.7,2247.14,PARTIAL,9.0,IT,CC003,MS-SQL-SERVER,ORACLE-GL,2024-02
TS-00462,EMP-0019,Manager,2024-10-28,27.4,102.82,2817.27,PO-01107,28.3,2909.81,MATCHED,0.0,Finance,CC004,MS-SQL-SERVER,ORACLE-GL,2024-10
TS-00463,EMP-0003,Engineer,2024-05-20,27.4,28.38,777.61,PO-01190,19.6,556.25,OVER_CLAIMED,7.8,IT,CC002,MS-SQL-SERVER,ORACLE-GL,2024-05
TS-00464,EMP-0032,Developer,2024-03-18,22.1,33.98,750.96,PO-01071,26.6,903.87,OVER_CLAIMED,-4.5,HR,CC004,MS-SQL-SERVER,ORACLE-GL,2024-03
TS-00465,EMP-0034,Engineer,2024-11-04,35.4,112.28,3974.71,PO-01118,43.5,4884.18,OVER_CLAIMED,-8.1,Finance,CC001,MS-SQL-SERVER,ORACLE-GL,2024-11
TS-00466,EMP-0007,Developer,2024-05-20,29.3,38.94,1140.94,PO-01132,38.8,1510.87,OVER_CLAIMED,-9.5,Procurement,CC001,MS-SQL-SERVER,ORACLE-GL,2024-05
TS-00467,EMP-0012,Coordinator,2024-05-27,43.2,96.18,4154.98,PO-01066,41.7,4010.71,MATCHED,0.0,Procurement,CC006,MS-SQL-SERVER,ORACLE-GL,2024-05
TS-00468,EMP-0013,Engineer,2024-11-25,42.1,104.5,4399.45,PO-01067,40.8,4263.6,MATCHED,0.0,HR,CC005,MS-SQL-SERVER,ORACLE-GL,2024-11
TS-00469,EMP-0024,Engineer,2024-08-12,33.5,100.4,3363.4,PO-01122,37.4,3754.96,MATCHED,0.0,Operations,CC004,MS-SQL-SERVER,ORACLE-GL,2024-08
TS-00470,EMP-0003,Engineer,2024-04-29,38.7,98.94,3828.98,PO-01103,34.2,3383.75,OVER_CLAIMED,4.5,Operations,CC006,MS-SQL-SERVER,ORACLE-GL,2024-04
TS-00471,EMP-0043,Consultant,2024-05-06,26.8,63.68,1706.62,PO-01071,17.2,1095.3,UNMATCHED,9.6,HR,CC004,MS-SQL-SERVER,ORACLE-GL,2024-05
TS-00472,EMP-0002,Coordinator,2024-09-23,39.8,85.31,3395.34,PO-01084,31.7,2704.33,MATCHED,0.0,Operations,CC001,MS-SQL-SERVER,ORACLE-GL,2024-09
TS-00473,EMP-0027,Coordinator,2024-09-30,27.2,92.64,2519.81,PO-01153,33.7,3121.97,PARTIAL,-6.5,HR,CC005,MS-SQL-SERVER,ORACLE-GL,2024-09
TS-00474,EMP-0023,Developer,2024-06-17,31.9,77.98,2487.56,PO-01039,28.8,2245.82,MATCHED,0.0,IT,CC006,MS-SQL-SERVER,ORACLE-GL,2024-06
TS-00475,EMP-0026,Analyst,2024-08-05,25.3,91.28,2309.38,PO-01170,28.8,2628.86,MATCHED,0.0,Sales,CC001,MS-SQL-SERVER,ORACLE-GL,2024-08
TS-00476,EMP-0034,Manager,2024-10-07,32.2,118.57,3817.95,PO-01078,23.9,2833.82,OVER_CLAIMED,8.3,HR,CC003,MS-SQL-SERVER,ORACLE-GL,2024-10
TS-00477,EMP-0040,Manager,2024-07-15,36.9,27.81,1026.19,PO-01145,39.4,1095.71,MATCHED,0.0,IT,CC004,MS-SQL-SERVER,ORACLE-GL,2024-07
TS-00478,EMP-0016,Developer,2024-12-02,20.6,117.47,2419.88,PO-01138,21.7,2549.1,UNMATCHED,-1.1,Operations,CC004,MS-SQL-SERVER,ORACLE-GL,2024-12
TS-00479,EMP-0008,Engineer,2024-09-23,43.7,36.73,1605.1,PO-01075,41.6,1527.97,MATCHED,0.0,Operations,CC002,MS-SQL-SERVER,ORACLE-GL,2024-09
TS-00480,EMP-0023,Consultant,2024-12-09,39.4,94.77,3733.94,PO-01108,37.4,3544.4,UNMATCHED,2.0,Sales,CC003,MS-SQL-SERVER,ORACLE-GL,2024-12
TS-00481,EMP-0041,Coordinator,2024-05-20,39.3,84.88,3335.78,PO-01082,42.6,3615.89,OVER_CLAIMED,-3.3,Sales,CC005,MS-SQL-SERVER,ORACLE-GL,2024-05
TS-00482,EMP-0019,Developer,2024-08-26,29.8,106.61,3176.98,PO-01041,29.7,3166.32,UNMATCHED,0.1,Operations,CC004,MS-SQL-SERVER,ORACLE-GL,2024-08
TS-00483,EMP-0012,Coordinator,2024-05-06,20.1,103.84,2087.18,PO-01026,25.4,2637.54,OVER_CLAIMED,-5.3,IT,CC005,MS-SQL-SERVER,ORACLE-GL,2024-05
TS-00484,EMP-0040,Consultant,2024-10-14,30.5,64.74,1974.57,PO-01036,24.3,1573.18,MATCHED,0.0,Sales,CC005,MS-SQL-SERVER,ORACLE-GL,2024-10
TS-00485,EMP-0021,Engineer,2024-08-12,45.0,81.96,3688.2,PO-01064,49.6,4065.22,MATCHED,0.0,Operations,CC005,MS-SQL-SERVER,ORACLE-GL,2024-08
TS-00486,EMP-0039,Coordinator,2024-10-07,31.8,33.64,1069.75,PO-01100,29.2,982.29,OVER_CLAIMED,2.6,Sales,CC005,MS-SQL-SERVER,ORACLE-GL,2024-10
TS-00487,EMP-0012,Developer,2024-03-25,41.3,40.33,1665.63,PO-01183,38.7,1560.77,MATCHED,0.0,Operations,CC003,MS-SQL-SERVER,ORACLE-GL,2024-03
TS-00488,EMP-0030,Consultant,2024-02-26,27.3,109.97,3002.18,PO-01176,21.4,2353.36,UNMATCHED,5.9,Sales,CC004,MS-SQL-SERVER,ORACLE-GL,2024-02
TS-00489,EMP-0039,Manager,2024-04-15,39.9,117.42,4685.06,PO-01041,39.9,4685.06,MATCHED,0.0,Operations,CC004,MS-SQL-SERVER,ORACLE-GL,2024-04
TS-00490,EMP-0027,Engineer,2024-11-18,44.1,25.65,1131.16,PO-01121,34.7,890.06,OVER_CLAIMED,9.4,IT,CC001,MS-SQL-SERVER,ORACLE-GL,2024-11
TS-00491,EMP-0046,Engineer,2024-12-16,30.4,49.7,1510.88,PO-01166,34.7,1724.59,MATCHED,0.0,Sales,CC006,MS-SQL-SERVER,ORACLE-GL,2024-12
TS-00492,EMP-0047,Analyst,2024-01-08,31.0,103.64,3212.84,PO-01094,22.2,2300.81,UNMATCHED,8.8,IT,CC006,MS-SQL-SERVER,ORACLE-GL,2024-01
TS-00493,EMP-0010,Manager,2024-08-12,35.7,66.8,2384.76,PO-01195,41.4,2765.52,MATCHED,0.0,Sales,CC001,MS-SQL-SERVER,ORACLE-GL,2024-08
TS-00494,EMP-0031,Consultant,2024-11-18,24.2,64.22,1554.12,PO-01068,21.0,1348.62,MATCHED,0.0,Finance,CC003,MS-SQL-SERVER,ORACLE-GL,2024-11
TS-00495,EMP-0049,Manager,2024-10-14,37.3,68.53,2556.17,PO-01088,41.5,2843.99,MATCHED,0.0,HR,CC006,MS-SQL-SERVER,ORACLE-GL,2024-10
TS-00496,EMP-0039,Analyst,2024-07-15,28.3,67.79,1918.46,PO-01195,23.5,1593.07,MATCHED,0.0,Operations,CC002,MS-SQL-SERVER,ORACLE-GL,2024-07
TS-00497,EMP-0046,Manager,2024-08-19,27.2,46.0,1251.2,PO-01079,24.6,1131.6,MATCHED,0.0,Procurement,CC002,MS-SQL-SERVER,ORACLE-GL,2024-08
TS-00498,EMP-0010,Coordinator,2024-09-09,35.8,70.15,2511.37,PO-01178,34.6,2427.19,MATCHED,0.0,Operations,CC002,MS-SQL-SERVER,ORACLE-GL,2024-09
TS-00499,EMP-0014,Engineer,2024-09-23,27.3,61.5,1678.95,PO-01078,30.0,1845.0,MATCHED,0.0,Operations,CC005,MS-SQL-SERVER,ORACLE-GL,2024-09
TS-00500,EMP-0026,Developer,2024-01-01,26.5,93.51,2478.02,PO-01159,31.4,2936.21,PARTIAL,-4.9,Operations,CC003,MS-SQL-SERVER,ORACLE-GL,2024-01
TS-00501,EMP-0025,Developer,2024-10-14,23.9,106.0,2533.4,PO-01166,20.2,2141.2,MATCHED,0.0,Operations,CC005,MS-SQL-SERVER,ORACLE-GL,2024-10
TS-00502,EMP-0022,Consultant,2024-07-29,24.4,110.23,2689.61,PO-01080,14.7,1620.38,MATCHED,0.0,Operations,CC002,MS-SQL-SERVER,ORACLE-GL,2024-07
TS-00503,EMP-0013,Manager,2024-03-04,27.0,98.91,2670.57,PO-01128,32.8,3244.25,OVER_CLAIMED,-5.8,IT,CC005,MS-SQL-SERVER,ORACLE-GL,2024-03
TS-00504,EMP-0015,Coordinator,2024-10-07,42.7,104.8,4474.96,PO-01052,49.6,5198.08,PARTIAL,-6.9,HR,CC006,MS-SQL-SERVER,ORACLE-GL,2024-10
TS-00505,EMP-0018,Engineer,2024-01-15,30.0,34.39,1031.7,PO-01137,26.6,914.77,MATCHED,0.0,Procurement,CC005,MS-SQL-SERVER,ORACLE-GL,2024-01
TS-00506,EMP-0016,Manager,2024-02-05,44.3,30.32,1343.18,PO-01190,45.6,1382.59,MATCHED,0.0,Operations,CC006,MS-SQL-SERVER,ORACLE-GL,2024-02
TS-00507,EMP-0003,Engineer,2024-10-14,41.4,46.69,1932.97,PO-01069,45.7,2133.73,MATCHED,0.0,Sales,CC003,MS-SQL-SERVER,ORACLE-GL,2024-10
TS-00508,EMP-0034,Manager,2024-02-05,38.6,94.67,3654.26,PO-01016,46.9,4440.02,MATCHED,0.0,Operations,CC002,MS-SQL-SERVER,ORACLE-GL,2024-02
TS-00509,EMP-0004,Manager,2024-04-15,34.6,80.22,2775.61,PO-01163,33.9,2719.46,PARTIAL,0.7,Finance,CC002,MS-SQL-SERVER,ORACLE-GL,2024-04
TS-00510,EMP-0038,Consultant,2024-07-29,22.9,32.92,753.87,PO-01154,16.8,553.06,PARTIAL,6.1,IT,CC003,MS-SQL-SERVER,ORACLE-GL,2024-07
TS-00511,EMP-0029,Coordinator,2024-09-09,20.2,65.83,1329.77,PO-01050,28.3,1862.99,OVER_CLAIMED,-8.1,Sales,CC006,MS-SQL-SERVER,ORACLE-GL,2024-09
TS-00512,EMP-0039,Manager,2024-09-30,38.9,119.26,4639.21,PO-01127,33.9,4042.91,UNMATCHED,5.0,Procurement,CC002,MS-SQL-SERVER,ORACLE-GL,2024-09
TS-00513,EMP-0017,Engineer,2024-05-27,32.7,73.85,2414.89,PO-01064,41.7,3079.55,MATCHED,0.0,HR,CC003,MS-SQL-SERVER,ORACLE-GL,2024-05
TS-00514,EMP-0032,Analyst,2024-10-28,34.0,54.34,1847.56,PO-01082,32.8,1782.35,MATCHED,0.0,Sales,CC004,MS-SQL-SERVER,ORACLE-GL,2024-10
TS-00515,EMP-0007,Developer,2024-08-05,24.1,31.23,752.64,PO-01088,22.7,708.92,MATCHED,0.0,Procurement,CC006,MS-SQL-SERVER,ORACLE-GL,2024-08
TS-00516,EMP-0014,Manager,2024-08-26,40.6,43.39,1761.63,PO-01129,32.8,1423.19,MATCHED,0.0,HR,CC003,MS-SQL-SERVER,ORACLE-GL,2024-08
TS-00517,EMP-0014,Engineer,2024-12-09,33.3,34.78,1158.17,PO-01173,29.3,1019.05,PARTIAL,4.0,Operations,CC003,MS-SQL-SERVER,ORACLE-GL,2024-12
TS-00518,EMP-0040,Coordinator,2024-03-11,24.8,62.64,1553.47,PO-01041,18.2,1140.05,MATCHED,0.0,HR,CC005,MS-SQL-SERVER,ORACLE-GL,2024-03
TS-00519,EMP-0015,Manager,2024-07-29,36.3,99.93,3627.46,PO-01121,41.9,4187.07,MATCHED,0.0,HR,CC003,MS-SQL-SERVER,ORACLE-GL,2024-07
TS-00520,EMP-0029,Manager,2024-03-04,27.7,94.04,2604.91,PO-01109,34.3,3225.57,MATCHED,0.0,Sales,CC004,MS-SQL-SERVER,ORACLE-GL,2024-03
TS-00521,EMP-0023,Coordinator,2024-12-02,30.4,97.41,2961.26,PO-01036,28.5,2776.18,UNMATCHED,1.9,IT,CC003,MS-SQL-SERVER,ORACLE-GL,2024-12
TS-00522,EMP-0019,Manager,2024-01-08,40.5,44.21,1790.51,PO-01007,43.7,1931.98,MATCHED,0.0,HR,CC004,MS-SQL-SERVER,ORACLE-GL,2024-01
TS-00523,EMP-0040,Engineer,2024-12-16,29.6,78.02,2309.39,PO-01113,34.4,2683.89,MATCHED,0.0,HR,CC001,MS-SQL-SERVER,ORACLE-GL,2024-12
TS-00524,EMP-0038,Developer,2024-01-29,26.1,55.92,1459.51,PO-01012,25.7,1437.14,OVER_CLAIMED,0.4,Procurement,CC004,MS-SQL-SERVER,ORACLE-GL,2024-01
TS-00525,EMP-0038,Developer,2024-11-04,44.0,92.12,4053.28,PO-01016,39.0,3592.68,PARTIAL,5.0,Finance,CC001,MS-SQL-SERVER,ORACLE-GL,2024-11
TS-00526,EMP-0008,Developer,2024-10-07,28.6,76.1,2176.46,PO-01035,27.4,2085.14,MATCHED,0.0,Procurement,CC001,MS-SQL-SERVER,ORACLE-GL,2024-10
TS-00527,EMP-0038,Manager,2024-05-20,44.4,94.58,4199.35,PO-01147,50.9,4814.12,MATCHED,0.0,Operations,CC005,MS-SQL-SERVER,ORACLE-GL,2024-05
TS-00528,EMP-0017,Engineer,2024-02-05,31.0,56.15,1740.65,PO-01136,31.9,1791.18,OVER_CLAIMED,-0.9,HR,CC006,MS-SQL-SERVER,ORACLE-GL,2024-02
TS-00529,EMP-0046,Coordinator,2024-01-08,23.5,98.14,2306.29,PO-01081,30.9,3032.53,OVER_CLAIMED,-7.4,HR,CC004,MS-SQL-SERVER,ORACLE-GL,2024-01
TS-00530,EMP-0024,Manager,2024-11-25,42.1,42.49,1788.83,PO-01051,41.5,1763.34,UNMATCHED,0.6,Procurement,CC006,MS-SQL-SERVER,ORACLE-GL,2024-11
TS-00531,EMP-0042,Developer,2024-04-22,26.4,96.03,2535.19,PO-01110,16.9,1622.91,MATCHED,0.0,IT,CC004,MS-SQL-SERVER,ORACLE-GL,2024-04
TS-00532,EMP-0024,Analyst,2024-12-23,21.2,75.2,1594.24,PO-01145,29.5,2218.4,PARTIAL,-8.3,IT,CC001,MS-SQL-SERVER,ORACLE-GL,2024-12
TS-00533,EMP-0037,Manager,2024-08-12,41.8,56.07,2343.73,PO-01163,42.6,2388.58,MATCHED,0.0,Finance,CC006,MS-SQL-SERVER,ORACLE-GL,2024-08
TS-00534,EMP-0011,Engineer,2024-01-29,34.1,117.55,4008.45,PO-01023,39.7,4666.74,PARTIAL,-5.6,Sales,CC004,MS-SQL-SERVER,ORACLE-GL,2024-01
TS-00535,EMP-0028,Manager,2024-09-30,36.3,43.13,1565.62,PO-01120,27.8,1199.01,OVER_CLAIMED,8.5,IT,CC006,MS-SQL-SERVER,ORACLE-GL,2024-09
TS-00536,EMP-0030,Engineer,2024-03-04,36.3,31.94,1159.42,PO-01200,39.3,1255.24,MATCHED,0.0,Procurement,CC006,MS-SQL-SERVER,ORACLE-GL,2024-03
TS-00537,EMP-0025,Analyst,2024-07-08,42.2,63.14,2664.51,PO-01003,38.1,2405.63,PARTIAL,4.1,Operations,CC003,MS-SQL-SERVER,ORACLE-GL,2024-07
TS-00538,EMP-0035,Developer,2024-07-08,23.8,106.28,2529.46,PO-01168,25.5,2710.14,MATCHED,0.0,Procurement,CC002,MS-SQL-SERVER,ORACLE-GL,2024-07
TS-00539,EMP-0037,Consultant,2024-12-09,40.5,112.91,4572.85,PO-01049,48.4,5464.84,OVER_CLAIMED,-7.9,Operations,CC002,MS-SQL-SERVER,ORACLE-GL,2024-12
TS-00540,EMP-0050,Consultant,2024-05-13,24.5,27.49,673.5,PO-01139,26.5,728.49,MATCHED,0.0,HR,CC001,MS-SQL-SERVER,ORACLE-GL,2024-05
TS-00541,EMP-0020,Consultant,2024-05-20,41.8,113.2,4731.76,PO-01109,45.0,5094.0,MATCHED,0.0,HR,CC002,MS-SQL-SERVER,ORACLE-GL,2024-05
TS-00542,EMP-0008,Developer,2024-04-01,39.3,27.59,1084.29,PO-01007,46.9,1293.97,UNMATCHED,-7.6,IT,CC006,MS-SQL-SERVER,ORACLE-GL,2024-04
TS-00543,EMP-0014,Developer,2024-11-25,25.2,29.68,747.94,PO-01152,24.0,712.32,MATCHED,0.0,Finance,CC001,MS-SQL-SERVER,ORACLE-GL,2024-11
TS-00544,EMP-0049,Consultant,2024-03-18,32.7,79.94,2614.04,PO-01031,33.0,2638.02,MATCHED,0.0,IT,CC006,MS-SQL-SERVER,ORACLE-GL,2024-03
TS-00545,EMP-0006,Engineer,2024-09-23,29.0,119.56,3467.24,PO-01093,27.3,3263.99,MATCHED,0.0,IT,CC003,MS-SQL-SERVER,ORACLE-GL,2024-09
TS-00546,EMP-0026,Analyst,2024-08-12,22.8,68.41,1559.75,PO-01091,12.9,882.49,UNMATCHED,9.9,HR,CC003,MS-SQL-SERVER,ORACLE-GL,2024-08
TS-00547,EMP-0006,Coordinator,2024-01-29,30.9,105.54,3261.19,PO-01165,26.9,2839.03,OVER_CLAIMED,4.0,IT,CC004,MS-SQL-SERVER,ORACLE-GL,2024-01
TS-00548,EMP-0003,Consultant,2024-01-08,43.8,51.1,2238.18,PO-01064,46.7,2386.37,MATCHED,0.0,Operations,CC005,MS-SQL-SERVER,ORACLE-GL,2024-01
TS-00549,EMP-0004,Engineer,2024-01-01,23.2,39.8,923.36,PO-01054,27.1,1078.58,MATCHED,0.0,Procurement,CC006,MS-SQL-SERVER,ORACLE-GL,2024-01
TS-00550,EMP-0012,Engineer,2024-05-06,29.3,64.41,1887.21,PO-01039,22.4,1442.78,MATCHED,0.0,Procurement,CC006,MS-SQL-SERVER,ORACLE-GL,2024-05
TS-00551,EMP-0032,Consultant,2024-03-18,29.1,112.87,3284.52,PO-01079,34.8,3927.88,MATCHED,0.0,IT,CC006,MS-SQL-SERVER,ORACLE-GL,2024-03
TS-00552,EMP-0022,Analyst,2024-06-10,42.7,50.19,2143.11,PO-01121,39.1,1962.43,MATCHED,0.0,Finance,CC006,MS-SQL-SERVER,ORACLE-GL,2024-06
TS-00553,EMP-0047,Engineer,2024-03-04,42.8,29.42,1259.18,PO-01044,40.3,1185.63,PARTIAL,2.5,Operations,CC001,MS-SQL-SERVER,ORACLE-GL,2024-03
TS-00554,EMP-0008,Developer,2024-01-01,28.7,46.16,1324.79,PO-01119,27.1,1250.94,MATCHED,0.0,IT,CC005,MS-SQL-SERVER,ORACLE-GL,2024-01
TS-00555,EMP-0031,Developer,2024-07-15,23.4,82.31,1926.05,PO-01066,26.1,2148.29,MATCHED,0.0,Operations,CC003,MS-SQL-SERVER,ORACLE-GL,2024-07
TS-00556,EMP-0031,Developer,2024-10-21,33.5,115.91,3882.98,PO-01192,36.9,4277.08,MATCHED,0.0,Sales,CC002,MS-SQL-SERVER,ORACLE-GL,2024-10
TS-00557,EMP-0043,Analyst,2024-02-26,25.5,37.33,951.91,PO-01191,34.3,1280.42,MATCHED,0.0,Finance,CC006,MS-SQL-SERVER,ORACLE-GL,2024-02
TS-00558,EMP-0012,Coordinator,2024-06-24,27.1,83.43,2260.95,PO-01169,22.1,1843.8,MATCHED,0.0,HR,CC003,MS-SQL-SERVER,ORACLE-GL,2024-06
TS-00559,EMP-0018,Consultant,2024-11-11,44.3,88.49,3920.11,PO-01084,44.7,3955.5,PARTIAL,-0.4,IT,CC003,MS-SQL-SERVER,ORACLE-GL,2024-11
TS-00560,EMP-0025,Coordinator,2024-10-21,23.6,94.96,2241.06,PO-01013,30.6,2905.78,OVER_CLAIMED,-7.0,Operations,CC002,MS-SQL-SERVER,ORACLE-GL,2024-10
TS-00561,EMP-0026,Manager,2024-01-01,23.6,28.24,666.46,PO-01003,29.5,833.08,MATCHED,0.0,Sales,CC004,MS-SQL-SERVER,ORACLE-GL,2024-01
TS-00562,EMP-0026,Developer,2024-07-29,41.4,42.84,1773.58,PO-01055,48.8,2090.59,PARTIAL,-7.4,IT,CC005,MS-SQL-SERVER,ORACLE-GL,2024-07
TS-00563,EMP-0022,Manager,2024-04-22,33.6,36.19,1215.98,PO-01048,29.2,1056.75,PARTIAL,4.4,HR,CC003,MS-SQL-SERVER,ORACLE-GL,2024-04
TS-00564,EMP-0043,Manager,2024-12-23,41.8,98.34,4110.61,PO-01196,40.9,4022.11,MATCHED,0.0,Sales,CC003,MS-SQL-SERVER,ORACLE-GL,2024-12
TS-00565,EMP-0009,Analyst,2024-01-29,39.5,65.52,2588.04,PO-01059,30.0,1965.6,PARTIAL,9.5,IT,CC001,MS-SQL-SERVER,ORACLE-GL,2024-01
TS-00566,EMP-0029,Developer,2024-02-19,33.8,53.09,1794.44,PO-01142,41.3,2192.62,MATCHED,0.0,Finance,CC005,MS-SQL-SERVER,ORACLE-GL,2024-02
TS-00567,EMP-0010,Coordinator,2024-03-18,29.9,114.42,3421.16,PO-01057,39.9,4565.36,MATCHED,0.0,Finance,CC002,MS-SQL-SERVER,ORACLE-GL,2024-03
TS-00568,EMP-0034,Engineer,2024-11-18,38.6,74.93,2892.3,PO-01013,44.2,3311.91,PARTIAL,-5.6,Sales,CC003,MS-SQL-SERVER,ORACLE-GL,2024-11
TS-00569,EMP-0011,Analyst,2024-08-26,25.8,114.98,2966.48,PO-01175,26.4,3035.47,MATCHED,0.0,Operations,CC006,MS-SQL-SERVER,ORACLE-GL,2024-08
TS-00570,EMP-0010,Engineer,2024-10-07,41.5,46.49,1929.34,PO-01157,50.1,2329.15,OVER_CLAIMED,-8.6,IT,CC002,MS-SQL-SERVER,ORACLE-GL,2024-10
TS-00571,EMP-0034,Developer,2024-04-29,21.2,117.07,2481.88,PO-01122,19.2,2247.74,UNMATCHED,2.0,IT,CC003,MS-SQL-SERVER,ORACLE-GL,2024-04
TS-00572,EMP-0036,Coordinator,2024-02-26,38.0,53.5,2033.0,PO-01080,29.5,1578.25,OVER_CLAIMED,8.5,Operations,CC006,MS-SQL-SERVER,ORACLE-GL,2024-02
TS-00573,EMP-0010,Developer,2024-09-30,34.8,31.35,1090.98,PO-01042,39.9,1250.87,MATCHED,0.0,Operations,CC004,MS-SQL-SERVER,ORACLE-GL,2024-09
TS-00574,EMP-0023,Analyst,2024-12-16,24.0,64.81,1555.44,PO-01058,25.8,1672.1,MATCHED,0.0,HR,CC002,MS-SQL-SERVER,ORACLE-GL,2024-12
TS-00575,EMP-0014,Developer,2024-06-24,23.1,95.27,2200.74,PO-01037,32.0,3048.64,MATCHED,0.0,Procurement,CC003,MS-SQL-SERVER,ORACLE-GL,2024-06
TS-00576,EMP-0007,Coordinator,2024-12-02,28.2,85.49,2410.82,PO-01154,28.6,2445.01,PARTIAL,-0.4,IT,CC002,MS-SQL-SERVER,ORACLE-GL,2024-12
TS-00577,EMP-0030,Consultant,2024-10-21,31.0,103.11,3196.41,PO-01019,31.8,3278.9,PARTIAL,-0.8,Procurement,CC003,MS-SQL-SERVER,ORACLE-GL,2024-10
TS-00578,EMP-0008,Coordinator,2024-04-29,43.7,28.89,1262.49,PO-01120,50.5,1458.94,MATCHED,0.0,IT,CC005,MS-SQL-SERVER,ORACLE-GL,2024-04
TS-00579,EMP-0015,Engineer,2024-03-11,41.9,90.69,3799.91,PO-01027,47.8,4334.98,MATCHED,0.0,Finance,CC006,MS-SQL-SERVER,ORACLE-GL,2024-03
TS-00580,EMP-0032,Coordinator,2024-09-23,44.0,107.18,4715.92,PO-01111,38.8,4158.58,OVER_CLAIMED,5.2,IT,CC001,MS-SQL-SERVER,ORACLE-GL,2024-09
TS-00581,EMP-0018,Manager,2024-10-07,22.6,98.14,2217.96,PO-01164,29.4,2885.32,OVER_CLAIMED,-6.8,Sales,CC003,MS-SQL-SERVER,ORACLE-GL,2024-10
TS-00582,EMP-0007,Coordinator,2024-07-01,36.7,48.87,1793.53,PO-01125,33.8,1651.81,MATCHED,0.0,Operations,CC005,MS-SQL-SERVER,ORACLE-GL,2024-07
TS-00583,EMP-0032,Engineer,2024-08-05,25.5,66.21,1688.35,PO-01156,20.8,1377.17,OVER_CLAIMED,4.7,Sales,CC004,MS-SQL-SERVER,ORACLE-GL,2024-08
TS-00584,EMP-0007,Engineer,2024-09-23,33.0,112.9,3725.7,PO-01165,30.7,3466.03,PARTIAL,2.3,Finance,CC005,MS-SQL-SERVER,ORACLE-GL,2024-09
TS-00585,EMP-0046,Engineer,2024-02-12,22.9,97.58,2234.58,PO-01108,20.1,1961.36,OVER_CLAIMED,2.8,IT,CC006,MS-SQL-SERVER,ORACLE-GL,2024-02
TS-00586,EMP-0037,Engineer,2024-11-25,21.0,86.47,1815.87,PO-01010,19.8,1712.11,UNMATCHED,1.2,IT,CC006,MS-SQL-SERVER,ORACLE-GL,2024-11
TS-00587,EMP-0012,Analyst,2024-11-25,39.4,88.56,3489.26,PO-01162,29.9,2647.94,PARTIAL,9.5,HR,CC001,MS-SQL-SERVER,ORACLE-GL,2024-11
TS-00588,EMP-0023,Coordinator,2024-05-06,43.0,101.18,4350.74,PO-01089,47.6,4816.17,MATCHED,0.0,HR,CC002,MS-SQL-SERVER,ORACLE-GL,2024-05
TS-00589,EMP-0017,Consultant,2024-04-29,31.2,29.54,921.65,PO-01054,30.4,898.02,OVER_CLAIMED,0.8,Sales,CC005,MS-SQL-SERVER,ORACLE-GL,2024-04
TS-00590,EMP-0032,Analyst,2024-10-14,28.0,63.13,1767.64,PO-01086,25.0,1578.25,MATCHED,0.0,HR,CC005,MS-SQL-SERVER,ORACLE-GL,2024-10
TS-00591,EMP-0007,Coordinator,2024-08-26,38.5,104.44,4020.94,PO-01024,33.1,3456.96,MATCHED,0.0,Procurement,CC004,MS-SQL-SERVER,ORACLE-GL,2024-08
TS-00592,EMP-0017,Coordinator,2024-05-20,35.5,85.75,3044.12,PO-01125,40.6,3481.45,MATCHED,0.0,HR,CC003,MS-SQL-SERVER,ORACLE-GL,2024-05
TS-00593,EMP-0021,Analyst,2024-12-23,30.9,59.34,1833.61,PO-01029,24.1,1430.09,MATCHED,0.0,Operations,CC005,MS-SQL-SERVER,ORACLE-GL,2024-12
TS-00594,EMP-0035,Consultant,2024-05-13,42.7,91.52,3907.9,PO-01102,43.9,4017.73,PARTIAL,-1.2,Sales,CC006,MS-SQL-SERVER,ORACLE-GL,2024-05
TS-00595,EMP-0026,Manager,2024-01-29,25.0,33.6,840.0,PO-01038,27.0,907.2,OVER_CLAIMED,-2.0,Procurement,CC003,MS-SQL-SERVER,ORACLE-GL,2024-01
TS-00596,EMP-0019,Engineer,2024-08-26,28.8,37.64,1084.03,PO-01146,26.5,997.46,OVER_CLAIMED,2.3,Finance,CC003,MS-SQL-SERVER,ORACLE-GL,2024-08
TS-00597,EMP-0018,Analyst,2024-04-08,31.1,28.87,897.86,PO-01127,32.1,926.73,OVER_CLAIMED,-1.0,Operations,CC006,MS-SQL-SERVER,ORACLE-GL,2024-04
TS-00598,EMP-0010,Analyst,2024-04-08,26.1,46.45,1212.35,PO-01076,29.1,1351.7,MATCHED,0.0,Operations,CC001,MS-SQL-SERVER,ORACLE-GL,2024-04
TS-00599,EMP-0013,Developer,2024-09-30,32.1,66.7,2141.07,PO-01048,33.2,2214.44,PARTIAL,-1.1,Sales,CC005,MS-SQL-SERVER,ORACLE-GL,2024-09
TS-00600,EMP-0017,Coordinator,2024-06-24,35.7,109.42,3906.29,PO-01094,45.3,4956.73,OVER_CLAIMED,-9.6,HR,CC004,MS-SQL-SERVER,ORACLE-GL,2024-06
TS-00601,EMP-0023,Analyst,2024-06-10,29.1,112.92,3285.97,PO-01178,23.8,2687.5,PARTIAL,5.3,Operations,CC003,MS-SQL-SERVER,ORACLE-GL,2024-06
TS-00602,EMP-0046,Developer,2024-11-04,26.2,76.14,1994.87,PO-01138,18.8,1431.43,PARTIAL,7.4,HR,CC001,MS-SQL-SERVER,ORACLE-GL,2024-11
TS-00603,EMP-0042,Engineer,2024-12-23,40.7,46.64,1898.25,PO-01058,37.7,1758.33,OVER_CLAIMED,3.0,IT,CC003,MS-SQL-SERVER,ORACLE-GL,2024-12
TS-00604,EMP-0028,Analyst,2024-09-09,40.9,68.72,2810.65,PO-01044,39.7,2728.18,PARTIAL,1.2,Finance,CC005,MS-SQL-SERVER,ORACLE-GL,2024-09
TS-00605,EMP-0010,Analyst,2024-07-15,34.0,30.47,1035.98,PO-01175,31.0,944.57,OVER_CLAIMED,3.0,HR,CC001,MS-SQL-SERVER,ORACLE-GL,2024-07
TS-00606,EMP-0046,Engineer,2024-11-18,26.9,48.94,1316.49,PO-01126,34.8,1703.11,MATCHED,0.0,IT,CC006,MS-SQL-SERVER,ORACLE-GL,2024-11
TS-00607,EMP-0020,Engineer,2024-12-02,43.6,118.69,5174.88,PO-01179,37.9,4498.35,UNMATCHED,5.7,Procurement,CC003,MS-SQL-SERVER,ORACLE-GL,2024-12
TS-00608,EMP-0010,Engineer,2024-05-27,25.8,100.85,2601.93,PO-01175,26.0,2622.1,UNMATCHED,-0.2,Sales,CC003,MS-SQL-SERVER,ORACLE-GL,2024-05
TS-00609,EMP-0008,Analyst,2024-01-01,44.3,30.03,1330.33,PO-01158,49.4,1483.48,PARTIAL,-5.1,Finance,CC005,MS-SQL-SERVER,ORACLE-GL,2024-01
TS-00610,EMP-0050,Consultant,2024-07-01,38.3,94.59,3622.8,PO-01047,33.3,3149.85,PARTIAL,5.0,Finance,CC006,MS-SQL-SERVER,ORACLE-GL,2024-07
TS-00611,EMP-0037,Coordinator,2024-08-05,38.2,56.52,2159.06,PO-01176,30.1,1701.25,UNMATCHED,8.1,IT,CC004,MS-SQL-SERVER,ORACLE-GL,2024-08
TS-00612,EMP-0020,Manager,2024-06-17,37.4,38.16,1427.18,PO-01046,34.3,1308.89,MATCHED,0.0,Procurement,CC004,MS-SQL-SERVER,ORACLE-GL,2024-06
TS-00613,EMP-0023,Coordinator,2024-04-22,32.5,42.53,1382.23,PO-01163,30.5,1297.16,MATCHED,0.0,Finance,CC003,MS-SQL-SERVER,ORACLE-GL,2024-04
TS-00614,EMP-0004,Engineer,2024-07-15,38.8,74.77,2901.08,PO-01016,29.2,2183.28,PARTIAL,9.6,Procurement,CC003,MS-SQL-SERVER,ORACLE-GL,2024-07
TS-00615,EMP-0021,Developer,2024-02-12,24.2,116.54,2820.27,PO-01079,24.8,2890.19,MATCHED,0.0,Finance,CC005,MS-SQL-SERVER,ORACLE-GL,2024-02
TS-00616,EMP-0040,Developer,2024-09-09,29.4,31.59,928.75,PO-01047,22.8,720.25,OVER_CLAIMED,6.6,Sales,CC002,MS-SQL-SERVER,ORACLE-GL,2024-09
TS-00617,EMP-0037,Consultant,2024-06-03,22.4,89.9,2013.76,PO-01113,15.5,1393.45,MATCHED,0.0,Procurement,CC002,MS-SQL-SERVER,ORACLE-GL,2024-06
TS-00618,EMP-0035,Analyst,2024-08-12,23.7,102.8,2436.36,PO-01080,14.3,1470.04,MATCHED,0.0,HR,CC001,MS-SQL-SERVER,ORACLE-GL,2024-08
TS-00619,EMP-0032,Consultant,2024-06-03,37.1,81.06,3007.33,PO-01155,30.4,2464.22,MATCHED,0.0,Operations,CC005,MS-SQL-SERVER,ORACLE-GL,2024-06
TS-00620,EMP-0029,Analyst,2024-05-27,43.4,113.22,4913.75,PO-01172,44.4,5026.97,UNMATCHED,-1.0,Sales,CC001,MS-SQL-SERVER,ORACLE-GL,2024-05
TS-00621,EMP-0013,Developer,2024-05-27,26.2,38.43,1006.87,PO-01011,35.4,1360.42,UNMATCHED,-9.2,HR,CC001,MS-SQL-SERVER,ORACLE-GL,2024-05
TS-00622,EMP-0007,Engineer,2024-07-29,40.3,111.42,4490.23,PO-01024,44.5,4958.19,PARTIAL,-4.2,Procurement,CC006,MS-SQL-SERVER,ORACLE-GL,2024-07
TS-00623,EMP-0026,Engineer,2024-05-20,42.8,78.48,3358.94,PO-01165,46.8,3672.86,PARTIAL,-4.0,Operations,CC003,MS-SQL-SERVER,ORACLE-GL,2024-05
TS-00624,EMP-0028,Developer,2024-05-20,23.4,97.53,2282.2,PO-01112,19.3,1882.33,OVER_CLAIMED,4.1,IT,CC001,MS-SQL-SERVER,ORACLE-GL,2024-05
TS-00625,EMP-0025,Manager,2024-08-05,20.6,34.91,719.15,PO-01128,21.8,761.04,PARTIAL,-1.2,HR,CC006,MS-SQL-SERVER,ORACLE-GL,2024-08
TS-00626,EMP-0020,Engineer,2024-11-04,21.4,103.97,2224.96,PO-01192,15.2,1580.34,MATCHED,0.0,Sales,CC005,MS-SQL-SERVER,ORACLE-GL,2024-11
TS-00627,EMP-0020,Developer,2024-03-18,36.0,95.23,3428.28,PO-01049,36.7,3494.94,MATCHED,0.0,HR,CC005,MS-SQL-SERVER,ORACLE-GL,2024-03
TS-00628,EMP-0034,Consultant,2024-01-22,40.6,90.0,3654.0,PO-01131,39.3,3537.0,PARTIAL,1.3,HR,CC006,MS-SQL-SERVER,ORACLE-GL,2024-01
TS-00629,EMP-0015,Coordinator,2024-11-04,21.1,45.38,957.52,PO-01082,20.2,916.68,MATCHED,0.0,Finance,CC006,MS-SQL-SERVER,ORACLE-GL,2024-11
TS-00630,EMP-0025,Consultant,2024-04-01,32.4,79.26,2568.02,PO-01177,34.7,2750.32,MATCHED,0.0,Finance,CC003,MS-SQL-SERVER,ORACLE-GL,2024-04
TS-00631,EMP-0012,Developer,2024-01-01,42.6,87.66,3734.32,PO-01059,50.9,4461.89,MATCHED,0.0,HR,CC004,MS-SQL-SERVER,ORACLE-GL,2024-01
TS-00632,EMP-0028,Coordinator,2024-01-15,23.9,81.88,1956.93,PO-01147,26.3,2153.44,MATCHED,0.0,Procurement,CC006,MS-SQL-SERVER,ORACLE-GL,2024-01
TS-00633,EMP-0027,Coordinator,2024-05-13,25.1,108.47,2722.6,PO-01003,29.8,3232.41,MATCHED,0.0,IT,CC004,MS-SQL-SERVER,ORACLE-GL,2024-05
TS-00634,EMP-0017,Engineer,2024-06-17,27.0,110.6,2986.2,PO-01003,33.3,3682.98,UNMATCHED,-6.3,Procurement,CC006,MS-SQL-SERVER,ORACLE-GL,2024-06
TS-00635,EMP-0015,Analyst,2024-06-24,21.0,97.88,2055.48,PO-01164,13.6,1331.17,OVER_CLAIMED,7.4,Finance,CC001,MS-SQL-SERVER,ORACLE-GL,2024-06
TS-00636,EMP-0011,Coordinator,2024-03-11,42.6,71.41,3042.07,PO-01066,36.3,2592.18,MATCHED,0.0,Procurement,CC006,MS-SQL-SERVER,ORACLE-GL,2024-03
TS-00637,EMP-0017,Analyst,2024-11-04,30.0,75.94,2278.2,PO-01195,25.7,1951.66,PARTIAL,4.3,Finance,CC004,MS-SQL-SERVER,ORACLE-GL,2024-11
TS-00638,EMP-0034,Analyst,2024-03-25,43.8,77.7,3403.26,PO-01121,43.8,3403.26,MATCHED,0.0,IT,CC001,MS-SQL-SERVER,ORACLE-GL,2024-03
TS-00639,EMP-0005,Consultant,2024-02-19,25.7,104.14,2676.4,PO-01112,19.4,2020.32,OVER_CLAIMED,6.3,Sales,CC003,MS-SQL-SERVER,ORACLE-GL,2024-02
TS-00640,EMP-0033,Consultant,2024-07-15,38.5,66.99,2579.11,PO-01197,43.9,2940.86,OVER_CLAIMED,-5.4,Operations,CC006,MS-SQL-SERVER,ORACLE-GL,2024-07
TS-00641,EMP-0012,Manager,2024-05-20,21.1,26.35,555.99,PO-01119,14.2,374.17,MATCHED,0.0,Operations,CC006,MS-SQL-SERVER,ORACLE-GL,2024-05
TS-00642,EMP-0015,Consultant,2024-01-22,29.8,39.54,1178.29,PO-01161,25.6,1012.22,MATCHED,0.0,Operations,CC003,MS-SQL-SERVER,ORACLE-GL,2024-01
TS-00643,EMP-0039,Engineer,2024-10-21,38.0,27.4,1041.2,PO-01074,36.8,1008.32,MATCHED,0.0,Sales,CC002,MS-SQL-SERVER,ORACLE-GL,2024-10
TS-00644,EMP-0027,Engineer,2024-03-04,33.7,55.17,1859.23,PO-01137,25.9,1428.9,MATCHED,0.0,Finance,CC005,MS-SQL-SERVER,ORACLE-GL,2024-03
TS-00645,EMP-0007,Coordinator,2024-11-18,24.2,113.62,2749.6,PO-01060,21.6,2454.19,MATCHED,0.0,Finance,CC004,MS-SQL-SERVER,ORACLE-GL,2024-11
TS-00646,EMP-0015,Coordinator,2024-01-01,34.1,102.3,3488.43,PO-01010,39.5,4040.85,MATCHED,0.0,Sales,CC005,MS-SQL-SERVER,ORACLE-GL,2024-01
TS-00647,EMP-0042,Developer,2024-01-29,20.5,103.28,2117.24,PO-01073,20.0,2065.6,PARTIAL,0.5,Procurement,CC005,MS-SQL-SERVER,ORACLE-GL,2024-01
TS-00648,EMP-0017,Manager,2024-06-17,31.2,96.07,2997.38,PO-01163,34.9,3352.84,PARTIAL,-3.7,IT,CC004,MS-SQL-SERVER,ORACLE-GL,2024-06
TS-00649,EMP-0041,Coordinator,2024-03-04,31.4,108.55,3408.47,PO-01045,25.9,2811.44,MATCHED,0.0,IT,CC003,MS-SQL-SERVER,ORACLE-GL,2024-03
TS-00650,EMP-0003,Developer,2024-03-11,29.2,26.99,788.11,PO-01106,35.3,952.75,MATCHED,0.0,Procurement,CC005,MS-SQL-SERVER,ORACLE-GL,2024-03
TS-00651,EMP-0026,Developer,2024-04-08,44.7,36.88,1648.54,PO-01107,47.2,1740.74,MATCHED,0.0,IT,CC006,MS-SQL-SERVER,ORACLE-GL,2024-04
TS-00652,EMP-0043,Developer,2024-07-15,31.1,61.9,1925.09,PO-01035,28.4,1757.96,MATCHED,0.0,Procurement,CC005,MS-SQL-SERVER,ORACLE-GL,2024-07
TS-00653,EMP-0043,Engineer,2024-04-01,26.2,92.7,2428.74,PO-01094,27.6,2558.52,OVER_CLAIMED,-1.4,IT,CC005,MS-SQL-SERVER,ORACLE-GL,2024-04
TS-00654,EMP-0010,Developer,2024-12-02,39.8,60.61,2412.28,PO-01028,35.9,2175.9,UNMATCHED,3.9,Sales,CC006,MS-SQL-SERVER,ORACLE-GL,2024-12
TS-00655,EMP-0027,Analyst,2024-07-15,27.5,104.12,2863.3,PO-01052,33.0,3435.96,PARTIAL,-5.5,Operations,CC003,MS-SQL-SERVER,ORACLE-GL,2024-07
TS-00656,EMP-0012,Developer,2024-09-02,42.2,87.67,3699.67,PO-01007,50.9,4462.4,UNMATCHED,-8.7,Procurement,CC002,MS-SQL-SERVER,ORACLE-GL,2024-09
TS-00657,EMP-0037,Consultant,2024-06-17,34.2,41.37,1414.85,PO-01165,43.9,1816.14,OVER_CLAIMED,-9.7,IT,CC005,MS-SQL-SERVER,ORACLE-GL,2024-06
TS-00658,EMP-0048,Consultant,2024-12-16,40.0,39.31,1572.4,PO-01196,36.3,1426.95,MATCHED,0.0,IT,CC003,MS-SQL-SERVER,ORACLE-GL,2024-12
TS-00659,EMP-0044,Analyst,2024-09-30,43.3,83.17,3601.26,PO-01017,48.0,3992.16,MATCHED,0.0,Finance,CC001,MS-SQL-SERVER,ORACLE-GL,2024-09
TS-00660,EMP-0021,Manager,2024-01-01,43.0,107.6,4626.8,PO-01052,39.6,4260.96,MATCHED,0.0,Procurement,CC002,MS-SQL-SERVER,ORACLE-GL,2024-01
TS-00661,EMP-0038,Developer,2024-04-01,27.7,31.27,866.18,PO-01122,30.2,944.35,MATCHED,0.0,HR,CC006,MS-SQL-SERVER,ORACLE-GL,2024-04
TS-00662,EMP-0011,Developer,2024-03-18,27.2,34.64,942.21,PO-01031,28.4,983.78,MATCHED,0.0,Sales,CC005,MS-SQL-SERVER,ORACLE-GL,2024-03
TS-00663,EMP-0045,Consultant,2024-07-01,24.0,77.47,1859.28,PO-01030,23.4,1812.8,MATCHED,0.0,Procurement,CC002,MS-SQL-SERVER,ORACLE-GL,2024-07
TS-00664,EMP-0025,Developer,2024-07-15,22.4,28.74,643.78,PO-01044,30.0,862.2,UNMATCHED,-7.6,Finance,CC005,MS-SQL-SERVER,ORACLE-GL,2024-07
TS-00665,EMP-0012,Developer,2024-11-04,44.7,59.43,2656.52,PO-01006,43.5,2585.2,PARTIAL,1.2,IT,CC006,MS-SQL-SERVER,ORACLE-GL,2024-11
TS-00666,EMP-0005,Consultant,2024-09-09,28.6,57.28,1638.21,PO-01035,20.3,1162.78,MATCHED,0.0,Sales,CC003,MS-SQL-SERVER,ORACLE-GL,2024-09
TS-00667,EMP-0013,Coordinator,2024-10-28,29.8,39.2,1168.16,PO-01083,39.7,1556.24,OVER_CLAIMED,-9.9,HR,CC006,MS-SQL-SERVER,ORACLE-GL,2024-10
TS-00668,EMP-0002,Engineer,2024-12-16,43.7,32.89,1437.29,PO-01152,45.8,1506.36,UNMATCHED,-2.1,IT,CC002,MS-SQL-SERVER,ORACLE-GL,2024-12
TS-00669,EMP-0002,Developer,2024-06-10,41.3,43.24,1785.81,PO-01082,36.9,1595.56,PARTIAL,4.4,Operations,CC001,MS-SQL-SERVER,ORACLE-GL,2024-06
TS-00670,EMP-0022,Analyst,2024-10-14,26.0,54.13,1407.38,PO-01070,25.0,1353.25,UNMATCHED,1.0,Procurement,CC006,MS-SQL-SERVER,ORACLE-GL,2024-10
TS-00671,EMP-0001,Coordinator,2024-07-22,36.5,56.63,2066.99,PO-01147,27.1,1534.67,PARTIAL,9.4,Finance,CC003,MS-SQL-SERVER,ORACLE-GL,2024-07
TS-00672,EMP-0044,Manager,2024-06-17,25.0,69.66,1741.5,PO-01179,22.8,1588.25,OVER_CLAIMED,2.2,IT,CC003,MS-SQL-SERVER,ORACLE-GL,2024-06
TS-00673,EMP-0046,Manager,2024-06-10,40.1,106.09,4254.21,PO-01034,45.8,4858.92,UNMATCHED,-5.7,HR,CC006,MS-SQL-SERVER,ORACLE-GL,2024-06
TS-00674,EMP-0043,Analyst,2024-04-22,33.8,71.44,2414.67,PO-01171,29.1,2078.9,UNMATCHED,4.7,HR,CC005,MS-SQL-SERVER,ORACLE-GL,2024-04
TS-00675,EMP-0005,Consultant,2024-02-19,20.6,37.21,766.53,PO-01096,25.8,960.02,MATCHED,0.0,Finance,CC002,MS-SQL-SERVER,ORACLE-GL,2024-02
TS-00676,EMP-0047,Analyst,2024-09-09,40.0,98.99,3959.6,PO-01189,47.3,4682.23,MATCHED,0.0,HR,CC005,MS-SQL-SERVER,ORACLE-GL,2024-09
TS-00677,EMP-0041,Manager,2024-01-29,23.9,84.48,2019.07,PO-01171,31.3,2644.22,UNMATCHED,-7.4,Finance,CC005,MS-SQL-SERVER,ORACLE-GL,2024-01
TS-00678,EMP-0012,Analyst,2024-02-19,21.4,38.18,817.05,PO-01184,29.8,1137.76,MATCHED,0.0,Finance,CC001,MS-SQL-SERVER,ORACLE-GL,2024-02
TS-00679,EMP-0025,Manager,2024-07-08,39.8,47.14,1876.17,PO-01161,30.8,1451.91,MATCHED,0.0,Sales,CC002,MS-SQL-SERVER,ORACLE-GL,2024-07
TS-00680,EMP-0012,Developer,2024-07-29,40.4,92.28,3728.11,PO-01074,40.3,3718.88,OVER_CLAIMED,0.1,Procurement,CC006,MS-SQL-SERVER,ORACLE-GL,2024-07
TS-00681,EMP-0006,Consultant,2024-09-16,41.6,30.82,1282.11,PO-01051,35.3,1087.95,MATCHED,0.0,HR,CC002,MS-SQL-SERVER,ORACLE-GL,2024-09
TS-00682,EMP-0013,Consultant,2024-08-26,34.4,42.99,1478.86,PO-01083,26.9,1156.43,MATCHED,0.0,Operations,CC002,MS-SQL-SERVER,ORACLE-GL,2024-08
TS-00683,EMP-0041,Manager,2024-06-24,35.9,81.27,2917.59,PO-01056,37.9,3080.13,PARTIAL,-2.0,IT,CC003,MS-SQL-SERVER,ORACLE-GL,2024-06
TS-00684,EMP-0017,Manager,2024-06-03,38.4,75.4,2895.36,PO-01194,41.5,3129.1,OVER_CLAIMED,-3.1,Operations,CC001,MS-SQL-SERVER,ORACLE-GL,2024-06
TS-00685,EMP-0049,Developer,2024-01-22,21.6,57.7,1246.32,PO-01021,26.3,1517.51,PARTIAL,-4.7,Procurement,CC006,MS-SQL-SERVER,ORACLE-GL,2024-01
TS-00686,EMP-0050,Manager,2024-07-15,20.3,95.71,1942.91,PO-01179,12.1,1158.09,PARTIAL,8.2,Procurement,CC005,MS-SQL-SERVER,ORACLE-GL,2024-07
TS-00687,EMP-0029,Manager,2024-10-28,44.0,79.07,3479.08,PO-01191,48.5,3834.89,MATCHED,0.0,IT,CC003,MS-SQL-SERVER,ORACLE-GL,2024-10
TS-00688,EMP-0013,Consultant,2024-08-05,27.5,71.46,1965.15,PO-01151,28.4,2029.46,OVER_CLAIMED,-0.9,Operations,CC001,MS-SQL-SERVER,ORACLE-GL,2024-08
TS-00689,EMP-0030,Developer,2024-11-04,28.8,69.17,1992.1,PO-01116,28.0,1936.76,UNMATCHED,0.8,Operations,CC002,MS-SQL-SERVER,ORACLE-GL,2024-11
TS-00690,EMP-0021,Developer,2024-11-25,38.8,64.86,2516.57,PO-01162,29.3,1900.4,MATCHED,0.0,Operations,CC004,MS-SQL-SERVER,ORACLE-GL,2024-11
TS-00691,EMP-0010,Engineer,2024-06-10,20.3,100.18,2033.65,PO-01048,23.5,2354.23,MATCHED,0.0,Operations,CC001,MS-SQL-SERVER,ORACLE-GL,2024-06
TS-00692,EMP-0032,Developer,2024-01-08,29.8,39.24,1169.35,PO-01041,26.5,1039.86,MATCHED,0.0,HR,CC005,MS-SQL-SERVER,ORACLE-GL,2024-01
TS-00693,EMP-0028,Consultant,2024-04-29,25.7,71.22,1830.35,PO-01125,30.2,2150.84,UNMATCHED,-4.5,Procurement,CC001,MS-SQL-SERVER,ORACLE-GL,2024-04
TS-00694,EMP-0039,Manager,2024-06-03,44.0,31.36,1379.84,PO-01037,40.5,1270.08,UNMATCHED,3.5,Operations,CC005,MS-SQL-SERVER,ORACLE-GL,2024-06
TS-00695,EMP-0041,Consultant,2024-08-05,40.1,64.55,2588.45,PO-01087,30.4,1962.32,MATCHED,0.0,Procurement,CC003,MS-SQL-SERVER,ORACLE-GL,2024-08
TS-00696,EMP-0019,Manager,2024-10-28,35.5,83.1,2950.05,PO-01186,37.5,3116.25,PARTIAL,-2.0,HR,CC006,MS-SQL-SERVER,ORACLE-GL,2024-10
TS-00697,EMP-0024,Developer,2024-02-26,29.2,117.19,3421.95,PO-01064,20.5,2402.39,UNMATCHED,8.7,Operations,CC003,MS-SQL-SERVER,ORACLE-GL,2024-02
TS-00698,EMP-0018,Engineer,2024-11-04,25.8,107.83,2782.01,PO-01088,22.1,2383.04,UNMATCHED,3.7,Sales,CC003,MS-SQL-SERVER,ORACLE-GL,2024-11
TS-00699,EMP-0037,Consultant,2024-11-04,24.9,37.08,923.29,PO-01182,21.3,789.8,OVER_CLAIMED,3.6,Sales,CC005,MS-SQL-SERVER,ORACLE-GL,2024-11
TS-00700,EMP-0021,Engineer,2024-04-15,40.3,48.66,1961.0,PO-01025,41.6,2024.26,MATCHED,0.0,IT,CC002,MS-SQL-SERVER,ORACLE-GL,2024-04
TS-00701,EMP-0018,Analyst,2024-09-30,28.0,75.28,2107.84,PO-01116,27.3,2055.14,OVER_CLAIMED,0.7,IT,CC002,MS-SQL-SERVER,ORACLE-GL,2024-09
TS-00702,EMP-0031,Consultant,2024-12-16,39.2,92.63,3631.1,PO-01058,36.5,3380.99,MATCHED,0.0,Procurement,CC001,MS-SQL-SERVER,ORACLE-GL,2024-12
TS-00703,EMP-0021,Developer,2024-05-20,28.9,83.96,2426.44,PO-01081,30.1,2527.2,MATCHED,0.0,Sales,CC005,MS-SQL-SERVER,ORACLE-GL,2024-05
TS-00704,EMP-0039,Analyst,2024-03-25,40.6,86.35,3505.81,PO-01076,49.8,4300.23,PARTIAL,-9.2,Procurement,CC001,MS-SQL-SERVER,ORACLE-GL,2024-03
TS-00705,EMP-0025,Developer,2024-11-25,42.1,74.73,3146.13,PO-01180,42.2,3153.61,MATCHED,0.0,Finance,CC003,MS-SQL-SERVER,ORACLE-GL,2024-11
TS-00706,EMP-0049,Developer,2024-04-22,25.1,53.13,1333.56,PO-01021,15.7,834.14,OVER_CLAIMED,9.4,HR,CC004,MS-SQL-SERVER,ORACLE-GL,2024-04
TS-00707,EMP-0011,Engineer,2024-12-09,42.7,39.02,1666.15,PO-01114,45.2,1763.7,PARTIAL,-2.5,HR,CC001,MS-SQL-SERVER,ORACLE-GL,2024-12
TS-00708,EMP-0011,Engineer,2024-04-29,31.4,43.79,1375.01,PO-01033,33.5,1466.96,MATCHED,0.0,HR,CC001,MS-SQL-SERVER,ORACLE-GL,2024-04
TS-00709,EMP-0021,Coordinator,2024-02-19,21.3,56.02,1193.23,PO-01097,20.8,1165.22,MATCHED,0.0,Sales,CC001,MS-SQL-SERVER,ORACLE-GL,2024-02
TS-00710,EMP-0049,Analyst,2024-10-07,30.9,55.77,1723.29,PO-01165,24.5,1366.37,PARTIAL,6.4,HR,CC003,MS-SQL-SERVER,ORACLE-GL,2024-10
TS-00711,EMP-0046,Coordinator,2024-09-09,38.9,28.74,1117.99,PO-01034,39.1,1123.73,OVER_CLAIMED,-0.2,IT,CC001,MS-SQL-SERVER,ORACLE-GL,2024-09
TS-00712,EMP-0016,Analyst,2024-01-29,23.5,34.71,815.69,PO-01194,16.8,583.13,OVER_CLAIMED,6.7,HR,CC003,MS-SQL-SERVER,ORACLE-GL,2024-01
TS-00713,EMP-0035,Analyst,2024-05-27,22.0,57.64,1268.08,PO-01135,13.4,772.38,UNMATCHED,8.6,IT,CC006,MS-SQL-SERVER,ORACLE-GL,2024-05
TS-00714,EMP-0029,Consultant,2024-12-16,29.9,39.72,1187.63,PO-01030,36.4,1445.81,MATCHED,0.0,HR,CC002,MS-SQL-SERVER,ORACLE-GL,2024-12
TS-00715,EMP-0045,Consultant,2024-04-15,21.4,89.93,1924.5,PO-01123,11.9,1070.17,OVER_CLAIMED,9.5,Finance,CC001,MS-SQL-SERVER,ORACLE-GL,2024-04
TS-00716,EMP-0033,Manager,2024-04-08,39.0,115.25,4494.75,PO-01083,48.1,5543.53,MATCHED,0.0,IT,CC006,MS-SQL-SERVER,ORACLE-GL,2024-04
TS-00717,EMP-0043,Coordinator,2024-10-21,29.9,73.47,2196.75,PO-01179,25.7,1888.18,MATCHED,0.0,IT,CC005,MS-SQL-SERVER,ORACLE-GL,2024-10
TS-00718,EMP-0032,Analyst,2024-01-29,21.0,81.02,1701.42,PO-01090,15.2,1231.5,PARTIAL,5.8,Procurement,CC001,MS-SQL-SERVER,ORACLE-GL,2024-01
TS-00719,EMP-0014,Consultant,2024-09-16,42.0,73.37,3081.54,PO-01138,48.6,3565.78,UNMATCHED,-6.6,Finance,CC006,MS-SQL-SERVER,ORACLE-GL,2024-09
TS-00720,EMP-0011,Consultant,2024-11-25,35.6,50.24,1788.54,PO-01194,33.1,1662.94,UNMATCHED,2.5,Sales,CC003,MS-SQL-SERVER,ORACLE-GL,2024-11
TS-00721,EMP-0019,Developer,2024-05-27,24.9,110.3,2746.47,PO-01008,22.8,2514.84,OVER_CLAIMED,2.1,IT,CC005,MS-SQL-SERVER,ORACLE-GL,2024-05
TS-00722,EMP-0003,Developer,2024-10-14,36.8,98.15,3611.92,PO-01028,30.9,3032.84,MATCHED,0.0,Procurement,CC002,MS-SQL-SERVER,ORACLE-GL,2024-10
TS-00723,EMP-0044,Consultant,2024-03-25,39.0,94.89,3700.71,PO-01152,35.0,3321.15,OVER_CLAIMED,4.0,HR,CC003,MS-SQL-SERVER,ORACLE-GL,2024-03
TS-00724,EMP-0014,Engineer,2024-07-22,21.4,84.48,1807.87,PO-01007,22.7,1917.7,MATCHED,0.0,HR,CC001,MS-SQL-SERVER,ORACLE-GL,2024-07
TS-00725,EMP-0025,Coordinator,2024-04-01,40.7,106.73,4343.91,PO-01084,34.8,3714.2,OVER_CLAIMED,5.9,IT,CC004,MS-SQL-SERVER,ORACLE-GL,2024-04
TS-00726,EMP-0019,Coordinator,2024-09-23,38.8,112.48,4364.22,PO-01064,38.4,4319.23,PARTIAL,0.4,Finance,CC005,MS-SQL-SERVER,ORACLE-GL,2024-09
TS-00727,EMP-0018,Analyst,2024-02-12,42.1,106.0,4462.6,PO-01078,44.5,4717.0,MATCHED,0.0,IT,CC004,MS-SQL-SERVER,ORACLE-GL,2024-02
TS-00728,EMP-0042,Consultant,2024-11-18,34.2,40.15,1373.13,PO-01109,25.3,1015.79,MATCHED,0.0,Procurement,CC003,MS-SQL-SERVER,ORACLE-GL,2024-11
TS-00729,EMP-0008,Manager,2024-01-29,27.0,87.09,2351.43,PO-01037,22.9,1994.36,MATCHED,0.0,HR,CC004,MS-SQL-SERVER,ORACLE-GL,2024-01
TS-00730,EMP-0002,Developer,2024-12-23,42.9,36.43,1562.85,PO-01045,45.6,1661.21,OVER_CLAIMED,-2.7,Finance,CC001,MS-SQL-SERVER,ORACLE-GL,2024-12
TS-00731,EMP-0036,Manager,2024-02-05,38.1,68.25,2600.33,PO-01070,45.8,3125.85,OVER_CLAIMED,-7.7,Finance,CC006,MS-SQL-SERVER,ORACLE-GL,2024-02
TS-00732,EMP-0026,Coordinator,2024-09-09,32.0,94.49,3023.68,PO-01097,25.1,2371.7,MATCHED,0.0,Finance,CC001,MS-SQL-SERVER,ORACLE-GL,2024-09
TS-00733,EMP-0037,Analyst,2024-08-05,30.8,69.24,2132.59,PO-01169,24.3,1682.53,MATCHED,0.0,Finance,CC003,MS-SQL-SERVER,ORACLE-GL,2024-08
TS-00734,EMP-0043,Manager,2024-11-11,27.0,70.52,1904.04,PO-01049,33.0,2327.16,MATCHED,0.0,Operations,CC006,MS-SQL-SERVER,ORACLE-GL,2024-11
TS-00735,EMP-0028,Engineer,2024-07-15,40.3,119.6,4819.88,PO-01180,31.2,3731.52,PARTIAL,9.1,IT,CC002,MS-SQL-SERVER,ORACLE-GL,2024-07
TS-00736,EMP-0024,Developer,2024-11-11,41.2,29.49,1214.99,PO-01121,38.5,1135.37,PARTIAL,2.7,Sales,CC002,MS-SQL-SERVER,ORACLE-GL,2024-11
TS-00737,EMP-0021,Coordinator,2024-06-10,36.5,60.27,2199.86,PO-01164,37.5,2260.12,MATCHED,0.0,HR,CC004,MS-SQL-SERVER,ORACLE-GL,2024-06
TS-00738,EMP-0010,Coordinator,2024-03-18,34.5,60.35,2082.08,PO-01193,44.2,2667.47,MATCHED,0.0,IT,CC006,MS-SQL-SERVER,ORACLE-GL,2024-03
TS-00739,EMP-0009,Manager,2024-08-26,30.2,116.33,3513.17,PO-01092,21.9,2547.63,MATCHED,0.0,Procurement,CC004,MS-SQL-SERVER,ORACLE-GL,2024-08
TS-00740,EMP-0022,Engineer,2024-07-15,38.8,106.87,4146.56,PO-01161,32.1,3430.53,MATCHED,0.0,Operations,CC005,MS-SQL-SERVER,ORACLE-GL,2024-07
TS-00741,EMP-0009,Consultant,2024-05-27,33.5,104.04,3485.34,PO-01178,26.7,2777.87,PARTIAL,6.8,IT,CC001,MS-SQL-SERVER,ORACLE-GL,2024-05
TS-00742,EMP-0007,Engineer,2024-07-01,42.0,119.1,5002.2,PO-01002,42.9,5109.39,PARTIAL,-0.9,HR,CC005,MS-SQL-SERVER,ORACLE-GL,2024-07
TS-00743,EMP-0032,Analyst,2024-10-21,43.6,95.27,4153.77,PO-01084,47.3,4506.27,MATCHED,0.0,Procurement,CC003,MS-SQL-SERVER,ORACLE-GL,2024-10
TS-00744,EMP-0037,Manager,2024-09-02,43.4,74.7,3241.98,PO-01192,49.8,3720.06,MATCHED,0.0,IT,CC006,MS-SQL-SERVER,ORACLE-GL,2024-09
TS-00745,EMP-0045,Consultant,2024-12-02,44.7,46.45,2076.32,PO-01184,47.6,2211.02,MATCHED,0.0,Finance,CC005,MS-SQL-SERVER,ORACLE-GL,2024-12
TS-00746,EMP-0016,Developer,2024-12-23,22.7,38.71,878.72,PO-01078,14.1,545.81,MATCHED,0.0,Operations,CC005,MS-SQL-SERVER,ORACLE-GL,2024-12
TS-00747,EMP-0019,Analyst,2024-10-07,22.4,102.38,2293.31,PO-01054,12.9,1320.7,MATCHED,0.0,Operations,CC006,MS-SQL-SERVER,ORACLE-GL,2024-10
TS-00748,EMP-0043,Developer,2024-01-29,21.7,68.0,1475.6,PO-01003,14.1,958.8,MATCHED,0.0,Procurement,CC005,MS-SQL-SERVER,ORACLE-GL,2024-01
TS-00749,EMP-0038,Developer,2024-05-13,28.6,60.62,1733.73,PO-01163,24.7,1497.31,PARTIAL,3.9,Sales,CC005,MS-SQL-SERVER,ORACLE-GL,2024-05
TS-00750,EMP-0002,Manager,2024-01-15,37.0,117.82,4359.34,PO-01180,37.0,4359.34,MATCHED,0.0,IT,CC004,MS-SQL-SERVER,ORACLE-GL,2024-01
TS-00751,EMP-0023,Coordinator,2024-12-02,33.5,34.31,1149.38,PO-01126,37.3,1279.76,PARTIAL,-3.8,Finance,CC004,MS-SQL-SERVER,ORACLE-GL,2024-12
TS-00752,EMP-0035,Analyst,2024-01-15,44.1,97.11,4282.55,PO-01022,35.8,3476.54,MATCHED,0.0,Operations,CC006,MS-SQL-SERVER,ORACLE-GL,2024-01
TS-00753,EMP-0016,Engineer,2024-11-11,35.8,33.93,1214.69,PO-01121,33.4,1133.26,MATCHED,0.0,Finance,CC003,MS-SQL-SERVER,ORACLE-GL,2024-11
TS-00754,EMP-0027,Analyst,2024-05-13,33.8,91.88,3105.54,PO-01003,32.8,3013.66,PARTIAL,1.0,Procurement,CC002,MS-SQL-SERVER,ORACLE-GL,2024-05
TS-00755,EMP-0005,Engineer,2024-09-16,41.6,99.18,4125.89,PO-01047,50.3,4988.75,UNMATCHED,-8.7,IT,CC003,MS-SQL-SERVER,ORACLE-GL,2024-09
TS-00756,EMP-0004,Manager,2024-11-04,34.1,101.12,3448.19,PO-01150,34.8,3518.98,OVER_CLAIMED,-0.7,Finance,CC006,MS-SQL-SERVER,ORACLE-GL,2024-11
TS-00757,EMP-0003,Manager,2024-08-19,32.3,110.71,3575.93,PO-01154,28.2,3122.02,MATCHED,0.0,HR,CC004,MS-SQL-SERVER,ORACLE-GL,2024-08
TS-00758,EMP-0032,Consultant,2024-02-19,37.2,117.01,4352.77,PO-01002,28.7,3358.19,UNMATCHED,8.5,IT,CC006,MS-SQL-SERVER,ORACLE-GL,2024-02
TS-00759,EMP-0012,Consultant,2024-12-23,36.3,41.78,1516.61,PO-01088,33.8,1412.16,MATCHED,0.0,Procurement,CC005,MS-SQL-SERVER,ORACLE-GL,2024-12
TS-00760,EMP-0007,Consultant,2024-08-05,25.7,67.24,1728.07,PO-01036,29.7,1997.03,MATCHED,0.0,Operations,CC006,MS-SQL-SERVER,ORACLE-GL,2024-08
TS-00761,EMP-0028,Analyst,2024-09-23,34.1,66.62,2271.74,PO-01182,31.4,2091.87,OVER_CLAIMED,2.7,Sales,CC006,MS-SQL-SERVER,ORACLE-GL,2024-09
TS-00762,EMP-0028,Engineer,2024-06-10,35.9,35.1,1260.09,PO-01180,35.4,1242.54,MATCHED,0.0,IT,CC001,MS-SQL-SERVER,ORACLE-GL,2024-06
TS-00763,EMP-0026,Engineer,2024-01-29,22.2,108.39,2406.26,PO-01063,25.5,2763.95,UNMATCHED,-3.3,Operations,CC001,MS-SQL-SERVER,ORACLE-GL,2024-01
TS-00764,EMP-0043,Engineer,2024-01-08,24.0,79.19,1900.56,PO-01096,27.3,2161.89,UNMATCHED,-3.3,Sales,CC003,MS-SQL-SERVER,ORACLE-GL,2024-01
TS-00765,EMP-0008,Engineer,2024-07-29,21.7,100.05,2171.09,PO-01011,15.4,1540.77,UNMATCHED,6.3,Operations,CC002,MS-SQL-SERVER,ORACLE-GL,2024-07
TS-00766,EMP-0004,Engineer,2024-03-04,27.5,95.93,2638.08,PO-01004,25.3,2427.03,MATCHED,0.0,Finance,CC005,MS-SQL-SERVER,ORACLE-GL,2024-03
TS-00767,EMP-0021,Consultant,2024-10-21,26.6,75.4,2005.64,PO-01123,22.7,1711.58,MATCHED,0.0,Operations,CC002,MS-SQL-SERVER,ORACLE-GL,2024-10
TS-00768,EMP-0036,Coordinator,2024-10-21,31.9,70.48,2248.31,PO-01161,23.9,1684.47,UNMATCHED,8.0,Sales,CC001,MS-SQL-SERVER,ORACLE-GL,2024-10
TS-00769,EMP-0031,Engineer,2024-03-04,36.7,106.5,3908.55,PO-01019,29.6,3152.4,MATCHED,0.0,Sales,CC002,MS-SQL-SERVER,ORACLE-GL,2024-03
TS-00770,EMP-0017,Developer,2024-04-15,35.7,64.28,2294.8,PO-01016,38.2,2455.5,MATCHED,0.0,IT,CC001,MS-SQL-SERVER,ORACLE-GL,2024-04
TS-00771,EMP-0026,Developer,2024-05-20,39.5,27.63,1091.38,PO-01156,42.9,1185.33,MATCHED,0.0,Operations,CC006,MS-SQL-SERVER,ORACLE-GL,2024-05
TS-00772,EMP-0042,Coordinator,2024-02-26,32.0,115.19,3686.08,PO-01041,32.2,3709.12,UNMATCHED,-0.2,Operations,CC005,MS-SQL-SERVER,ORACLE-GL,2024-02
TS-00773,EMP-0027,Analyst,2024-08-19,27.2,98.44,2677.57,PO-01144,25.9,2549.6,MATCHED,0.0,Finance,CC006,MS-SQL-SERVER,ORACLE-GL,2024-08
TS-00774,EMP-0018,Developer,2024-12-09,23.6,85.93,2027.95,PO-01167,21.0,1804.53,UNMATCHED,2.6,HR,CC003,MS-SQL-SERVER,ORACLE-GL,2024-12
TS-00775,EMP-0033,Developer,2024-08-26,35.1,112.34,3943.13,PO-01099,42.2,4740.75,UNMATCHED,-7.1,Procurement,CC005,MS-SQL-SERVER,ORACLE-GL,2024-08
TS-00776,EMP-0009,Developer,2024-11-04,34.0,89.81,3053.54,PO-01087,36.0,3233.16,PARTIAL,-2.0,Finance,CC006,MS-SQL-SERVER,ORACLE-GL,2024-11
TS-00777,EMP-0017,Coordinator,2024-08-05,44.4,75.61,3357.08,PO-01069,46.7,3530.99,MATCHED,0.0,HR,CC003,MS-SQL-SERVER,ORACLE-GL,2024-08
TS-00778,EMP-0037,Consultant,2024-09-23,32.8,54.74,1795.47,PO-01090,40.9,2238.87,MATCHED,0.0,HR,CC002,MS-SQL-SERVER,ORACLE-GL,2024-09
TS-00779,EMP-0043,Coordinator,2024-05-27,32.9,64.1,2108.89,PO-01049,28.2,1807.62,UNMATCHED,4.7,Sales,CC002,MS-SQL-SERVER,ORACLE-GL,2024-05
TS-00780,EMP-0046,Engineer,2024-12-23,39.2,53.03,2078.78,PO-01142,42.9,2274.99,MATCHED,0.0,HR,CC002,MS-SQL-SERVER,ORACLE-GL,2024-12
TS-00781,EMP-0019,Coordinator,2024-12-23,31.6,74.41,2351.36,PO-01064,23.9,1778.4,OVER_CLAIMED,7.7,Operations,CC005,MS-SQL-SERVER,ORACLE-GL,2024-12
TS-00782,EMP-0024,Consultant,2024-12-16,35.8,57.05,2042.39,PO-01101,43.5,2481.67,UNMATCHED,-7.7,IT,CC006,MS-SQL-SERVER,ORACLE-GL,2024-12
TS-00783,EMP-0039,Analyst,2024-04-29,43.3,68.61,2970.81,PO-01065,40.1,2751.26,MATCHED,0.0,Finance,CC004,MS-SQL-SERVER,ORACLE-GL,2024-04
TS-00784,EMP-0032,Developer,2024-09-02,44.6,25.31,1128.83,PO-01141,38.4,971.9,MATCHED,0.0,Sales,CC003,MS-SQL-SERVER,ORACLE-GL,2024-09
TS-00785,EMP-0041,Developer,2024-08-12,34.2,43.92,1502.06,PO-01153,25.2,1106.78,UNMATCHED,9.0,Finance,CC004,MS-SQL-SERVER,ORACLE-GL,2024-08
TS-00786,EMP-0049,Analyst,2024-07-08,29.7,36.35,1079.6,PO-01011,23.3,846.96,MATCHED,0.0,Finance,CC003,MS-SQL-SERVER,ORACLE-GL,2024-07
TS-00787,EMP-0044,Developer,2024-02-12,33.7,50.5,1701.85,PO-01053,39.4,1989.7,OVER_CLAIMED,-5.7,Finance,CC006,MS-SQL-SERVER,ORACLE-GL,2024-02
TS-00788,EMP-0018,Manager,2024-09-09,21.5,35.59,765.19,PO-01111,31.0,1103.29,OVER_CLAIMED,-9.5,Operations,CC002,MS-SQL-SERVER,ORACLE-GL,2024-09
TS-00789,EMP-0023,Consultant,2024-04-08,35.5,79.21,2811.95,PO-01039,30.8,2439.67,PARTIAL,4.7,Finance,CC005,MS-SQL-SERVER,ORACLE-GL,2024-04
TS-00790,EMP-0014,Engineer,2024-09-16,27.9,45.89,1280.33,PO-01158,34.0,1560.26,UNMATCHED,-6.1,Finance,CC002,MS-SQL-SERVER,ORACLE-GL,2024-09
TS-00791,EMP-0008,Analyst,2024-02-05,34.3,83.34,2858.56,PO-01064,43.8,3650.29,UNMATCHED,-9.5,IT,CC002,MS-SQL-SERVER,ORACLE-GL,2024-02
TS-00792,EMP-0018,Analyst,2024-04-15,31.5,40.74,1283.31,PO-01001,25.0,1018.5,MATCHED,0.0,Operations,CC006,MS-SQL-SERVER,ORACLE-GL,2024-04
TS-00793,EMP-0014,Consultant,2024-05-13,30.9,106.79,3299.81,PO-01026,37.9,4047.34,UNMATCHED,-7.0,Finance,CC004,MS-SQL-SERVER,ORACLE-GL,2024-05
TS-00794,EMP-0049,Developer,2024-11-11,31.1,39.29,1221.92,PO-01006,38.9,1528.38,PARTIAL,-7.8,Sales,CC003,MS-SQL-SERVER,ORACLE-GL,2024-11
TS-00795,EMP-0022,Manager,2024-04-01,42.0,71.69,3010.98,PO-01006,47.8,3426.78,PARTIAL,-5.8,IT,CC005,MS-SQL-SERVER,ORACLE-GL,2024-04
TS-00796,EMP-0046,Analyst,2024-09-30,29.7,67.01,1990.2,PO-01154,23.8,1594.84,MATCHED,0.0,Procurement,CC006,MS-SQL-SERVER,ORACLE-GL,2024-09
TS-00797,EMP-0026,Manager,2024-06-17,24.2,63.38,1533.8,PO-01064,18.6,1178.87,MATCHED,0.0,Procurement,CC003,MS-SQL-SERVER,ORACLE-GL,2024-06
TS-00798,EMP-0037,Consultant,2024-04-08,29.5,108.38,3197.21,PO-01166,38.7,4194.31,OVER_CLAIMED,-9.2,Procurement,CC001,MS-SQL-SERVER,ORACLE-GL,2024-04
TS-00799,EMP-0025,Analyst,2024-07-15,37.8,27.08,1023.62,PO-01126,39.2,1061.54,MATCHED,0.0,IT,CC006,MS-SQL-SERVER,ORACLE-GL,2024-07
TS-00800,EMP-0018,Manager,2024-07-15,42.7,33.5,1430.45,PO-01067,37.8,1266.3,MATCHED,0.0,IT,CC002,MS-SQL-SERVER,ORACLE-GL,2024-07
TS-00801,EMP-0013,Analyst,2024-03-11,25.5,80.62,2055.81,PO-01098,25.8,2080.0,PARTIAL,-0.3,HR,CC001,MS-SQL-SERVER,ORACLE-GL,2024-03
TS-00802,EMP-0045,Engineer,2024-12-02,25.7,92.17,2368.77,PO-01013,18.9,1742.01,PARTIAL,6.8,HR,CC001,MS-SQL-SERVER,ORACLE-GL,2024-12
TS-00803,EMP-0018,Consultant,2024-08-19,43.3,68.04,2946.13,PO-01059,39.2,2667.17,UNMATCHED,4.1,IT,CC003,MS-SQL-SERVER,ORACLE-GL,2024-08
TS-00804,EMP-0037,Coordinator,2024-03-11,33.0,47.02,1551.66,PO-01190,24.8,1166.1,MATCHED,0.0,Operations,CC003,MS-SQL-SERVER,ORACLE-GL,2024-03
TS-00805,EMP-0013,Engineer,2024-09-02,31.8,65.21,2073.68,PO-01183,25.2,1643.29,MATCHED,0.0,Finance,CC001,MS-SQL-SERVER,ORACLE-GL,2024-09
TS-00806,EMP-0050,Developer,2024-12-09,22.5,102.64,2309.4,PO-01142,16.1,1652.5,MATCHED,0.0,HR,CC006,MS-SQL-SERVER,ORACLE-GL,2024-12
TS-00807,EMP-0021,Consultant,2024-03-18,23.8,113.55,2702.49,PO-01197,18.7,2123.38,MATCHED,0.0,HR,CC005,MS-SQL-SERVER,ORACLE-GL,2024-03
TS-00808,EMP-0004,Developer,2024-01-08,32.5,110.01,3575.33,PO-01040,30.4,3344.3,MATCHED,0.0,Operations,CC002,MS-SQL-SERVER,ORACLE-GL,2024-01
TS-00809,EMP-0030,Consultant,2024-09-23,40.9,79.52,3252.37,PO-01182,36.5,2902.48,MATCHED,0.0,Finance,CC006,MS-SQL-SERVER,ORACLE-GL,2024-09
TS-00810,EMP-0009,Analyst,2024-04-15,24.1,82.57,1989.94,PO-01074,14.9,1230.29,UNMATCHED,9.2,IT,CC005,MS-SQL-SERVER,ORACLE-GL,2024-04
TS-00811,EMP-0026,Engineer,2024-12-23,32.2,96.65,3112.13,PO-01120,33.2,3208.78,OVER_CLAIMED,-1.0,Procurement,CC005,MS-SQL-SERVER,ORACLE-GL,2024-12
TS-00812,EMP-0049,Manager,2024-06-03,39.7,79.86,3170.44,PO-01135,46.5,3713.49,UNMATCHED,-6.8,IT,CC002,MS-SQL-SERVER,ORACLE-GL,2024-06
TS-00813,EMP-0039,Manager,2024-08-12,41.4,36.99,1531.39,PO-01077,32.1,1187.38,MATCHED,0.0,Finance,CC005,MS-SQL-SERVER,ORACLE-GL,2024-08
TS-00814,EMP-0013,Analyst,2024-07-01,29.6,53.45,1582.12,PO-01056,20.1,1074.35,UNMATCHED,9.5,IT,CC006,MS-SQL-SERVER,ORACLE-GL,2024-07
TS-00815,EMP-0009,Coordinator,2024-12-02,23.7,107.19,2540.4,PO-01078,29.5,3162.11,OVER_CLAIMED,-5.8,IT,CC002,MS-SQL-SERVER,ORACLE-GL,2024-12
TS-00816,EMP-0026,Developer,2024-03-04,20.4,46.57,950.03,PO-01183,19.2,894.14,UNMATCHED,1.2,IT,CC003,MS-SQL-SERVER,ORACLE-GL,2024-03
TS-00817,EMP-0041,Analyst,2024-04-01,31.6,64.5,2038.2,PO-01076,22.6,1457.7,MATCHED,0.0,HR,CC001,MS-SQL-SERVER,ORACLE-GL,2024-04
TS-00818,EMP-0005,Engineer,2024-06-03,31.6,61.72,1950.35,PO-01076,34.7,2141.68,UNMATCHED,-3.1,HR,CC005,MS-SQL-SERVER,ORACLE-GL,2024-06
TS-00819,EMP-0005,Manager,2024-09-02,31.9,113.73,3627.99,PO-01085,39.3,4469.59,UNMATCHED,-7.4,Operations,CC003,MS-SQL-SERVER,ORACLE-GL,2024-09
TS-00820,EMP-0036,Manager,2024-08-12,24.1,119.25,2873.93,PO-01016,17.0,2027.25,OVER_CLAIMED,7.1,Finance,CC005,MS-SQL-SERVER,ORACLE-GL,2024-08
TS-00821,EMP-0040,Developer,2024-04-01,35.8,60.27,2157.67,PO-01089,34.8,2097.4,MATCHED,0.0,Sales,CC003,MS-SQL-SERVER,ORACLE-GL,2024-04
TS-00822,EMP-0049,Developer,2024-05-06,29.2,101.12,2952.7,PO-01111,30.9,3124.61,UNMATCHED,-1.7,Sales,CC001,MS-SQL-SERVER,ORACLE-GL,2024-05
TS-00823,EMP-0010,Developer,2024-10-21,39.5,94.22,3721.69,PO-01085,40.8,3844.18,MATCHED,0.0,Procurement,CC006,MS-SQL-SERVER,ORACLE-GL,2024-10
TS-00824,EMP-0006,Engineer,2024-07-15,38.3,85.34,3268.52,PO-01099,31.2,2662.61,MATCHED,0.0,HR,CC004,MS-SQL-SERVER,ORACLE-GL,2024-07
TS-00825,EMP-0027,Engineer,2024-04-08,21.0,53.78,1129.38,PO-01050,30.1,1618.78,MATCHED,0.0,IT,CC002,MS-SQL-SERVER,ORACLE-GL,2024-04
TS-00826,EMP-0005,Consultant,2024-07-08,33.7,49.24,1659.39,PO-01010,42.0,2068.08,MATCHED,0.0,HR,CC006,MS-SQL-SERVER,ORACLE-GL,2024-07
TS-00827,EMP-0044,Developer,2024-07-29,39.7,45.81,1818.66,PO-01030,48.0,2198.88,MATCHED,0.0,Finance,CC006,MS-SQL-SERVER,ORACLE-GL,2024-07
TS-00828,EMP-0031,Manager,2024-07-22,40.3,57.56,2319.67,PO-01148,44.9,2584.44,MATCHED,0.0,Sales,CC005,MS-SQL-SERVER,ORACLE-GL,2024-07
TS-00829,EMP-0044,Coordinator,2024-11-25,28.3,88.17,2495.21,PO-01151,28.8,2539.3,OVER_CLAIMED,-0.5,Sales,CC006,MS-SQL-SERVER,ORACLE-GL,2024-11
TS-00830,EMP-0028,Developer,2024-04-29,40.2,98.94,3977.39,PO-01070,35.1,3472.79,MATCHED,0.0,HR,CC005,MS-SQL-SERVER,ORACLE-GL,2024-04
TS-00831,EMP-0020,Manager,2024-05-13,32.5,93.81,3048.83,PO-01028,30.6,2870.59,PARTIAL,1.9,Operations,CC005,MS-SQL-SERVER,ORACLE-GL,2024-05
TS-00832,EMP-0010,Analyst,2024-04-08,41.1,45.8,1882.38,PO-01179,50.2,2299.16,UNMATCHED,-9.1,Sales,CC005,MS-SQL-SERVER,ORACLE-GL,2024-04
TS-00833,EMP-0006,Consultant,2024-06-10,30.3,62.99,1908.6,PO-01042,31.6,1990.48,MATCHED,0.0,Sales,CC004,MS-SQL-SERVER,ORACLE-GL,2024-06
TS-00834,EMP-0026,Developer,2024-10-21,21.7,54.83,1189.81,PO-01040,29.5,1617.48,UNMATCHED,-7.8,IT,CC004,MS-SQL-SERVER,ORACLE-GL,2024-10
TS-00835,EMP-0032,Developer,2024-01-08,28.3,60.19,1703.38,PO-01151,24.5,1474.65,UNMATCHED,3.8,Operations,CC004,MS-SQL-SERVER,ORACLE-GL,2024-01
TS-00836,EMP-0022,Consultant,2024-07-08,41.2,52.21,2151.05,PO-01154,43.4,2265.91,MATCHED,0.0,HR,CC005,MS-SQL-SERVER,ORACLE-GL,2024-07
TS-00837,EMP-0001,Consultant,2024-06-17,41.3,34.56,1427.33,PO-01139,32.9,1137.02,OVER_CLAIMED,8.4,IT,CC004,MS-SQL-SERVER,ORACLE-GL,2024-06
TS-00838,EMP-0004,Analyst,2024-02-05,43.4,100.39,4356.93,PO-01121,47.3,4748.45,MATCHED,0.0,Operations,CC001,MS-SQL-SERVER,ORACLE-GL,2024-02
TS-00839,EMP-0023,Coordinator,2024-02-26,27.3,105.14,2870.32,PO-01147,30.9,3248.83,OVER_CLAIMED,-3.6,Finance,CC001,MS-SQL-SERVER,ORACLE-GL,2024-02
TS-00840,EMP-0006,Analyst,2024-03-11,42.3,56.36,2384.03,PO-01158,33.1,1865.52,PARTIAL,9.2,Finance,CC002,MS-SQL-SERVER,ORACLE-GL,2024-03
TS-00841,EMP-0018,Engineer,2024-12-16,24.2,62.13,1503.55,PO-01075,34.1,2118.63,MATCHED,0.0,Sales,CC005,MS-SQL-SERVER,ORACLE-GL,2024-12
TS-00842,EMP-0017,Consultant,2024-01-29,40.8,52.02,2122.42,PO-01165,32.1,1669.84,PARTIAL,8.7,Procurement,CC005,MS-SQL-SERVER,ORACLE-GL,2024-01
TS-00843,EMP-0022,Coordinator,2024-02-12,32.4,46.26,1498.82,PO-01042,28.1,1299.91,UNMATCHED,4.3,Procurement,CC004,MS-SQL-SERVER,ORACLE-GL,2024-02
TS-00844,EMP-0046,Developer,2024-12-23,31.3,115.41,3612.33,PO-01108,27.4,3162.23,OVER_CLAIMED,3.9,Operations,CC003,MS-SQL-SERVER,ORACLE-GL,2024-12
TS-00845,EMP-0003,Analyst,2024-10-21,28.2,47.86,1349.65,PO-01016,21.2,1014.63,MATCHED,0.0,Sales,CC001,MS-SQL-SERVER,ORACLE-GL,2024-10
TS-00846,EMP-0019,Manager,2024-03-04,22.7,67.65,1535.65,PO-01177,15.7,1062.11,MATCHED,0.0,HR,CC005,MS-SQL-SERVER,ORACLE-GL,2024-03
TS-00847,EMP-0043,Coordinator,2024-04-15,38.0,66.36,2521.68,PO-01142,30.5,2023.98,OVER_CLAIMED,7.5,Procurement,CC005,MS-SQL-SERVER,ORACLE-GL,2024-04
TS-00848,EMP-0024,Consultant,2024-05-13,43.4,44.93,1949.96,PO-01101,42.9,1927.5,MATCHED,0.0,Operations,CC003,MS-SQL-SERVER,ORACLE-GL,2024-05
TS-00849,EMP-0012,Developer,2024-01-29,21.2,104.91,2224.09,PO-01119,27.3,2864.04,UNMATCHED,-6.1,Procurement,CC004,MS-SQL-SERVER,ORACLE-GL,2024-01
TS-00850,EMP-0048,Coordinator,2024-12-16,37.7,55.74,2101.4,PO-01109,30.4,1694.5,MATCHED,0.0,Procurement,CC003,MS-SQL-SERVER,ORACLE-GL,2024-12
TS-00851,EMP-0017,Developer,2024-12-02,34.2,91.49,3128.96,PO-01024,24.3,2223.21,MATCHED,0.0,IT,CC003,MS-SQL-SERVER,ORACLE-GL,2024-12
TS-00852,EMP-0018,Consultant,2024-03-04,21.1,38.33,808.76,PO-01185,21.4,820.26,UNMATCHED,-0.3,Operations,CC004,MS-SQL-SERVER,ORACLE-GL,2024-03
TS-00853,EMP-0024,Manager,2024-01-15,39.3,85.0,3340.5,PO-01001,43.5,3697.5,PARTIAL,-4.2,Finance,CC004,MS-SQL-SERVER,ORACLE-GL,2024-01
TS-00854,EMP-0044,Coordinator,2024-12-09,40.6,72.6,2947.56,PO-01189,34.8,2526.48,MATCHED,0.0,Procurement,CC005,MS-SQL-SERVER,ORACLE-GL,2024-12
TS-00855,EMP-0040,Consultant,2024-04-29,33.3,109.51,3646.68,PO-01112,43.2,4730.83,PARTIAL,-9.9,Procurement,CC001,MS-SQL-SERVER,ORACLE-GL,2024-04
TS-00856,EMP-0003,Manager,2024-07-22,44.1,81.14,3578.27,PO-01086,39.9,3237.49,UNMATCHED,4.2,Finance,CC004,MS-SQL-SERVER,ORACLE-GL,2024-07
TS-00857,EMP-0030,Engineer,2024-09-16,35.7,100.22,3577.85,PO-01147,35.2,3527.74,UNMATCHED,0.5,Operations,CC003,MS-SQL-SERVER,ORACLE-GL,2024-09
TS-00858,EMP-0015,Coordinator,2024-09-16,25.6,50.15,1283.84,PO-01149,33.4,1675.01,MATCHED,0.0,HR,CC004,MS-SQL-SERVER,ORACLE-GL,2024-09
TS-00859,EMP-0016,Developer,2024-04-22,20.1,46.78,940.28,PO-01001,14.5,678.31,UNMATCHED,5.6,IT,CC001,MS-SQL-SERVER,ORACLE-GL,2024-04
TS-00860,EMP-0027,Analyst,2024-01-29,40.1,51.0,2045.1,PO-01129,46.4,2366.4,PARTIAL,-6.3,Procurement,CC006,MS-SQL-SERVER,ORACLE-GL,2024-01
TS-00861,EMP-0014,Engineer,2024-12-16,27.7,82.02,2271.95,PO-01170,18.7,1533.77,PARTIAL,9.0,Sales,CC003,MS-SQL-SERVER,ORACLE-GL,2024-12
TS-00862,EMP-0047,Manager,2024-12-09,22.9,47.31,1083.4,PO-01046,32.7,1547.04,PARTIAL,-9.8,Sales,CC006,MS-SQL-SERVER,ORACLE-GL,2024-12
TS-00863,EMP-0031,Analyst,2024-03-25,20.4,65.8,1342.32,PO-01026,17.0,1118.6,MATCHED,0.0,Operations,CC006,MS-SQL-SERVER,ORACLE-GL,2024-03
TS-00864,EMP-0011,Developer,2024-11-18,26.5,87.46,2317.69,PO-01053,29.9,2615.05,UNMATCHED,-3.4,Procurement,CC002,MS-SQL-SERVER,ORACLE-GL,2024-11
TS-00865,EMP-0045,Engineer,2024-06-10,22.4,113.52,2542.85,PO-01164,18.6,2111.47,PARTIAL,3.8,Finance,CC001,MS-SQL-SERVER,ORACLE-GL,2024-06
TS-00866,EMP-0005,Manager,2024-03-04,41.8,106.04,4432.47,PO-01046,31.9,3382.68,MATCHED,0.0,Finance,CC004,MS-SQL-SERVER,ORACLE-GL,2024-03
TS-00867,EMP-0033,Analyst,2024-05-27,23.0,97.77,2248.71,PO-01124,28.6,2796.22,UNMATCHED,-5.6,Procurement,CC005,MS-SQL-SERVER,ORACLE-GL,2024-05
TS-00868,EMP-0025,Consultant,2024-04-29,39.6,58.84,2330.06,PO-01140,31.4,1847.58,MATCHED,0.0,HR,CC006,MS-SQL-SERVER,ORACLE-GL,2024-04
TS-00869,EMP-0005,Consultant,2024-01-08,42.8,83.93,3592.2,PO-01038,52.2,4381.15,MATCHED,0.0,HR,CC002,MS-SQL-SERVER,ORACLE-GL,2024-01
TS-00870,EMP-0023,Analyst,2024-08-19,40.4,75.81,3062.72,PO-01088,40.0,3032.4,OVER_CLAIMED,0.4,IT,CC004,MS-SQL-SERVER,ORACLE-GL,2024-08
TS-00871,EMP-0013,Engineer,2024-02-12,40.2,98.71,3968.14,PO-01164,38.2,3770.72,MATCHED,0.0,IT,CC005,MS-SQL-SERVER,ORACLE-GL,2024-02
TS-00872,EMP-0050,Developer,2024-11-25,37.4,117.73,4403.1,PO-01143,42.3,4979.98,OVER_CLAIMED,-4.9,IT,CC004,MS-SQL-SERVER,ORACLE-GL,2024-11
TS-00873,EMP-0013,Analyst,2024-05-20,36.1,43.92,1585.51,PO-01147,26.9,1181.45,UNMATCHED,9.2,HR,CC001,MS-SQL-SERVER,ORACLE-GL,2024-05
TS-00874,EMP-0021,Developer,2024-10-21,43.3,86.63,3751.08,PO-01022,41.6,3603.81,MATCHED,0.0,Operations,CC001,MS-SQL-SERVER,ORACLE-GL,2024-10
TS-00875,EMP-0032,Engineer,2024-09-23,33.0,97.78,3226.74,PO-01142,34.9,3412.52,UNMATCHED,-1.9,Procurement,CC003,MS-SQL-SERVER,ORACLE-GL,2024-09
TS-00876,EMP-0016,Manager,2024-02-19,35.6,28.09,1000.0,PO-01138,42.3,1188.21,MATCHED,0.0,IT,CC003,MS-SQL-SERVER,ORACLE-GL,2024-02
TS-00877,EMP-0045,Manager,2024-01-15,41.5,30.22,1254.13,PO-01098,37.5,1133.25,MATCHED,0.0,Operations,CC003,MS-SQL-SERVER,ORACLE-GL,2024-01
TS-00878,EMP-0005,Developer,2024-05-27,41.2,118.22,4870.66,PO-01079,50.7,5993.75,MATCHED,0.0,Procurement,CC003,MS-SQL-SERVER,ORACLE-GL,2024-05
TS-00879,EMP-0006,Consultant,2024-07-01,20.6,118.22,2435.33,PO-01135,17.2,2033.38,OVER_CLAIMED,3.4,Sales,CC005,MS-SQL-SERVER,ORACLE-GL,2024-07
TS-00880,EMP-0021,Analyst,2024-02-12,29.1,34.04,990.56,PO-01047,24.4,830.58,MATCHED,0.0,Sales,CC002,MS-SQL-SERVER,ORACLE-GL,2024-02
TS-00881,EMP-0049,Engineer,2024-09-16,40.0,46.99,1879.6,PO-01021,35.5,1668.14,PARTIAL,4.5,Procurement,CC005,MS-SQL-SERVER,ORACLE-GL,2024-09
TS-00882,EMP-0020,Analyst,2024-09-09,41.8,76.88,3213.58,PO-01104,49.9,3836.31,OVER_CLAIMED,-8.1,Finance,CC003,MS-SQL-SERVER,ORACLE-GL,2024-09
TS-00883,EMP-0005,Analyst,2024-07-01,22.3,56.66,1263.52,PO-01151,27.1,1535.49,MATCHED,0.0,Finance,CC001,MS-SQL-SERVER,ORACLE-GL,2024-07
TS-00884,EMP-0017,Consultant,2024-07-29,21.1,101.9,2150.09,PO-01152,19.2,1956.48,MATCHED,0.0,Sales,CC002,MS-SQL-SERVER,ORACLE-GL,2024-07
TS-00885,EMP-0007,Coordinator,2024-02-05,28.4,42.59,1209.56,PO-01005,36.8,1567.31,OVER_CLAIMED,-8.4,IT,CC002,MS-SQL-SERVER,ORACLE-GL,2024-02
TS-00886,EMP-0033,Consultant,2024-11-18,37.7,41.09,1549.09,PO-01105,46.8,1923.01,OVER_CLAIMED,-9.1,Finance,CC006,MS-SQL-SERVER,ORACLE-GL,2024-11
TS-00887,EMP-0032,Engineer,2024-08-19,41.9,79.79,3343.2,PO-01061,46.5,3710.24,MATCHED,0.0,Finance,CC004,MS-SQL-SERVER,ORACLE-GL,2024-08
TS-00888,EMP-0023,Consultant,2024-04-01,35.3,61.9,2185.07,PO-01104,41.8,2587.42,MATCHED,0.0,Sales,CC004,MS-SQL-SERVER,ORACLE-GL,2024-04
TS-00889,EMP-0046,Developer,2024-09-16,27.2,48.66,1323.55,PO-01066,34.3,1669.04,MATCHED,0.0,Procurement,CC005,MS-SQL-SERVER,ORACLE-GL,2024-09
TS-00890,EMP-0017,Coordinator,2024-08-05,20.0,35.89,717.8,PO-01033,21.8,782.4,OVER_CLAIMED,-1.8,Sales,CC002,MS-SQL-SERVER,ORACLE-GL,2024-08
TS-00891,EMP-0003,Consultant,2024-10-14,34.5,116.88,4032.36,PO-01064,29.5,3447.96,OVER_CLAIMED,5.0,Procurement,CC001,MS-SQL-SERVER,ORACLE-GL,2024-10
TS-00892,EMP-0008,Engineer,2024-11-18,21.8,62.5,1362.5,PO-01001,31.1,1943.75,MATCHED,0.0,Procurement,CC002,MS-SQL-SERVER,ORACLE-GL,2024-11
TS-00893,EMP-0014,Developer,2024-11-11,22.8,91.14,2077.99,PO-01037,21.1,1923.05,MATCHED,0.0,Operations,CC006,MS-SQL-SERVER,ORACLE-GL,2024-11
TS-00894,EMP-0025,Coordinator,2024-10-14,39.6,107.54,4258.58,PO-01133,36.1,3882.19,UNMATCHED,3.5,Procurement,CC003,MS-SQL-SERVER,ORACLE-GL,2024-10
TS-00895,EMP-0023,Consultant,2024-07-15,36.6,106.49,3897.53,PO-01171,29.5,3141.45,UNMATCHED,7.1,Procurement,CC002,MS-SQL-SERVER,ORACLE-GL,2024-07
TS-00896,EMP-0028,Developer,2024-08-05,32.2,51.02,1642.84,PO-01041,23.2,1183.66,MATCHED,0.0,Finance,CC001,MS-SQL-SERVER,ORACLE-GL,2024-08
TS-00897,EMP-0010,Manager,2024-11-25,31.5,52.46,1652.49,PO-01072,29.8,1563.31,MATCHED,0.0,Operations,CC004,MS-SQL-SERVER,ORACLE-GL,2024-11
TS-00898,EMP-0030,Manager,2024-12-09,20.3,99.64,2022.69,PO-01078,20.9,2082.48,PARTIAL,-0.6,Procurement,CC002,MS-SQL-SERVER,ORACLE-GL,2024-12
TS-00899,EMP-0018,Consultant,2024-07-15,25.0,107.07,2676.75,PO-01123,31.8,3404.83,UNMATCHED,-6.8,Operations,CC004,MS-SQL-SERVER,ORACLE-GL,2024-07
TS-00900,EMP-0036,Engineer,2024-02-26,20.4,47.27,964.31,PO-01165,20.1,950.13,MATCHED,0.0,Operations,CC001,MS-SQL-SERVER,ORACLE-GL,2024-02
TS-00901,EMP-0043,Engineer,2024-04-29,38.0,74.59,2834.42,PO-01080,41.8,3117.86,MATCHED,0.0,Procurement,CC004,MS-SQL-SERVER,ORACLE-GL,2024-04
TS-00902,EMP-0017,Consultant,2024-01-08,21.6,115.93,2504.09,PO-01194,13.7,1588.24,MATCHED,0.0,Procurement,CC005,MS-SQL-SERVER,ORACLE-GL,2024-01
TS-00903,EMP-0032,Engineer,2024-09-30,34.4,112.82,3881.01,PO-01001,42.8,4828.7,OVER_CLAIMED,-8.4,Operations,CC001,MS-SQL-SERVER,ORACLE-GL,2024-09
TS-00904,EMP-0001,Developer,2024-05-20,39.2,98.12,3846.3,PO-01050,37.6,3689.31,MATCHED,0.0,Operations,CC001,MS-SQL-SERVER,ORACLE-GL,2024-05
TS-00905,EMP-0038,Consultant,2024-11-18,27.7,97.6,2703.52,PO-01161,22.7,2215.52,MATCHED,0.0,IT,CC006,MS-SQL-SERVER,ORACLE-GL,2024-11
TS-00906,EMP-0013,Consultant,2024-09-23,34.1,58.9,2008.49,PO-01084,31.7,1867.13,PARTIAL,2.4,Finance,CC003,MS-SQL-SERVER,ORACLE-GL,2024-09
TS-00907,EMP-0028,Engineer,2024-06-03,31.8,47.91,1523.54,PO-01005,28.5,1365.43,MATCHED,0.0,Procurement,CC001,MS-SQL-SERVER,ORACLE-GL,2024-06
TS-00908,EMP-0014,Developer,2024-02-12,34.1,38.01,1296.14,PO-01106,32.3,1227.72,MATCHED,0.0,Sales,CC006,MS-SQL-SERVER,ORACLE-GL,2024-02
TS-00909,EMP-0009,Consultant,2024-01-29,22.6,119.03,2690.08,PO-01189,23.6,2809.11,OVER_CLAIMED,-1.0,Operations,CC002,MS-SQL-SERVER,ORACLE-GL,2024-01
TS-00910,EMP-0008,Manager,2024-06-10,22.4,49.36,1105.66,PO-01165,30.8,1520.29,UNMATCHED,-8.4,Sales,CC004,MS-SQL-SERVER,ORACLE-GL,2024-06
TS-00911,EMP-0017,Engineer,2024-04-01,22.3,112.74,2514.1,PO-01138,24.5,2762.13,MATCHED,0.0,Procurement,CC006,MS-SQL-SERVER,ORACLE-GL,2024-04
TS-00912,EMP-0043,Coordinator,2024-12-02,26.0,70.22,1825.72,PO-01187,21.5,1509.73,MATCHED,0.0,Finance,CC004,MS-SQL-SERVER,ORACLE-GL,2024-12
TS-00913,EMP-0038,Consultant,2024-04-01,39.9,109.31,4361.47,PO-01148,31.9,3486.99,PARTIAL,8.0,HR,CC001,MS-SQL-SERVER,ORACLE-GL,2024-04
TS-00914,EMP-0045,Consultant,2024-07-08,37.4,113.79,4255.75,PO-01007,42.5,4836.07,PARTIAL,-5.1,Procurement,CC001,MS-SQL-SERVER,ORACLE-GL,2024-07
TS-00915,EMP-0015,Coordinator,2024-10-07,34.3,88.39,3031.78,PO-01012,28.2,2492.6,MATCHED,0.0,Procurement,CC002,MS-SQL-SERVER,ORACLE-GL,2024-10
TS-00916,EMP-0043,Developer,2024-03-25,40.7,43.78,1781.85,PO-01058,36.6,1602.35,MATCHED,0.0,Sales,CC002,MS-SQL-SERVER,ORACLE-GL,2024-03
TS-00917,EMP-0049,Manager,2024-01-15,22.9,111.66,2557.01,PO-01176,17.0,1898.22,OVER_CLAIMED,5.9,IT,CC002,MS-SQL-SERVER,ORACLE-GL,2024-01
TS-00918,EMP-0011,Manager,2024-11-04,21.6,110.61,2389.18,PO-01009,21.1,2333.87,MATCHED,0.0,Sales,CC002,MS-SQL-SERVER,ORACLE-GL,2024-11
TS-00919,EMP-0014,Analyst,2024-10-28,41.1,64.93,2668.62,PO-01040,32.8,2129.7,MATCHED,0.0,IT,CC001,MS-SQL-SERVER,ORACLE-GL,2024-10
TS-00920,EMP-0046,Engineer,2024-07-08,25.7,102.2,2626.54,PO-01174,21.0,2146.2,PARTIAL,4.7,Sales,CC005,MS-SQL-SERVER,ORACLE-GL,2024-07
TS-00921,EMP-0035,Coordinator,2024-09-16,44.6,109.21,4870.77,PO-01146,37.7,4117.22,PARTIAL,6.9,Operations,CC004,MS-SQL-SERVER,ORACLE-GL,2024-09
TS-00922,EMP-0017,Engineer,2024-07-08,24.3,104.49,2539.11,PO-01055,23.2,2424.17,MATCHED,0.0,Procurement,CC001,MS-SQL-SERVER,ORACLE-GL,2024-07
TS-00923,EMP-0038,Analyst,2024-03-25,30.1,60.67,1826.17,PO-01178,30.8,1868.64,MATCHED,0.0,Operations,CC001,MS-SQL-SERVER,ORACLE-GL,2024-03
TS-00924,EMP-0031,Developer,2024-04-08,38.4,75.69,2906.5,PO-01167,45.5,3443.89,PARTIAL,-7.1,Sales,CC006,MS-SQL-SERVER,ORACLE-GL,2024-04
TS-00925,EMP-0009,Consultant,2024-11-25,40.4,30.02,1212.81,PO-01013,34.0,1020.68,MATCHED,0.0,Sales,CC005,MS-SQL-SERVER,ORACLE-GL,2024-11
TS-00926,EMP-0034,Engineer,2024-08-26,42.1,47.94,2018.27,PO-01024,43.1,2066.21,MATCHED,0.0,HR,CC003,MS-SQL-SERVER,ORACLE-GL,2024-08
TS-00927,EMP-0014,Consultant,2024-05-27,33.7,103.67,3493.68,PO-01057,24.6,2550.28,UNMATCHED,9.1,Procurement,CC006,MS-SQL-SERVER,ORACLE-GL,2024-05
TS-00928,EMP-0041,Engineer,2024-02-05,32.9,84.36,2775.44,PO-01021,24.3,2049.95,OVER_CLAIMED,8.6,Procurement,CC003,MS-SQL-SERVER,ORACLE-GL,2024-02
TS-00929,EMP-0003,Analyst,2024-07-22,24.1,51.25,1235.12,PO-01200,31.0,1588.75,MATCHED,0.0,Finance,CC006,MS-SQL-SERVER,ORACLE-GL,2024-07
TS-00930,EMP-0011,Coordinator,2024-11-04,20.6,101.91,2099.35,PO-01164,11.2,1141.39,MATCHED,0.0,Sales,CC001,MS-SQL-SERVER,ORACLE-GL,2024-11
TS-00931,EMP-0035,Coordinator,2024-02-05,37.2,70.67,2628.92,PO-01096,43.3,3060.01,UNMATCHED,-6.1,Finance,CC006,MS-SQL-SERVER,ORACLE-GL,2024-02
TS-00932,EMP-0021,Developer,2024-11-25,44.2,27.45,1213.29,PO-01173,37.2,1021.14,MATCHED,0.0,Finance,CC005,MS-SQL-SERVER,ORACLE-GL,2024-11
TS-00933,EMP-0010,Engineer,2024-10-14,27.2,52.75,1434.8,PO-01172,20.4,1076.1,PARTIAL,6.8,Sales,CC005,MS-SQL-SERVER,ORACLE-GL,2024-10
TS-00934,EMP-0012,Manager,2024-07-29,27.2,74.61,2029.39,PO-01129,32.6,2432.29,MATCHED,0.0,Sales,CC001,MS-SQL-SERVER,ORACLE-GL,2024-07
TS-00935,EMP-0003,Engineer,2024-05-20,29.5,28.84,850.78,PO-01013,28.2,813.29,MATCHED,0.0,Finance,CC006,MS-SQL-SERVER,ORACLE-GL,2024-05
TS-00936,EMP-0024,Coordinator,2024-04-22,42.1,60.9,2563.89,PO-01133,44.8,2728.32,MATCHED,0.0,HR,CC005,MS-SQL-SERVER,ORACLE-GL,2024-04
TS-00937,EMP-0018,Engineer,2024-03-04,30.1,78.49,2362.55,PO-01059,24.8,1946.55,MATCHED,0.0,HR,CC003,MS-SQL-SERVER,ORACLE-GL,2024-03
TS-00938,EMP-0025,Coordinator,2024-10-21,21.2,54.46,1154.55,PO-01011,14.6,795.12,PARTIAL,6.6,Sales,CC006,MS-SQL-SERVER,ORACLE-GL,2024-10
TS-00939,EMP-0039,Engineer,2024-01-15,35.6,30.04,1069.42,PO-01143,29.8,895.19,UNMATCHED,5.8,IT,CC005,MS-SQL-SERVER,ORACLE-GL,2024-01
TS-00940,EMP-0034,Consultant,2024-06-03,39.7,26.61,1056.42,PO-01033,42.2,1122.94,OVER_CLAIMED,-2.5,Finance,CC001,MS-SQL-SERVER,ORACLE-GL,2024-06
TS-00941,EMP-0034,Analyst,2024-04-29,40.0,113.17,4526.8,PO-01143,47.3,5352.94,MATCHED,0.0,Sales,CC006,MS-SQL-SERVER,ORACLE-GL,2024-04
TS-00942,EMP-0012,Engineer,2024-01-01,26.5,94.66,2508.49,PO-01122,35.7,3379.36,OVER_CLAIMED,-9.2,IT,CC002,MS-SQL-SERVER,ORACLE-GL,2024-01
TS-00943,EMP-0005,Developer,2024-08-19,24.8,93.23,2312.1,PO-01069,18.6,1734.08,OVER_CLAIMED,6.2,Operations,CC002,MS-SQL-SERVER,ORACLE-GL,2024-08
TS-00944,EMP-0047,Consultant,2024-10-28,21.6,91.18,1969.49,PO-01134,24.0,2188.32,MATCHED,0.0,Sales,CC006,MS-SQL-SERVER,ORACLE-GL,2024-10
TS-00945,EMP-0016,Developer,2024-10-21,36.7,54.21,1989.51,PO-01194,32.7,1772.67,MATCHED,0.0,Procurement,CC002,MS-SQL-SERVER,ORACLE-GL,2024-10
TS-00946,EMP-0020,Manager,2024-06-10,38.1,105.28,4011.17,PO-01022,36.7,3863.78,MATCHED,0.0,IT,CC001,MS-SQL-SERVER,ORACLE-GL,2024-06
TS-00947,EMP-0049,Manager,2024-06-17,27.3,118.31,3229.86,PO-01194,25.1,2969.58,MATCHED,0.0,HR,CC001,MS-SQL-SERVER,ORACLE-GL,2024-06
TS-00948,EMP-0035,Coordinator,2024-03-18,30.1,46.76,1407.48,PO-01048,33.6,1571.14,MATCHED,0.0,HR,CC002,MS-SQL-SERVER,ORACLE-GL,2024-03
TS-00949,EMP-0018,Manager,2024-11-18,20.6,33.04,680.62,PO-01132,18.1,598.02,UNMATCHED,2.5,Sales,CC005,MS-SQL-SERVER,ORACLE-GL,2024-11
TS-00950,EMP-0024,Consultant,2024-08-12,42.9,27.14,1164.31,PO-01143,37.4,1015.04,MATCHED,0.0,Procurement,CC005,MS-SQL-SERVER,ORACLE-GL,2024-08
TS-00951,EMP-0030,Engineer,2024-08-19,24.5,118.32,2898.84,PO-01179,21.1,2496.55,MATCHED,0.0,Finance,CC006,MS-SQL-SERVER,ORACLE-GL,2024-08
TS-00952,EMP-0016,Consultant,2024-11-04,28.5,52.52,1496.82,PO-01056,31.3,1643.88,MATCHED,0.0,Operations,CC003,MS-SQL-SERVER,ORACLE-GL,2024-11
TS-00953,EMP-0008,Developer,2024-03-25,40.7,49.48,2013.84,PO-01187,37.0,1830.76,OVER_CLAIMED,3.7,Operations,CC002,MS-SQL-SERVER,ORACLE-GL,2024-03
TS-00954,EMP-0030,Coordinator,2024-12-23,22.6,33.98,767.95,PO-01032,24.6,835.91,PARTIAL,-2.0,Sales,CC001,MS-SQL-SERVER,ORACLE-GL,2024-12
TS-00955,EMP-0013,Developer,2024-09-23,44.4,47.9,2126.76,PO-01056,36.2,1733.98,OVER_CLAIMED,8.2,Operations,CC004,MS-SQL-SERVER,ORACLE-GL,2024-09
TS-00956,EMP-0047,Analyst,2024-10-14,28.1,46.44,1304.96,PO-01022,35.7,1657.91,MATCHED,0.0,Sales,CC005,MS-SQL-SERVER,ORACLE-GL,2024-10
TS-00957,EMP-0033,Developer,2024-08-05,39.0,56.11,2188.29,PO-01200,36.8,2064.85,UNMATCHED,2.2,Sales,CC006,MS-SQL-SERVER,ORACLE-GL,2024-08
TS-00958,EMP-0002,Engineer,2024-08-19,42.3,26.01,1100.22,PO-01028,36.0,936.36,MATCHED,0.0,HR,CC004,MS-SQL-SERVER,ORACLE-GL,2024-08
TS-00959,EMP-0016,Coordinator,2024-02-19,33.7,104.57,3524.01,PO-01097,34.2,3576.29,MATCHED,0.0,HR,CC004,MS-SQL-SERVER,ORACLE-GL,2024-02
TS-00960,EMP-0008,Coordinator,2024-10-07,37.6,50.07,1882.63,PO-01107,33.3,1667.33,PARTIAL,4.3,Finance,CC005,MS-SQL-SERVER,ORACLE-GL,2024-10
TS-00961,EMP-0004,Analyst,2024-10-28,25.3,59.95,1516.74,PO-01080,31.1,1864.45,MATCHED,0.0,Sales,CC001,MS-SQL-SERVER,ORACLE-GL,2024-10
TS-00962,EMP-0007,Engineer,2024-12-23,23.1,74.97,1731.81,PO-01075,28.5,2136.64,MATCHED,0.0,Operations,CC002,MS-SQL-SERVER,ORACLE-GL,2024-12
TS-00963,EMP-0049,Developer,2024-06-24,33.2,57.58,1911.66,PO-01050,23.7,1364.65,MATCHED,0.0,Operations,CC006,MS-SQL-SERVER,ORACLE-GL,2024-06
TS-00964,EMP-0016,Developer,2024-03-11,43.5,82.62,3593.97,PO-01071,43.6,3602.23,MATCHED,0.0,HR,CC003,MS-SQL-SERVER,ORACLE-GL,2024-03
TS-00965,EMP-0047,Manager,2024-07-01,21.9,49.24,1078.36,PO-01034,12.6,620.42,OVER_CLAIMED,9.3,Sales,CC005,MS-SQL-SERVER,ORACLE-GL,2024-07
TS-00966,EMP-0050,Manager,2024-07-01,43.5,29.07,1264.55,PO-01061,40.8,1186.06,MATCHED,0.0,IT,CC004,MS-SQL-SERVER,ORACLE-GL,2024-07
TS-00967,EMP-0007,Analyst,2024-07-08,30.9,100.12,3093.71,PO-01192,21.8,2182.62,OVER_CLAIMED,9.1,Operations,CC004,MS-SQL-SERVER,ORACLE-GL,2024-07
TS-00968,EMP-0034,Consultant,2024-12-09,41.2,114.19,4704.63,PO-01093,50.1,5720.92,MATCHED,0.0,IT,CC004,MS-SQL-SERVER,ORACLE-GL,2024-12
TS-00969,EMP-0044,Developer,2024-09-23,22.2,107.77,2392.49,PO-01019,12.7,1368.68,MATCHED,0.0,HR,CC006,MS-SQL-SERVER,ORACLE-GL,2024-09
TS-00970,EMP-0023,Analyst,2024-04-01,22.5,41.67,937.58,PO-01111,16.9,704.22,MATCHED,0.0,Sales,CC005,MS-SQL-SERVER,ORACLE-GL,2024-04
TS-00971,EMP-0028,Engineer,2024-03-18,30.9,35.33,1091.7,PO-01165,33.4,1180.02,UNMATCHED,-2.5,Operations,CC005,MS-SQL-SERVER,ORACLE-GL,2024-03
TS-00972,EMP-0008,Consultant,2024-04-01,44.6,103.98,4637.51,PO-01078,40.4,4200.79,MATCHED,0.0,Sales,CC001,MS-SQL-SERVER,ORACLE-GL,2024-04
TS-00973,EMP-0016,Developer,2024-12-16,33.2,67.51,2241.33,PO-01171,27.1,1829.52,MATCHED,0.0,Sales,CC006,MS-SQL-SERVER,ORACLE-GL,2024-12
TS-00974,EMP-0040,Coordinator,2024-08-19,23.4,29.38,687.49,PO-01032,18.1,531.78,MATCHED,0.0,Finance,CC001,MS-SQL-SERVER,ORACLE-GL,2024-08
TS-00975,EMP-0033,Manager,2024-10-21,29.3,90.66,2656.34,PO-01145,19.7,1786.0,MATCHED,0.0,Sales,CC006,MS-SQL-SERVER,ORACLE-GL,2024-10
TS-00976,EMP-0046,Developer,2024-01-29,40.1,52.15,2091.22,PO-01066,33.7,1757.46,MATCHED,0.0,Sales,CC002,MS-SQL-SERVER,ORACLE-GL,2024-01
TS-00977,EMP-0027,Engineer,2024-06-24,38.9,92.09,3582.3,PO-01147,41.4,3812.53,OVER_CLAIMED,-2.5,IT,CC006,MS-SQL-SERVER,ORACLE-GL,2024-06
TS-00978,EMP-0047,Coordinator,2024-05-06,40.8,85.97,3507.58,PO-01174,46.0,3954.62,OVER_CLAIMED,-5.2,IT,CC001,MS-SQL-SERVER,ORACLE-GL,2024-05
TS-00979,EMP-0041,Engineer,2024-08-19,27.4,75.85,2078.29,PO-01064,24.7,1873.49,UNMATCHED,2.7,Operations,CC003,MS-SQL-SERVER,ORACLE-GL,2024-08
TS-00980,EMP-0037,Engineer,2024-09-09,22.6,27.02,610.65,PO-01050,22.6,610.65,MATCHED,0.0,Operations,CC002,MS-SQL-SERVER,ORACLE-GL,2024-09
TS-00981,EMP-0050,Consultant,2024-02-12,24.6,99.13,2438.6,PO-01199,31.0,3073.03,MATCHED,0.0,IT,CC004,MS-SQL-SERVER,ORACLE-GL,2024-02
TS-00982,EMP-0002,Engineer,2024-09-09,34.0,114.07,3878.38,PO-01122,32.2,3673.05,OVER_CLAIMED,1.8,Operations,CC004,MS-SQL-SERVER,ORACLE-GL,2024-09
TS-00983,EMP-0042,Developer,2024-10-07,22.9,97.56,2234.12,PO-01045,32.3,3151.19,MATCHED,0.0,Procurement,CC002,MS-SQL-SERVER,ORACLE-GL,2024-10
TS-00984,EMP-0015,Manager,2024-05-13,34.0,119.5,4063.0,PO-01172,28.6,3417.7,PARTIAL,5.4,Procurement,CC005,MS-SQL-SERVER,ORACLE-GL,2024-05
TS-00985,EMP-0036,Analyst,2024-06-10,36.3,110.36,4006.07,PO-01073,36.7,4050.21,OVER_CLAIMED,-0.4,Finance,CC003,MS-SQL-SERVER,ORACLE-GL,2024-06
TS-00986,EMP-0037,Engineer,2024-07-01,42.2,36.19,1527.22,PO-01112,35.0,1266.65,OVER_CLAIMED,7.2,HR,CC001,MS-SQL-SERVER,ORACLE-GL,2024-07
TS-00987,EMP-0035,Coordinator,2024-09-02,40.1,99.49,3989.55,PO-01038,38.2,3800.52,MATCHED,0.0,IT,CC006,MS-SQL-SERVER,ORACLE-GL,2024-09
TS-00988,EMP-0027,Coordinator,2024-04-29,22.3,77.31,1724.01,PO-01019,23.8,1839.98,MATCHED,0.0,Operations,CC001,MS-SQL-SERVER,ORACLE-GL,2024-04
TS-00989,EMP-0010,Consultant,2024-09-02,32.0,65.47,2095.04,PO-01136,35.4,2317.64,OVER_CLAIMED,-3.4,HR,CC005,MS-SQL-SERVER,ORACLE-GL,2024-09
TS-00990,EMP-0050,Manager,2024-05-27,44.5,96.29,4284.91,PO-01103,39.5,3803.46,MATCHED,0.0,Sales,CC002,MS-SQL-SERVER,ORACLE-GL,2024-05
TS-00991,EMP-0041,Analyst,2024-04-15,34.7,98.45,3416.22,PO-01008,41.7,4105.37,MATCHED,0.0,Operations,CC004,MS-SQL-SERVER,ORACLE-GL,2024-04
TS-00992,EMP-0039,Developer,2024-12-02,25.6,25.62,655.87,PO-01100,32.6,835.21,UNMATCHED,-7.0,Finance,CC001,MS-SQL-SERVER,ORACLE-GL,2024-12
TS-00993,EMP-0006,Coordinator,2024-02-19,40.8,97.51,3978.41,PO-01050,40.9,3988.16,MATCHED,0.0,Sales,CC003,MS-SQL-SERVER,ORACLE-GL,2024-02
TS-00994,EMP-0042,Manager,2024-01-08,21.2,31.29,663.35,PO-01021,21.8,682.12,PARTIAL,-0.6,HR,CC006,MS-SQL-SERVER,ORACLE-GL,2024-01
TS-00995,EMP-0050,Consultant,2024-09-23,21.8,95.08,2072.74,PO-01162,12.9,1226.53,UNMATCHED,8.9,Sales,CC002,MS-SQL-SERVER,ORACLE-GL,2024-09
TS-00996,EMP-0047,Manager,2024-09-16,43.7,86.0,3758.2,PO-01057,46.2,3973.2,MATCHED,0.0,Procurement,CC003,MS-SQL-SERVER,ORACLE-GL,2024-09
TS-00997,EMP-0026,Consultant,2024-04-29,20.4,72.05,1469.82,PO-01015,19.3,1390.57,MATCHED,0.0,Procurement,CC004,MS-SQL-SERVER,ORACLE-GL,2024-04
TS-00998,EMP-0039,Consultant,2024-02-26,38.2,97.48,3723.74,PO-01089,36.4,3548.27,MATCHED,0.0,Finance,CC005,MS-SQL-SERVER,ORACLE-GL,2024-02
TS-00999,EMP-0025,Analyst,2024-12-23,22.3,107.88,2405.72,PO-01042,26.8,2891.18,UNMATCHED,-4.5,Sales,CC006,MS-SQL-SERVER,ORACLE-GL,2024-12
TS-01000,EMP-0044,Engineer,2024-09-23,21.7,98.89,2145.91,PO-01068,12.2,1206.46,PARTIAL,9.5,Finance,CC002,MS-SQL-SERVER,ORACLE-GL,2024-09
